Commune,Wilaya,Statut,Pop_1998,Pop_2008,Taux_Croissance,Pop_2026,Pop_Tahat_2008,Taux_Activite_2008,Indicateur_Jeunesse_2008,Pop_Active_Est_2026,Jeunesse_Scolarisee_Est_2026,Zone_Sismique,Coef_Acceleration,Nombre_Total_Polices_assurances_seismes,Bien immobilier,Installation commerciale,Installation industrielle,Nb_Zones_Industrielles,Nb_Zones_Activite,Descriptions_ZI,Nb_Agences_GAM,Nb_Agences_Concurrents_Total,Nb_Agences_SAA,Nb_Agences_ALLIANCE,Nb_Agences_AXA,Nb_Agences_CAAR,Nb_Agences_CAAT,Nb_Agences_CASH,Nb_Agences_CIAR,Nb_Agences_TRUST,Concurrents_Noms,Has_GAM,Nb_Agences_GAM2,Capacite_Agences_Theorique,Deficit_Agences,Chiffre_Affaires_Potentiel_DA,Probabilite_Succes_%,Score_IA_Predictif,Lat_Commune,Lon_Commune,ar_name,post_code,Rank_National,Rank_Wilaya
El Bouni,Annaba,Commune,111956,125265,1.13,153334,9658,43.9,95.7,67314,146741,2,0.15,990,553,430,7,1,1,ZHUN / ZI,0,2,0,1,0,0,0,0,1,0,ALLIANCE|CIAR,0,0,10,8,50485500,100,100,36.8404084,7.6381562,البوني,23005,1,1
Es Sénia,Oran,Commune,64797,96928,4.11,200106,18397,45.8,93.3,91649,186699,2,0.15,194,145,46,3,1,1,ZI Es Senia,0,3,0,0,1,0,0,0,2,0,AXA|CIAR,0,0,13,10,68736750,100,100,35.5859,-0.618,السانية,31005,1,1
Djelfa,Djelfa,Province Capital,164126,289226,5.83,801946,92635,40.4,74.8,776770,1438178,4,0.25,14,10,3,1,1,1,ZI Djelfa,0,6,0,1,0,1,2,0,2,0,ALLIANCE|CAAR|CAAT|CIAR,0,0,53,47,582577500,100,99.37,34.6741226,3.2504381,الجلفة,17001,3,1
M'Sila,M'Sila,Province Capital,123059,156647,2.44,241868,,49.8,88.65,715809,11715,1,0.1,861,857,3,1,1,1,ZI M'sila,0,10,6,1,1,2,0,0,0,0,SAA|ALLIANCE|AXA|CAAR,0,0,16,6,536856750,100,95.42,35.70871,4.537141,,,4,1
Beni Mered,Blida,Commune,21457,34860,4.97,83501,13213,46.1,93.8,38494,78324,4,0.25,149,124,14,11,1,1,ZI Beni Mered,0,1,0,0,0,0,0,0,1,0,CIAR,0,0,5,4,28870500,94.4258867,90.52,36.5327654,2.8198593,بني مراد,9025,5,1
Ksar El Boukhari,Médéa,Commune,53637,67813,2.37,103428,3625,44.2,88.2,45715,91223,2,0.15,13,10,3,0,1,1,ZI ANIREF (200 ha),0,3,0,2,0,0,0,0,1,0,ALLIANCE|CIAR,0,0,6,3,34286250,84.63200526,84.24,35.8750361,2.6861545,قصر البخاري,26035,6,1
Bou Saâda,M'Sila,Commune,104336,125573,1.87,175278,23953,43.5,90.8,76246,159152,1,0.1,5,5,0,0,0,0,,0,2,0,0,0,0,1,0,1,0,CAAT|CIAR,0,0,11,9,57184500,70,69.83,35.2131065,4.0429152,بوسعادة,28020,7,2
Messaad,Djelfa,Commune,77754,102453,2.8,168333,4594,41.8,58.6,70363,98643,1,0.1,,,,,0,0,,0,0,0,0,0,0,0,0,0,0,,0,0,11,11,52772250,70,69.16,34.1658932,3.4682458,مسعد,17017,8,2
Rouissat,Ouargla,Commune,37814,58112,4.39,125942,39409,43.4,93.4,54659,117630,0,0,78,68,10,0,0,0,,0,0,0,0,0,0,0,0,0,0,,0,0,8,8,40994250,70,68.61,31.8694,5.3366,الرويسات,30005,9,1
Hassi Bahbah,Djelfa,Commune,61790,86421,3.41,158082,30913,40.6,85.5,64181,135160,1,0.1,1,1,0,0,0,0,,0,0,0,0,0,0,0,0,0,0,,0,0,10,10,48135750,70,68.34,35.0764297,2.9959141,حاسي بحبح,17004,10,3
Sougueur,Tiaret,Commune,64970,78956,1.97,112149,8325,45.2,88.3,50691,99028,1,0.1,16,10,4,2,0,0,,0,2,0,0,0,0,1,0,1,0,CAAT|CIAR,0,0,7,5,38018250,68.99679489,68.14,35.1812014,1.4648287,سوقر,14016,11,1
Oued Sly,Chlef,Commune,41245,47248,1.37,60340,47248,40.7,94.4,24558,56961,3,0.2,54,11,42,1,1,1,ZI Oued Sly,0,0,0,0,0,0,0,0,0,0,,0,0,4,4,18418500,89.2032765,68.02,36.0806537,1.1443351,واد سلي,2021,12,1
Aflou,Laghouat,Commune,53260,102025,6.72,328743,3129,40.3,90.6,132483,297841,1,0.1,14,14,0,0,0,0,,0,3,2,0,0,0,0,0,1,0,SAA|CIAR,0,0,21,18,99362250,70,66.27,34.1121156,2.0835167,أفلو,3019,13,1
Ouled Djellal,Biskra,Commune,45622,63237,3.32,113817,12032,40.7,80.1,46324,91167,0,0,3,3,0,0,0,0,,0,0,0,0,0,0,0,0,0,0,,0,0,7,7,34743000,67.36023212,65.85,34.4174639,4.9713028,أولاد جلال,7005,14,1
Chetouane,Tlemcen,Commune,35116,47600,3.09,82298,49150,44.9,95.9,36952,78924,1,0.1,5,5,0,0,0,1,ZA,0,0,0,0,0,0,0,0,0,0,,0,0,5,5,27714000,63.84801177,64.96,34.9175348,-1.3164927,شتوان,13050,15,1
Djamaa,El Oued,Commune,37438,50916,3.12,88558,59514,41.1,91.7,36397,81208,0,0,1,1,0,0,0,0,,0,0,0,0,0,0,0,0,0,0,,0,0,5,5,27297750,63.64002177,64.94,33.467,5.9903,جامعة,39028,16,1
Nezla,Ouargla,Commune,40524,51674,2.46,80035,20067,44.4,95,35536,76033,0,0,2,2,0,0,0,0,,0,0,0,0,0,0,0,0,0,0,,0,0,5,5,26652000,63.3173562,64.94,33.0167,6.0507,نزلة,30008,16,2
Béchar,Béchar,Province Capital,134954,165627,2.07,239460,4251,45.8,97.2,171055,363025,0,0,8,6,2,0,0,0,,0,7,0,1,0,1,1,0,3,1,ALLIANCE|CAAR|CAAT|CIAR|TRUST,0,0,15,8,128291250,70,64.68,31.5965368,-2.4145248,بشار,8001,18,1
Khemis El Khechna,Boumerdès,Commune,58573,75962,2.63,121287,48561,43.8,93.7,53124,113646,4,0.25,311,154,139,18,0,0,,0,2,0,0,0,0,0,0,2,0,CIAR,0,0,8,6,39843000,69.90857809,64.43,36.5858,3.3289,خميس الخشنة,35037,19,1
Kasdir,Naâma,Commune,1820,7492,15.2,95663,32518,45.2,92.2,43240,88201,1.5,0.125,,,,,0,0,,0,0,0,0,0,0,0,0,0,0,,0,0,6,6,32430000,66.20448228,64.23,33.6443,-1.3596,قصدير,45011,20,1
Aïn Sefra,Naâma,Commune,34962,52320,4.11,108093,7492,43,57.1,46480,61721,1,0.1,1,1,0,0,0,0,,0,1,1,0,0,0,0,0,0,0,SAA,0,0,7,6,34860000,67.41869418,63.33,32.6879,-0.585,عين الصفراء,45003,21,2
Hassi Bounif,Oran,Commune,44649,59671,2.94,100572,10882,45.2,91.2,45459,91722,2,0.15,50,45,5,0,0,0,,0,0,0,0,0,0,0,0,0,0,,0,0,6,6,34094250,67.03606753,63.17,35.635,-0.4999,حاسيْ بُونِيف,31004,22,2
Naâma,Naâma,Province Capital,8256,16251,7.01,54989,,38.4,89.35,156469,40505,1.5,0.125,,,,,0,0,,0,1,0,0,0,0,1,0,0,0,CAAT,0,0,3,2,117351750,45,63.06,33.195,-0.3131,النــعـامـة,45001,23,3
Tindouf,Tindouf,Province Capital,25266,45966,6.17,134976,,46,,66193,,,,,,,,0,0,,0,3,1,0,0,0,1,0,1,0,SAA|CAAT|CIAR,0,0,8,5,49644750,70,62.31,27.5972,-8.1491,تندوف,37001,24,1
Bordj El Bahri,El Djazaïr [Algiers],Commune,27905,52816,6.59,166539,51552,48.2,94.1,80272,156713,4,0.25,279,256,22,1,0,0,,0,6,3,2,0,0,0,0,1,0,SAA|ALLIANCE|CIAR,0,0,11,5,60204000,70,61.38,36.7880016,3.2321689,برج البحري,16039,25,1
El Guerrara,Ghardaïa,Commune,48313,59514,2.11,86620,21723,40.6,95.4,35168,82635,1,0.1,,,,,0,0,,0,0,0,0,0,0,0,0,0,0,,0,0,5,5,26376000,63.17944572,61.3,32.7226,4.4934,الڨرارة,47006,26,1
Ouled Slama,Blida,Commune,15956,29291,6.26,87416,36228,42.3,92.3,36977,80685,4,0.25,22,12,10,0,0,0,,0,0,0,0,0,0,0,0,0,0,,0,0,5,5,27732750,63.85738069,61.28,36.553458,3.115363,,,27,2
Oued Rhiou,Relizane,Commune,54435,64685,1.74,88241,30744,40.9,90.9,36091,80211,4,0.25,5,0,5,0,0,0,,0,0,0,0,0,0,0,0,0,0,,0,0,5,5,27068250,63.5253462,61.28,35.9035,0.9174,وادي رهيو,48002,27,1
Beni Tamou,Blida,Commune,22797,36228,4.74,83396,17297,42.7,92.6,35610,77225,4,0.25,96,73,15,8,0,0,,0,0,0,0,0,0,0,0,0,0,,0,0,5,5,26707500,63.3450882,61.28,36.5401306,2.7729529,بني تامو,9023,27,2
El Achour,El Djazaïr [Algiers],Commune,19524,41070,7.72,156619,12650,49,94.4,76743,147848,4,0.25,341,264,75,2,0,0,,0,7,1,3,2,1,0,0,0,0,SAA|ALLIANCE|AXA|CAAR,0,0,10,3,57557250,57.5,61.22,36.7269712,2.9530471,العاشور,16052,30,2
Bachdjerrah,El Djazaïr [Algiers],Commune,90073,93289,0.35,99370,35230,46,91.8,45710,91222,4,0.25,289,246,43,0,0,0,,0,2,0,1,0,0,0,0,1,0,ALLIANCE|CIAR,0,0,6,4,34282500,67.13013147,60.88,36.777677,3.060185,,,31,3
Ksar Chellala,Tiaret,Commune,40423,52753,2.7,85185,8181,45.6,73.1,38844,62270,1,0.1,1,1,0,0,0,0,,0,1,1,0,0,0,0,0,0,0,SAA,0,0,5,4,29133000,64.55705156,60.61,35.2197113,2.3002837,قصر الشلالة,14029,32,2
Méchria,Naâma,Commune,52898,66465,2.31,100247,5613,44.4,92.5,44510,92728,2,0.15,5,3,2,0,0,0,,0,1,1,0,0,0,0,0,0,0,SAA,0,0,6,5,33382500,66.68042336,60.53,33.4841,-0.2829,مشرية,45002,33,4
Meftah,Blida,Commune,52521,64978,2.15,95312,6543,43.9,96,41842,91500,3,0.2,53,38,10,5,0,0,,0,0,0,0,0,0,0,0,0,0,,0,0,6,6,31381500,65.68057233,60.4,36.6238272,3.1711838,مفتاح,9018,34,4
Draria,El Djazaïr [Algiers],Commune,23050,44141,6.71,142151,9287,49.1,82.1,69796,116706,4,0.25,417,334,83,0,0,0,,0,3,0,0,1,0,0,0,2,0,AXA|CIAR,0,0,9,6,52347000,70,59.58,36.7132847,2.9677778,درارية,16053,35,4
Chettia,Chlef,Commune,59960,71408,1.76,97800,71408,44.6,94.1,43619,92030,4,0.25,9,7,2,0,0,0,,0,0,0,0,0,0,0,0,0,0,,0,0,6,6,32714250,66.34651509,59.52,36.1782742,1.1791394,الشطية,2024,36,2
Tamalous,Skikda,Commune,39346,51262,2.68,82529,51262,44.4,93,36643,76752,2,0.15,5,4,1,0,0,0,,0,0,0,0,0,0,0,0,0,0,,0,0,5,5,27482250,63.73221194,59.52,36.8366625,6.6275453,تمالوس,21026,36,1
Sig,Mascara,Commune,60783,70499,1.49,92067,14600,43.4,80.6,39957,74206,2,0.15,17,16,1,0,0,0,,0,0,0,0,0,0,0,0,0,0,,0,0,6,6,29967750,64.97415584,59.52,35.4685,-0.184,سيڨ,29026,36,1
Oum El Bouaghi,Oum El Bouaghi,Province Capital,59962,80359,2.97,136119,,45,88.9,386820,11667,1,0.1,9,9,0,0,0,0,,0,6,1,1,1,1,0,0,2,0,SAA|ALLIANCE|AXA|CAAR|CIAR,0,0,9,3,290115000,57.5,58.87,35.8725963,7.0830052,أم البواقي,4001,39,1
Adrar,Adrar,Province Capital,43903,64781,3.97,130486,145696,44.9,94.5,280951,591312,0,0,24,18,6,0,0,0,,0,5,1,1,0,1,1,0,1,0,SAA|ALLIANCE|CAAR|CAAT|CIAR,0,0,8,3,210713250,57.5,58.71,27.9763317,-0.4841573,أدرار,1001,40,1
Hammedi,Boumerdès,Commune,27972,40546,3.78,79096,7122,45.7,96.4,36147,76249,4,0.25,119,67,40,12,0,0,,0,1,0,1,0,0,0,0,0,0,ALLIANCE,0,0,5,4,27110250,63.54633258,58.51,36.6144,3.2684,حمادى,35036,41,2
Barika,Batna,Commune,85670,104388,2,148981,2378,43.1,93.5,64211,139297,1,0.1,243,242,1,0,0,0,,0,6,1,0,1,2,1,0,1,0,SAA|AXA|CAAR|CAAT|CIAR,0,0,9,3,48158250,57.5,58.09,35.3698534,5.1424493,بريكة,5042,42,1
El Milia,Jijel,Commune,69163,78087,1.22,97151,78087,43,93.8,41775,91128,2,0.15,5,5,0,0,0,0,,0,2,0,0,0,1,0,0,1,0,CAAR|CIAR,0,0,6,4,31331250,65.65546363,57.76,36.7469209,6.2451046,الميلية,18009,43,1
Koléa,Tipaza,Commune,46158,54401,1.66,73123,10285,44.7,92.9,32686,67931,4,0.25,124,101,23,0,1,1,ZI Koléa,0,3,0,0,1,1,0,0,1,0,AXA|CAAR|CIAR,0,0,4,1,24514500,54.74929944,57.51,36.5769,2.7658,القليعة,42035,44,1
Taher,Jijel,Commune,67095,77367,1.43,99980,77367,43.7,95.7,43691,95681,2,0.15,2427,2426,1,0,0,0,,0,1,0,0,0,0,0,0,1,0,CIAR,0,0,6,5,32768250,66.37349758,56.75,36.7775912,5.8348749,الطاهير,18005,45,2
Aïn Arnat,Sétif,Commune,30129,43551,3.75,84532,13439,43.4,89.8,36687,75910,2,0.15,47,41,6,0,0,0,,0,2,0,1,0,0,0,0,1,0,ALLIANCE|CIAR,0,0,5,3,27515250,51.24870123,56.61,36.1756548,5.173013,عين أرنـات,19026,46,1
Aïn Merane,Chlef,Commune,37142,51326,3.29,91873,51326,37.5,90.6,34452,83237,4,0.25,9,4,5,0,0,0,,0,2,1,1,0,0,0,0,0,0,SAA|ALLIANCE,0,0,6,4,25839000,62.91111988,56.15,36.1625642,0.9651016,عين مران,2032,47,3
Tadjenanet,Mila,Commune,43151,53536,2.18,78927,53536,43.8,90.5,34570,71429,4,0.25,246,145,96,5,0,0,,0,1,1,0,0,0,0,0,0,0,SAA,0,0,5,4,25927500,62.95534117,56.02,36.0524,6.0013,تاجنانت,43008,48,1
Aïn Témouchent,Aïn Témouchent,Province Capital,57673,72940,2.38,111315,130094,46.8,91.5,217921,426063,2,0.15,12,12,0,0,0,0,,0,5,1,2,1,1,0,0,0,0,SAA|ALLIANCE|AXA|CAAR,0,0,7,2,163440750,45,55.99,35.2254,-1.1398,عـيـن تـمـوشـنـت,46001,49,1
Oued Smar,El Djazaïr [Algiers],Commune,21397,32062,4.13,66395,93289,47.8,93.3,31737,61947,4,0.25,144,75,61,8,1,1,ZI Oued Smar,0,3,2,1,0,0,0,0,0,0,SAA|ALLIANCE,0,0,4,1,23802750,54.39365527,55.53,36.7098628,3.1596368,وادي سمار,16015,50,5
Hamadi Krouma,Skikda,Commune,18805,30404,4.92,72196,30404,45.3,95.8,32705,69164,1,0.1,42,7,31,4,0,0,,0,0,0,0,0,0,0,0,0,0,,0,0,4,4,24528750,62.25641982,54.23,36.8471689,6.9208716,حمادي كرومة,21037,51,2
Larbaâ,Tissemsilt,Commune,2823,2560,-0.97,2147,34860,43.7,94.1,65904,141913,4,0.25,77,43,28,6,0,0,,0,0,0,0,0,0,0,0,0,0,,0,0,0,0,49428000,20,51.59,36.5787079,3.103324,الاربعاء,5061,52,1
Larbaâ,Blida,Commune,60482,83819,3.32,150811,34860,43.7,94.1,65904,141913,4,0.25,77,43,28,6,0,0,,0,0,0,0,0,0,0,0,0,0,,0,0,10,10,49428000,70,51.59,36.5787079,3.103324,الاربعاء,5061,52,5
Reguiba,El Oued,Commune,30392,40367,2.88,67283,12235,41.5,83.4,27922,56114,0,0,10,2,8,0,0,0,,0,0,0,0,0,0,0,0,0,0,,0,0,4,4,20941500,60.46395824,51.57,33.499,6.7126,الرڨيبة,39008,54,2
Guemar,El Oued,Commune,29185,39168,2.99,66515,7074,43.1,82.5,28668,54875,0,0,1,1,0,0,0,0,,0,0,0,0,0,0,0,0,0,0,,0,0,4,4,21501000,60.74352678,51.57,33.428,6.7978,ڨمار,39006,54,2
El Hadjar,Annaba,Commune,33878,37364,0.98,44567,9964,45,95.6,20055,42606,2,0.15,56,36,19,1,1,1,Complexe sidérurgique,0,2,0,1,0,0,0,0,1,0,ALLIANCE|CIAR,0,0,2,0,15041250,37.51574681,51.51,36.7742133,7.6264832,الحجار,23003,56,2
Frenda,Tiaret,Commune,47502,54162,1.32,68590,16077,41.9,89.5,28739,61388,1,0.1,7,4,3,0,0,0,,0,0,0,0,0,0,0,0,0,0,,0,0,4,4,21554250,60.77013451,51.08,35.0625636,1.0403751,فرندة,14027,57,3
Boudouaou,Boumerdès,Commune,54401,71238,2.73,115745,26408,45.9,92.4,53127,106948,4,0.25,212,169,39,4,0,0,,0,4,0,2,1,0,0,0,1,0,ALLIANCE|AXA|CIAR,0,0,7,3,39845250,57.40970236,50.09,36.6695,3.4058,بودواو,35002,58,3
Aïn El Melh,M'Sila,Commune,23272,37045,4.76,85535,8777,40,86.4,34214,73902,4,0.25,2,2,0,0,0,0,,0,0,0,0,0,0,0,0,0,0,,0,0,5,5,25660500,62.82192777,48.59,34.7887663,4.0208139,عين الملح,28041,59,3
Makman Ben Amer,Naâma,Commune,3658,5613,4.37,12131,,43.9,89.35,28664,40505,1.5,0.125,,,,,0,0,,0,0,0,0,0,0,0,0,0,0,,0,0,0,0,21498000,10.74202775,48.03,33.6512,-0.7278,مكمن بن عمر,45010,60,5
Djeniene Bourezg,Naâma,Commune,2301,3090,2.99,5253,,43.9,89.35,28664,40505,1.5,0.125,,,,,0,0,,0,0,0,0,0,0,0,0,0,0,,0,0,0,0,21498000,10.74202775,48.03,32.372566,-0.804492,,,60,5
Aïn Ben Khelil,Naâma,Commune,3776,10554,10.83,67129,4091,42.7,82.7,28664,55516,1.5,0.125,,,,,0,0,,0,0,0,0,0,0,0,0,0,0,,0,0,4,4,21498000,60.74202775,48.03,33.2226,-0.7635,عين بن خليل,45009,60,5
Beni Messous,El Djazaïr [Algiers],Commune,17490,36191,7.54,133986,52816,47.7,92.8,63911,124339,2,0.15,91,67,21,3,0,0,,0,6,3,0,1,1,0,0,1,0,SAA|AXA|CAAR|CIAR,0,0,8,2,47933250,45,48.02,36.7844574,2.9591524,بني مسوس,16032,63,6
Aïn Smara,Constantine,Commune,24426,36998,4.24,78120,8173,46.9,95.8,36638,74839,2,0.15,140,107,33,0,0,0,,0,3,2,0,0,0,0,0,1,0,SAA|CIAR,0,0,5,2,27478500,38.73033815,45.81,36.2946549,6.4221713,عين سمارة,25010,64,1
Sour El Ghozlane,Bouira,Commune,42179,50120,1.74,68369,3672,45.3,90.9,30971,62147,2,0.15,54,51,3,0,0,0,,0,0,0,0,0,0,0,0,0,0,,0,0,4,4,23228250,61.6065916,45.47,36.1694764,3.55647,سور الغزلان,10038,65,1
Ouled Khaled,Saïda,Commune,19368,30484,4.64,68968,7129,44.5,91.8,30691,63313,2,0.15,,,,,0,0,,0,0,0,0,0,0,0,0,0,0,,0,0,4,4,23018250,61.5016597,45.47,34.841945,0.1483583,أولاد خالد,20004,65,1
Mouzaia,Blida,Commune,44893,52555,1.59,69791,71446,42.9,94.3,29940,65813,4,0.25,24,14,5,5,0,0,,0,0,0,0,0,0,0,0,0,0,,0,0,4,4,22455000,61.22021738,45.45,36.50497,2.6139932,موزاية,9016,67,6
Mohamed Belouizdad (Hamma Annassers),El Djazaïr [Algiers],Commune,59248,44050,-2.92,25837,,48,93.35,29822.5,57347,4,0.25,,,,,0,0,,0,0,0,0,0,0,0,0,0,0,,0,0,1,1,22366875,23.67618346,45.45,,,,,67,7
Metlili,Ghardaïa,Commune,33759,40576,1.86,56501,11347,41.8,87.5,23617,49438,0,0,7,7,0,0,0,0,,0,0,0,0,0,0,0,0,0,0,,0,0,3,3,17712750,46.35063039,45.45,32.2058,3.6282,متليلي الشعانبة,47005,67,2
Harraoua,El Djazaïr [Algiers],Commune,18167,27565,4.26,58384,,48,93.35,29822.5,57347,4,0.25,,,,,0,0,,0,0,0,0,0,0,0,0,0,0,,0,0,3,3,22366875,48.67618346,45.45,36.772746,3.308501,,,67,7
Tebesbest,Ouargla,Commune,29840,35032,1.62,46759,20174,48.1,88.7,22491,41475,0,0,4,4,0,0,0,0,,0,0,0,0,0,0,0,0,0,0,,0,0,3,3,16868250,45.92865428,45.31,33.0536,6.0809,تبسبست,30007,71,3
Sidi Okba,Biskra,Commune,26139,33509,2.51,52400,11415,43.7,94.6,22899,49570,1,0.1,3,2,1,0,0,0,,0,0,0,0,0,0,0,0,0,0,,0,0,3,3,17174250,46.08155503,44.97,34.776526,5.8344242,سيدي عقبة,7011,72,2
Aïn Errich,M'Sila,Commune,10548,20634,6.94,69044,29046,34,91.7,23475,63313,1,0.1,,,,,0,0,,0,0,0,0,0,0,0,0,0,0,,0,0,4,4,17606250,58.79741493,44.97,34.4919894,3.8159469,عين الريش,28044,72,4
Had-Sahary,Djelfa,Commune,22277,30451,3.18,53449,23051,43,12.4,22983,6628,1,0.1,1,1,0,0,0,0,,0,0,0,0,0,0,0,0,0,0,,0,0,3,3,17237250,46.1130346,44.97,35.3538344,3.3463044,حد الصحاري,17020,72,4
Oum Laadham,Djelfa,Commune,13696,23051,5.34,58839,12972,46.7,67.2,27478,39540,1,0.1,,,,,0,0,,0,0,0,0,0,0,0,0,0,0,,0,0,3,3,20608500,47.79756624,44.3,33.7195744,4.5251226,ام العظام,17024,75,5
Aïn Khadra,M'Sila,Commune,19412,29046,4.11,59995,1904,41.8,87.6,25078,52556,1,0.1,10,1,9,0,0,0,,0,0,0,0,0,0,0,0,0,0,,0,0,3,3,18808500,46.89815001,44.3,35.5456141,4.8777554,عين الخضراء,28013,75,5
Sidi Khaled,Sidi Bel Abbès,Commune,6227,7167,1.42,9231,16013,43.9,93.4,27515,58539,1,0.1,,,,,0,0,,0,0,0,0,0,0,0,0,0,0,,0,0,0,0,20636250,10.31143224,44.3,34.3845588,4.8400248,سيدي خالد,7008,75,1
Sidi Khaled,Biskra,Commune,35277,43315,2.07,62676,16013,43.9,93.4,27515,58539,1,0.1,,,,,0,0,,0,0,0,0,0,0,0,0,0,0,,0,0,4,4,20636250,60.31143224,44.3,34.3845588,4.8400248,سيدي خالد,7008,75,3
Tighennif,Mascara,Commune,55800,62210,1.09,75660,21278,42.8,89.8,32382,67943,2,0.15,15,11,0,4,0,0,,0,1,0,1,0,0,0,0,0,0,ALLIANCE,0,0,5,4,24286500,62.13537338,44.2,35.414314,0.329233,,,79,2
Fouka,Tipaza,Commune,39549,48959,2.16,71893,27059,46.9,92,33718,66142,4,0.25,69,53,16,0,0,0,,0,1,0,0,0,0,0,0,1,0,CIAR,0,0,4,3,25288500,50.13604841,44.18,36.6034,2.7493,فوكة,42025,80,2
Ksar El Hirane,Laghouat,Commune,14910,23841,4.81,55494,11204,37.9,82.2,21032,45616,1,0.1,22,22,0,0,0,0,,0,0,0,0,0,0,0,0,0,0,,0,0,3,3,15774000,45.38188416,43.93,33.7855481,3.119366,قصر الحيران,3002,81,2
Arzew,Oran,Commune,66720,70951,0.62,79254,11263,46.9,85.3,37170,67604,2,0.15,58,53,5,0,1,1,Pôle industriel Arzew,0,14,12,1,0,1,0,0,0,0,SAA|ALLIANCE|CAAR,0,0,5,0,27877500,43.92970875,43.89,35.8044,-0.3214,أرزيو,31006,82,3
Sidi Amar,Saïda,Commune,7715,8991,1.54,11843,41684,38.8,92.8,41037,98150,4,0.25,30,23,7,0,0,0,,0,1,0,0,0,0,0,0,1,0,CIAR,0,0,0,0,30777750,15.37889314,43.27,35.0264293,0.1049602,يدي عمر,20008,83,2
Sidi Amar,Annaba,Commune,72889,83254,1.34,105765,41684,38.8,92.8,41037,98150,4,0.25,30,23,7,0,0,0,,0,1,0,0,0,0,0,0,1,0,CIAR,0,0,7,6,30777750,65.37889314,43.27,35.0264293,0.1049602,يدي عمر,20008,83,3
Sidi Amar,Tipaza,Commune,10906,13332,2.03,19139,41684,38.8,92.8,41037,98150,4,0.25,30,23,7,0,0,0,,0,1,0,0,0,0,0,0,1,0,CIAR,0,0,1,0,30777750,15.37889314,43.27,35.0264293,0.1049602,يدي عمر,20008,83,3
Bounoura,Ghardaïa,Commune,27775,35405,2.46,54803,16437,38.2,52.8,20935,28936,1,0.1,,,,,0,0,,0,0,0,0,0,0,0,0,0,0,,0,0,3,3,15701250,45.34553276,43.04,32.4194,3.7079,بونورة,47010,86,3
Hammam Dhalaa,M'Sila,Commune,34785,39850,1.37,50897,7950,41,86.6,20868,44077,1,0.1,73,24,48,1,0,0,,0,0,0,0,0,0,0,0,0,0,,0,0,3,3,15651000,45.32042406,43.04,35.9303231,4.2004576,حمـام الضلعة,28003,86,6
Aïn Sidi Ali,Laghouat,Commune,4220,10486,9.53,53969,6079,36.3,87.9,19591,47439,1,0.1,,,,,0,0,,0,0,0,0,0,0,0,0,0,0,,0,0,3,3,14693250,44.84185967,42.89,34.1666661,1.5412452,عين سيدي علي,3011,88,3
Kais,Khenchela,Commune,28724,34383,1.81,47525,5606,41.1,83.8,19533,39826,1,0.1,9,9,0,0,0,0,,0,0,0,0,0,0,0,0,0,0,,0,0,3,3,14649750,44.82012378,42.89,35.4305,6.9241,قايس,40003,88,1
Aïn Tedles,Mostaganem,Commune,31685,38823,2.05,55965,6794,42.5,88.8,23785,49697,4,0.25,6,3,3,0,0,0,,0,0,0,0,0,0,0,0,0,0,,0,0,3,3,17838750,46.41358952,42.61,35.999097,0.294879,,,90,1
Raïs Hamidou,El Djazaïr [Algiers],Commune,21518,28451,2.83,47036,151950,49,89.8,23048,42238,4,0.25,64,43,21,0,0,0,,0,0,0,0,0,0,0,0,0,0,,0,0,3,3,17286000,46.13739379,42.61,36.8077359,2.9921434,الرايس حميدو,16025,90,9
Oued Fodda,Chlef,Commune,36187,41710,1.43,53861,41710,41.4,94.1,22298,50683,4,0.25,19,15,4,0,0,0,,0,0,0,0,0,0,0,0,0,0,,0,0,3,3,16723500,45.85632622,42.46,36.1995109,1.4672731,واد الفضة,2029,92,4
Bordj Badji Mokhtar,Adrar,Commune,9323,16437,5.83,45615,69052,48.9,94.6,22306,43152,4,0.25,5,4,1,0,0,0,,0,0,0,0,0,0,0,0,0,0,,0,0,3,3,16729500,45.85932428,42.46,21.3277,0.9555,برج باجي مختار,1025,92,2
Babar,Khenchela,Commune,28182,34844,2.14,51052,23841,44.5,89,22718,45436,4,0.25,9,8,1,0,0,0,,0,0,0,0,0,0,0,0,0,0,,0,0,3,3,17038500,46.01372406,42.46,35.1053,7.0999,بابار,40013,92,2
Bordj Menaïel,Boumerdès,Commune,53782,64820,1.88,90707,18266,46.2,93.9,41907,85174,2,0.15,91,81,10,0,0,0,,0,4,2,0,1,0,0,0,1,0,SAA|AXA|CIAR,0,0,6,2,31430250,40.70493152,42.45,36.6783,3.7244,برج منايل,35005,95,4
Larbatache,Boumerdès,Commune,15791,19356,2.06,27922,6693,44.1,94.7,12314,26442,4,0.25,64,22,40,2,1,1,Nouvelle ZI ANIREF (136 ha),0,0,0,0,0,0,0,0,0,0,,0,0,1,1,9235500,47.11475474,42.42,36.5725,3.3728,الأربعطاش,35021,96,5
Echatt,El Tarf,Commune,26758,34378,2.54,53972,88801,46.2,94.3,24935,50896,2,0.15,193,59,126,8,0,0,,0,0,0,0,0,0,0,0,0,0,,0,0,3,3,18701250,46.8445598,41.85,36.7664,7.8745,الشط,36018,97,1
Guerouaou,Blida,Commune,12043,17297,3.69,33189,,43.4,93.75,24123,49416.5,4,0.25,,,,,0,0,,0,0,0,0,0,0,0,0,0,0,,0,0,2,2,18092250,34.04025731,41.85,36.52646,2.886115,,,97,7
Corso,Boumerdès,Commune,13118,20705,4.67,47081,8505,44.7,95.3,21045,44868,4,0.25,74,58,16,0,0,0,,0,0,0,0,0,0,0,0,0,0,,0,0,3,3,15783750,45.386756,41.7,36.6937,3.4332,قورصو,35019,99,6
Misserghin,Oran,Commune,18089,25443,3.47,47016,33939,45.9,93.3,21580,43866,2,0.15,20,18,1,1,0,0,,0,0,0,0,0,0,0,0,0,0,,0,0,3,3,16185000,45.58725087,41.57,35.61799,-0.734355,,,100,4
Béni Saf,Aïn Témouchent,Commune,39668,42284,0.64,47435,64685,45,93.8,21346,44494,2,0.15,2,2,0,0,0,0,,0,0,0,0,0,0,0,0,0,0,,0,0,3,3,16009500,45.49955779,41.57,35.2366,-1.3843,بني صاف,46023,100,2
Collo,Skikda,Commune,31480,35682,1.26,44709,35682,48.4,96.2,21639,43010,2,0.15,7,5,2,0,0,0,,0,0,0,0,0,0,0,0,0,0,,0,0,2,2,16229250,33.10936152,41.57,37.0006567,6.537659,القل,21010,100,3
Oued Zenati,Guelma,Commune,27254,32870,1.89,46054,12300,46.4,94.1,21369,43337,2,0.15,4,4,0,0,0,0,,0,0,0,0,0,0,0,0,0,0,,0,0,3,3,16026750,45.50817719,41.57,36.3153995,7.1469496,وادي الزناتي,24004,100,1
Merouana,Batna,Commune,34788,38656,1.06,46734,29504,41.5,96.1,19395,44911,1,0.1,10,10,0,0,0,0,,0,0,0,0,0,0,0,0,0,0,,0,0,3,3,14546250,44.76840735,40.74,35.6417881,5.8172903,مروانة,5004,104,2
Bouarfa,Blida,Commune,30258,35910,1.73,48875,3403,42.4,91.1,20723,44525,4,0.25,50,48,2,0,0,0,,0,0,0,0,0,0,0,0,0,0,,0,0,3,3,15542250,45.26608433,40.66,36.4151693,2.7284692,بوعرفة,9024,105,8
Guidjel,Sétif,Commune,27891,33685,1.91,47314,12906,42.8,94,20250,44475,2,0.15,90,90,0,0,0,1,ZA,0,0,0,0,0,0,0,0,0,0,,0,0,3,3,15187500,45.08882438,40.63,36.0807516,5.4235957,قجــال,19017,106,2
Sayada,Mostaganem,Commune,21900,28675,2.73,46581,14530,42.5,91,19797,42389,2,0.15,60,41,19,0,0,0,,0,0,0,0,0,0,0,0,0,0,,0,0,3,3,14847750,44.91905957,40.53,35.9321147,0.0894758,صيادة,27002,107,2
Aoulef,Adrar,Commune,15229,21723,3.62,41169,134699,49.1,92.2,20214,37958,2,0.15,1,1,0,0,0,0,,0,0,0,0,0,0,0,0,0,0,,0,0,2,2,15160500,32.57533314,40.53,26.9710733,1.059451,أولف,1012,107,3
Djelida,Aïn Defla,Commune,30371,36076,1.74,49180,36076,41.1,85.1,20213,41852,2,0.15,43,13,29,1,0,0,,0,0,0,0,0,0,0,0,0,0,,0,0,3,3,15159750,45.07495838,40.53,36.1357,2.0847,جليدة,44007,107,1
Ghriss,Mascara,Commune,22151,28823,2.67,46298,4483,43.1,83.2,19954,38520,2,0.15,6,6,0,0,0,0,,0,0,0,0,0,0,0,0,0,0,,0,0,3,3,14965500,44.97789638,40.53,35.1839,0.162,غريس,29012,107,3
Aïn Fakroun,Oum El Bouaghi,Commune,47237,55282,1.59,73371,8036,43.5,82.6,31916,60604,1,0.1,,,,,0,0,,0,2,0,1,0,0,0,0,1,0,ALLIANCE|CIAR,0,0,4,2,23937000,36.96073673,40.43,35.942019,6.872822,,,111,2
Sedrata,Souk Ahras,Commune,47297,53218,1.19,65806,53218,46.4,94,30534,61858,2,0.15,2,2,0,0,0,0,,0,1,0,0,0,0,0,0,1,0,CIAR,0,0,4,3,22900500,48.94282289,39.89,36.0658,7.5311,سدراتة,41002,112,1
Ras El Oued,Bordj Bou Arreridj,Commune,42345,51482,1.97,73180,26042,39.7,95.1,29052,69594,2,0.15,53,31,22,0,0,0,,0,1,0,0,0,0,0,0,1,0,CIAR,0,0,4,3,21789000,48.38743338,39.89,35.8846,5.0372,رأس الوادي,34002,112,1
El Djazaïr,El Djazaïr [Algiers],Commune,96329,75541,-2.4,48770,,48,93.35,29822.5,57347,4,0.25,,,,,0,0,,0,1,1,0,0,0,0,0,0,0,SAA,0,0,3,2,22366875,36.17618346,39.86,36.778825,3.060528,,,114,10
Tessala El Merdja,El Djazaïr [Algiers],Commune,10792,15847,3.92,31642,,48,93.35,29822.5,57347,4,0.25,,,,,0,0,,0,1,0,0,0,0,0,0,1,0,CIAR,0,0,2,1,22366875,23.67618346,39.86,36.630719,2.945517,,,114,10
El Hammamet,El Djazaïr [Algiers],Commune,19651,23990,2.02,34355,,48,93.35,29822.5,57347,4,0.25,,,,,0,0,,0,1,1,0,0,0,0,0,0,0,SAA,0,0,2,1,22366875,23.67618346,39.86,36.8024015,2.9559659,الحمامات,16024,114,10
Hammam Bou Hadjar,Aïn Témouchent,Commune,29633,33939,1.37,43327,9599,44.7,90.2,19367,39081,2,0.15,10,3,0,7,0,0,,0,0,0,0,0,0,0,0,0,0,,0,0,2,2,14525250,32.25791416,38.59,35.37903,-0.971159,,,117,3
Draâ El Mizan,Tizi Ouzou,Commune,37628,38886,0.33,41257,12791,46.8,90.8,19308,37461,2,0.15,82,78,4,0,0,0,,0,0,0,0,0,0,0,0,0,0,,0,0,2,2,14481000,32.23580351,38.59,36.5470073,3.7377549,ذراع الميزان,15010,117,1
El Kala,El Tarf,Commune,24793,28411,1.37,36305,23135,53.5,92.5,19423,33582,2,0.15,9,4,5,0,0,0,,0,0,0,0,0,0,0,0,0,0,,0,0,2,2,14567250,32.27890054,38.59,36.8324,8.443,القالة,36005,117,2
Illizi,Illizi,Province Capital,10163,17252,5.43,44721,,41.8,93.7,47272,12312,0,0,7,6,1,0,0,0,,0,3,1,0,0,0,1,0,1,0,SAA|CAAT|CIAR,0,0,2,0,35454000,17.71550153,38.33,26.4361,8.4842,إلـيـزي,33001,120,1
Remchi,Tlemcen,Commune,39525,46999,1.75,64192,46999,46.4,93.9,29785,60276,1,0.1,1,1,0,0,0,0,,0,2,1,1,0,0,0,0,0,0,SAA|ALLIANCE,0,0,4,2,22338750,36.16213008,38.25,35.0550485,-1.4635847,الرمشي,13004,121,2
Saoula,El Djazaïr [Algiers],Commune,31388,41690,2.88,69489,20705,46.7,96.3,32451,66918,4,0.25,204,130,71,3,0,0,,0,2,0,0,0,0,0,0,2,0,CIAR,0,0,4,2,24338250,37.1612316,37.92,36.6866758,3.0056614,السحاولة,16057,122,13
Aïn El Hadjel,M'Sila,Commune,27661,33046,1.79,45517,10716,42.2,92.1,19208,41921,1,0.1,151,75,76,0,0,0,,0,0,0,0,0,0,0,0,0,0,,0,0,3,3,14406000,44.69832784,37.5,35.6184864,3.6830434,عين الحجل,28017,123,7
Sobha,Chlef,Commune,28646,34455,1.86,48039,34455,39,90.2,18735,43331,4,0.25,26,2,24,0,0,0,,0,0,0,0,0,0,0,0,0,0,,0,0,3,3,14051250,44.52106789,35.88,36.1084781,1.1017012,صبحة,2008,124,5
Ouled Fares,Chlef,Commune,30068,34891,1.5,45605,34891,40.8,92.2,18607,42048,4,0.25,9,4,5,0,0,0,,0,0,0,0,0,0,0,0,0,0,,0,0,3,3,13955250,44.47309902,35.88,36.2302131,1.0951463,أولاد فارس,2010,124,5
Djasr Kasentina,El Djazaïr [Algiers],Commune,82729,133247,4.88,314237,,48,93.35,29822.5,57347,4,0.25,,,,,0,0,,0,2,2,0,0,0,0,0,0,0,SAA,0,0,20,18,22366875,61.17618346,35.83,36.6927735,3.0610977,جسر قسنطينة,16026,126,14
Assela,Naâma,Commune,4784,6592,3.26,11739,,43.9,89.35,28664,40505,1.5,0.125,,,,,0,0,,0,1,1,0,0,0,0,0,0,0,SAA,0,0,0,0,21498000,10.74202775,35.67,32.9372,-0.0769,عسلة,45007,127,8
Aïn Lahdjar,Sétif,Commune,29871,34338,1.4,44129,16075,41.4,90.3,18269,39848,2,0.15,34,28,6,0,0,0,,0,0,0,0,0,0,0,0,0,0,,0,0,2,2,13701750,31.84643124,35.34,35.960213,5.4198543,عين لحجـر,19018,128,3
Bousfer,Oran,Commune,11136,17243,4.47,37879,11856,49.4,89.8,18712,34015,2,0.15,13,11,2,0,0,0,,0,0,0,0,0,0,0,0,0,0,,0,0,2,2,14034000,32.01244848,35.34,35.6461,-0.8102,بوسفر,31016,128,5
Beidha Bordj,Sétif,Commune,31250,35276,1.22,43874,9311,41.3,90.8,18120,39838,2,0.15,9,9,0,0,0,0,,0,0,0,0,0,0,0,0,0,0,,0,0,2,2,13590000,31.79059248,35.34,35.8379281,5.5996773,بيضاء برج,19029,128,3
El Idrissia,Djelfa,Commune,21279,32900,4.45,72084,9926,37.6,48,27104,34600,1,0.1,1,1,0,0,0,0,,0,1,1,0,0,0,0,0,0,0,SAA,0,0,4,3,20328000,47.65740721,35.24,34.4515826,2.5095583,الإدريسية,17014,131,6
El Mahmal,Khenchela,Commune,30484,38706,2.42,59491,7193,37.2,92.3,22131,54910,1,0.1,8,8,0,0,0,0,,0,1,0,0,0,0,0,0,1,0,CIAR,0,0,3,2,16598250,33.29374184,35.18,35.3095,7.2125,المحمل,40017,132,3
Magra,M'Sila,Commune,31749,39250,2.14,57496,72062,39.2,91.1,22538,52379,1,0.1,16,15,1,0,0,0,,0,1,0,0,0,0,0,0,1,0,CIAR,0,0,3,2,16903500,33.44626784,35.18,35.6076161,4.9762812,مقرة,28011,132,8
Saïda,Saïda,Province Capital,115166,128413,1.09,156215,,41.9,89.8,187436,14339.5,1,0.1,35,29,6,0,0,0,,0,9,1,1,1,1,4,0,1,0,SAA|ALLIANCE|AXA|CAAR|CAAT|CIAR,0,0,10,1,140577000,32.5,34.91,34.84194,0.1133388,سعيدة,20001,134,3
Aïn El Turk,Oran,Commune,26251,37010,3.49,68680,,45.9,90.55,16530,31606.5,2,0.15,,,,,0,0,,0,0,0,0,0,0,0,0,0,0,,0,0,4,4,12397500,56.19472923,34.22,35.740035,-0.75395,,,135,6
Filfila,Skikda,Commune,25149,28996,1.43,37464,28996,44.3,96.3,16597,36078,2,0.15,28,13,14,1,0,0,,0,0,0,0,0,0,0,0,0,0,,0,0,2,2,12447750,31.21983794,34.22,36.8880361,7.0082877,فلفلة,21030,135,4
Medjana,Bordj Bou Arreridj,Commune,16112,22402,3.35,40545,26037,40.8,93.3,16542,37828,2,0.15,86,60,23,3,0,0,,0,0,0,0,0,0,0,0,0,0,,0,0,2,2,12406500,31.19922631,34.22,36.0669,4.6692,مجانة,34013,135,2
El Kerma,Oran,Commune,13637,23163,5.44,60108,,45.9,90.55,16530,31606.5,2,0.15,,,,,0,0,,0,0,0,0,0,0,0,0,0,0,,0,0,4,4,12397500,56.19472923,34.22,35.618681,-0.579845,,,135,6
In Salah,Tamanrasset,Commune,28022,32518,1.5,42506,8498,42,89.2,17853,37915,0,0,5,5,0,0,0,0,,0,0,0,0,0,0,0,0,0,0,,0,0,2,2,13389750,31.69053243,34.17,27.1955358,2.4666218,عين صالح,11008,139,1
Sidi Ali,Mostaganem,Commune,31840,37230,1.58,49334,10446,44.3,85.9,21855,42378,2,0.15,15,11,4,0,0,0,,0,1,0,0,0,0,0,0,1,0,CIAR,0,0,3,2,16391250,33.19030898,33.92,36.0968612,0.3972458,سيدي علي,27012,140,3
Soumaa,Blida,Commune,31451,37461,1.76,51319,29291,42.7,92.7,21913,47573,4,0.25,262,190,38,34,0,0,,0,1,0,0,0,0,0,0,1,0,CIAR,0,0,3,2,16434750,33.21204487,33.92,36.507015,2.8509281,صومعة,9014,140,9
Aïn Taya,El Djazaïr [Algiers],Commune,29515,34501,1.57,45693,20611,49.4,94.6,22572,43226,4,0.25,71,63,8,0,0,0,,0,1,0,0,0,0,0,0,1,0,CIAR,0,0,3,2,16929000,33.45900957,33.92,36.7880614,3.2742797,عين طاية,16038,140,15
Sidi Khettab,Relizane,Commune,12594,14074,1.12,17190,10173,43.1,87.8,7409,15093,2,0.15,3,0,0,3,1,1,ZI Mega pole Sidi Khettab,0,0,0,0,0,0,0,0,0,0,,0,0,1,1,5556750,45.27657283,33.85,35.8479,0.5109,سيدي خطاب,48010,143,2
Aïn El Ibel,Djelfa,Commune,20436,28406,3.35,51385,7744,38.9,56.2,19989,28878,1,0.1,,,,,0,0,,0,1,0,0,0,1,0,0,0,0,CAAR,0,0,3,2,14991750,32.49101286,33.83,34.3539985,3.2157325,عين الابل,17030,144,7
Sebdou,Tlemcen,Commune,35836,39800,1.05,48073,39800,42.4,94,20383,45189,1,0.1,,,,,0,0,,0,1,0,1,0,0,0,0,0,0,ALLIANCE,0,0,3,2,15287250,32.63866703,33.83,34.6392357,-1.3469271,سبدو,13035,144,3
Sidi Lahcene,Sidi Bel Abbès,Commune,15016,20999,3.41,38402,2373,45.5,88.6,17473,34024,1,0.1,3,3,0,0,0,0,,0,0,0,0,0,0,0,0,0,0,,0,0,2,2,13104750,31.54812486,33.81,35.1925854,-0.8112957,سيدي لحسن,22014,146,2
Rahouia,Tiaret,Commune,19644,24983,2.43,38512,3062,44.4,83.2,17099,32042,1,0.1,12,8,4,0,0,0,,0,0,0,0,0,0,0,0,0,0,,0,0,2,2,12824250,31.40796583,33.81,35.5308956,1.0130642,رحوية,14014,146,4
Doucen,Biskra,Commune,21212,26455,2.23,39371,21541,43.3,90,17048,35434,1,0.1,,,,,0,0,,0,0,0,0,0,0,0,0,0,0,,0,0,2,2,12786000,31.38885323,33.81,34.6197821,4.9863232,الدوسن,7009,146,4
Benhar,Djelfa,Commune,10380,17207,5.18,42738,10359,42.3,73.5,18078,31412,1,0.1,2,0,0,2,0,0,,0,0,0,0,0,0,0,0,0,0,,0,0,2,2,13558500,31.7748527,33.81,35.4848362,3.0055036,بنهار,17032,146,8
Dhayet Bendhahoua,Ghardaïa,Commune,9199,12643,3.23,22410,,40.1,94.6,16659,25684,1,0.1,,,,,0,0,,0,0,0,0,0,0,0,0,0,0,,0,0,1,1,12494250,18.74307286,33.81,32.4704,3.6063,ضاية بن ضحوة,47003,146,4
Tazoult,Batna,Commune,22114,27493,2.2,40684,11513,43.2,93.9,17575,38202,1,0.1,25,25,0,0,0,0,,0,0,0,0,0,0,0,0,0,0,,0,0,2,2,13181250,31.58635005,33.81,35.470362,6.1694644,تازولت,5008,146,3
Hassi Gara,Ghardaïa,Commune,13911,17801,2.5,27746,,40.1,94.6,16659,25684,1,0.1,,,,,0,0,,0,0,0,0,0,0,0,0,0,0,,0,0,1,1,12494250,18.74307286,33.81,30.4842,2.9141,حاسي قارة,47012,146,4
El Menia (El Goléa),Ghardaïa,Commune,28848,40195,3.37,73025,,40.1,94.6,16659,25684,1,0.1,,,,,0,0,,0,0,0,0,0,0,0,0,0,0,,0,0,4,4,12494250,56.24307286,33.81,31.948185,3.542037,,,146,4
Mahdia,Tiaret,Commune,30264,33082,0.89,38832,6658,44.2,90.1,17164,34988,1,0.1,10,7,3,0,0,0,,0,0,0,0,0,0,0,0,0,0,,0,0,2,2,12873000,31.43232502,33.81,35.4312648,1.7415474,المھدية,14015,146,4
Hassi Fehal,Ghardaïa,Commune,2164,3651,5.37,9360,,40.1,94.6,16659,25684,1,0.1,,,,,0,0,,0,0,0,0,0,0,0,0,0,0,,0,0,0,0,12494250,6.243072856,33.81,31.5364,3.6749,حاسي الفحل,47011,146,4
Chiffa,Blida,Commune,26703,34268,2.53,53688,260,44.5,94.9,23891,50950,4,0.25,18,17,1,0,0,0,,0,1,0,0,0,0,1,0,0,0,CAAT,0,0,3,2,17918250,33.95331374,33.54,36.444398,2.6691173,الشفة,9011,156,10
Miliana,Aïn Defla,Commune,39662,44201,1.09,53720,44201,44.4,93.2,23852,50067,2,0.15,8,4,2,2,0,0,,0,1,0,0,0,0,0,0,1,0,CIAR,0,0,3,2,17889000,33.93869823,33.54,36.2266,2.211,مليانة,44002,156,2
Chebli,Blida,Commune,21506,29660,3.27,52902,12529,45.6,94.2,24123,49834,4,0.25,63,35,28,0,0,0,,0,1,1,0,0,0,0,0,0,0,SAA,0,0,3,2,18092250,34.04025731,33.54,36.5685763,2.9433463,الشبلي,9002,156,10
Messaoud Boudjriou,Constantine,Commune,7975,9050,1.27,11363,,45.9,94.35,34390,58031,2,0.15,,,,,0,0,,0,0,0,0,0,0,0,0,0,0,,0,0,0,0,25792500,12.88788496,33.06,36.425544,6.472258,,,159,2
Beni Hamiden,Constantine,Commune,8197,9397,1.38,12017,,45.9,94.35,34390,58031,2,0.15,,,,,0,0,,0,0,0,0,0,0,0,0,0,0,,0,0,0,0,25792500,12.88788496,33.06,36.5203461,6.4731762,بني حميدان,25008,159,2
Ouled Rahmoune,Constantine,Commune,20434,26132,2.49,40686,,45.9,94.35,34390,58031,2,0.15,,,,,0,0,,0,0,0,0,0,0,0,0,0,0,,0,0,2,2,25792500,37.88788496,33.06,36.1816075,6.5482917,أولاد رحمون,25009,159,2
Benkhelil,Blida,Commune,22361,29404,2.78,48134,34268,43.4,93.3,20890,44909,4,0.25,32,14,16,2,0,0,,0,1,1,0,0,0,0,0,0,0,SAA,0,0,3,2,15667500,32.8286687,32.58,36.597524,2.846506,,,162,12
Kherrata,Béjaïa,Commune,31743,35077,1,41985,8766,40.1,93.4,16836,39214,2,0.15,8,5,3,0,0,0,,0,0,0,0,0,0,0,0,0,0,,0,0,2,2,12627000,31.3094048,32.35,36.4719307,5.2047107,خراطة,6044,163,1
Berhoum,M'Sila,Commune,17838,23620,2.85,39153,33046,43.8,89.5,17149,35042,2,0.15,24,8,16,0,0,0,,0,0,0,0,0,0,0,0,0,0,,0,0,2,2,12861750,31.42670367,32.35,35.6351693,4.9263356,برهوم,28012,163,9
Salah Bey,Sétif,Commune,21855,27175,2.2,40224,7578,41.8,89,16814,35799,2,0.15,1,1,0,0,0,0,,0,0,0,0,0,0,0,0,0,0,,0,0,2,2,12610500,31.30116015,32.35,35.8237361,5.2648518,صـالح باي,19039,163,5
El Hadaiek,Skikda,Commune,12288,18002,3.89,35796,18002,47.6,95.2,17039,34078,2,0.15,18,11,7,0,0,0,,0,0,0,0,0,0,0,0,0,0,,0,0,2,2,12779250,31.38548042,32.35,36.825229,6.889025,,,163,5
Kheireddine,Mostaganem,Commune,22241,27606,2.18,40732,17330,44.4,93.1,18085,37921,2,0.15,44,10,34,0,0,0,,0,0,0,0,0,0,0,0,0,0,,0,0,2,2,13563750,31.77747599,32.35,35.951058,0.179983,,,163,4
Dar Chioukh,Djelfa,Commune,24870,30372,2.02,43522,8647,37.3,94.8,16234,41259,4,0.25,2,1,1,0,0,0,,0,0,0,0,0,0,0,0,0,0,,0,0,2,2,12175500,31.08380123,31.25,34.897292,3.489725,,,168,9
El Magharia,El Djazaïr [Algiers],Commune,30457,31453,0.32,33329,40750,48.7,91.1,16231,30363,4,0.25,12,10,2,0,0,0,,0,0,0,0,0,0,0,0,0,0,,0,0,2,2,12173250,31.08267696,31.25,36.7305475,3.1026854,المقرية,16031,168,16
Ténès,Chlef,Commune,34332,35459,0.32,37582,35459,43.9,91.5,16498,34388,4,0.25,11,10,1,0,0,0,,0,0,0,0,0,0,0,0,0,0,,0,0,2,2,12373500,31.18273702,31.25,36.508324,1.2426542,تنس,2002,168,7
Ramdane Djamel,Skikda,Commune,23482,27194,1.48,35416,27194,46.5,95.5,16468,33822,2,0.15,16,12,4,0,0,0,,0,0,0,0,0,0,0,0,0,0,,0,0,2,2,12351000,31.17149431,31.12,36.7585337,6.8745445,رمضان جمال,21023,171,6
Chellalat El Adhaoura,Médéa,Commune,23214,27300,1.63,36552,5972,45.1,95.7,16485,34980,2,0.15,50,36,14,0,0,0,,0,0,0,0,0,0,0,0,0,0,,0,0,2,2,12363750,31.17786518,31.12,35.939618,3.414009,,,171,2
Salah Bouchaour,Skikda,Commune,25933,29764,1.39,38142,29764,43,93.3,16401,35586,2,0.15,49,42,7,0,0,0,,0,0,0,0,0,0,0,0,0,0,,0,0,2,2,12300750,31.14638561,31.12,36.6997005,6.8379484,صالح بوالشعور,21025,171,6
Sidi Khouiled,Ouargla,Commune,4309,8803,7.41,31848,14179,48.8,83.6,15542,26625,0,0,6,6,0,0,0,0,,0,0,0,0,0,0,0,0,0,0,,0,0,2,2,11656500,30.82446956,30.81,31.9137,5.419,سيدي خويلد,30011,174,4
Ghardaïa,Ghardaïa,Province Capital,87599,93423,0.65,104899,,40.1,94.6,205458,25684,4,0.25,47,42,5,0,0,0,,0,8,1,1,0,0,2,1,3,0,SAA|ALLIANCE|CAAT|CASH|CIAR,0,0,6,0,154093500,20,30.69,32.4171,3.6832,غرداية,47001,175,8
Zeribet El Oued,Biskra,Commune,16379,21541,2.78,35272,55809,42.6,87.9,15026,31004,1,0.1,5,3,2,0,0,0,,0,0,0,0,0,0,0,0,0,0,,0,0,2,2,11269500,30.63109507,30.45,34.683456,6.3748921,زريبة الوادي,7015,176,5
Aïn Maabed,Djelfa,Commune,13183,19997,4.25,42333,10993,37,69.8,15663,29548,1,0.1,,,,,0,0,,0,0,0,0,0,0,0,0,0,0,,0,0,2,2,11747250,30.86981512,30.45,34.8059782,3.1152247,عين معبد,17005,176,10
N'Gaous,Batna,Commune,25731,29504,1.38,37744,3436,42.7,91.4,16117,34498,1,0.1,5,5,0,0,0,0,,0,0,0,0,0,0,0,0,0,0,,0,0,2,2,12087750,31.03995469,30.45,35.554728,5.610852,,,176,4
Charef,Djelfa,Commune,19373,24028,2.18,35404,28406,41.2,82.7,14586,29279,1,0.1,,,,,0,0,,0,0,0,0,0,0,0,0,0,0,,0,0,2,2,10939500,30.46620209,30.45,34.619593,2.792244,الشارف,17026,176,10
Ben Srour,M'Sila,Commune,18893,23953,2.4,36717,5731,42.4,88.2,15568,32384,1,0.1,1,1,0,0,0,0,,0,0,0,0,0,0,0,0,0,0,,0,0,2,2,11676000,30.83421323,30.45,34.9930313,4.4258488,بن سرور,28024,176,10
Hassi R'Mel,Laghouat,Commune,16791,22133,2.8,36389,10787,43.3,90.3,15756,32859,1,0.1,23,23,0,0,0,0,,0,0,0,0,0,0,0,0,0,0,,0,0,2,2,11817000,30.9046675,30.45,32.9412958,3.2443135,حاسي الرمل,3006,176,4
Telagh,Sidi Bel Abbès,Commune,20880,24594,1.65,33022,6870,47.3,91.9,15619,30347,1,0.1,1,1,0,0,0,0,,0,0,0,0,0,0,0,0,0,0,,0,0,2,2,11714250,30.85332583,30.45,34.8036693,-0.6044224,تلاغ,22005,176,3
Taibet,Ouargla,Commune,14322,20174,3.49,37378,21965,36.7,92.5,13718,34575,0,0,1,1,0,0,0,0,,0,0,0,0,0,0,0,0,0,0,,0,0,2,2,10288500,30.14091323,30.17,33.019,6.3995,الطيبات,30015,183,5
Tamacine,Ouargla,Commune,15933,20067,2.33,30396,6830,45.2,90.7,13739,27569,0,0,,,,,0,0,,0,0,0,0,0,0,0,0,0,0,,0,0,2,2,10304250,30.14878312,30.17,32.9568,6.0233,تماسين,30016,183,5
Sfisef,Sidi Bel Abbès,Commune,28346,29696,0.47,32290,2886,45,91.5,14530,29545,1,0.1,,,,,0,0,,0,0,0,0,0,0,0,0,0,0,,0,0,2,2,10897500,30.44521571,30.05,35.23357,-0.242085,,,185,4
Magrane,El Oued,Commune,20102,24577,2.03,35290,15593,38.3,78.6,13516,27738,0,0,2,1,1,0,0,0,,0,0,0,0,0,0,0,0,0,0,,0,0,2,2,10137000,30.06521236,29.87,33.5174,6.9489,المڨرن,39018,186,4
Relizane,Relizane,Province Capital,111186,130094,1.58,172596,,43.3,91.1,392283,14639,2,0.15,26,21,5,0,0,0,,0,10,1,1,1,1,2,1,2,1,SAA|ALLIANCE|AXA|CAAR|CAAT|CASH|CIAR|TRUST,0,0,11,1,294212250,32.5,29.74,35.6696,0.5493,غيليزان,48001,187,3
El Biod,Naâma,Commune,6270,10975,5.76,30064,4208,47.6,84.8,14310,25494,1.5,0.125,,,,,0,0,,0,0,0,0,0,0,0,0,0,0,,0,0,2,2,10732500,30.36276923,29.22,33.6969,-0.1346,البيوض,45012,188,9
El Achir,Bordj Bou Arreridj,Commune,18149,23101,2.44,35664,5775,41.8,92.4,14908,32954,4,0.25,128,71,56,1,0,0,,0,0,0,0,0,0,0,0,0,0,,0,0,2,2,11181000,30.58687377,29.12,36.0025,4.6335,العشير,34007,189,3
El Karimia,Chlef,Commune,25060,28821,1.41,37070,28821,39.4,94.3,14606,34957,3,0.2,20,9,11,0,0,0,,0,0,0,0,0,0,0,0,0,0,,0,0,2,2,10954500,30.47369723,29.12,36.0774092,1.5112398,الكريمية,2004,189,8
Achaacha,Mostaganem,Commune,31360,34789,1.04,41933,21677,37.3,81.2,15641,34050,4,0.25,3,2,1,0,0,0,,0,0,0,0,0,0,0,0,0,0,,0,0,2,2,11730750,30.86157047,29.12,36.2449302,0.6235599,عشعاشة,27017,189,5
Bourached,Aïn Defla,Commune,25844,29680,1.39,38076,29680,40.1,91.6,15268,34878,3,0.2,48,19,28,1,0,0,,0,0,0,0,0,0,0,0,0,0,,0,0,2,2,11451000,30.7217862,29.12,36.1046,1.9281,بوراشد,44009,189,3
Hanchir Toumghani,Oum El Bouaghi,Commune,18775,23159,2.12,33789,23988,40.9,90.1,13820,30444,1,0.1,1,1,0,0,0,0,,0,0,0,0,0,0,0,0,0,0,,0,0,2,2,10365000,30.17913842,29.09,35.9371712,6.7319584,هنشير تومغني,4013,193,3
Yellel,Relizane,Commune,34010,38101,1.14,46744,3499,41.2,79.4,19259,37115,2,0.15,,,,,0,0,,0,1,0,0,0,0,0,0,1,0,CIAR,0,0,3,2,14444250,32.21744043,29.07,35.6584,0.3543,يلل,48025,194,4
Ibn Badis,Constantine,Commune,13869,18735,3.05,32192,33262,45.5,94.7,14647,30486,2,0.15,,,,,0,0,,0,0,0,0,0,0,0,0,0,0,,0,0,2,2,10985250,30.48906226,28.99,36.3480237,6.7097178,إبن باديس,25003,195,5
Mesra,Mostaganem,Commune,20053,25196,2.31,38002,9576,42.3,75.4,16075,28654,2,0.15,55,28,27,0,0,0,,0,0,0,0,0,0,0,0,0,0,,0,0,2,2,12056250,31.02421491,28.99,35.8389326,0.1574992,ماسرة,27022,195,6
Oued Tlelat,Oran,Commune,13289,18397,3.31,33037,17243,47.8,90.6,15792,29932,2,0.15,127,81,46,0,0,0,,0,0,0,0,0,0,0,0,0,0,,0,0,2,2,11844000,30.91815875,28.99,35.4853,-0.4504,وادى تليلات,31011,195,8
Bir El Arch,Sétif,Commune,21004,24995,1.75,34186,14668,43.2,95.8,14768,32750,2,0.15,273,248,9,16,0,0,,0,0,0,0,0,0,0,0,0,0,,0,0,2,2,11076000,30.53440782,28.99,36.1012237,5.7440447,بئر العرش,19008,195,6
Khelil,Bordj Bou Arreridj,Commune,23537,26037,1.01,31225,14739,47.8,94.4,14926,29476,2,0.15,52,46,6,0,0,0,,0,0,0,0,0,0,0,0,0,0,,0,0,2,2,11194500,30.59361939,28.99,36.1113,5.029,خليل,34020,195,4
Djendel,Aïn Defla,Commune,26849,30170,1.17,37217,30170,41.7,92.8,15519,34537,2,0.15,4,3,1,0,0,0,,0,0,0,0,0,0,0,0,0,0,,0,0,2,2,11639250,30.81585015,28.99,36.7814565,7.1617769,جندل,21005,195,4
Oum Toub,Skikda,Commune,31051,34458,1.05,41560,34458,38.5,91.2,16001,37903,2,0.15,19,18,1,0,0,0,,0,0,0,0,0,0,0,0,0,0,,0,0,2,2,12000750,30.99648291,28.99,36.6889452,6.5584944,أم الطوب,21028,195,8
Kadiria,Bouira,Commune,17923,22327,2.22,33158,13203,44.6,93.9,14788,31135,2,0.15,4,4,0,0,0,0,,0,0,0,0,0,0,0,0,0,0,,0,0,2,2,11091000,30.54190296,28.99,36.5253163,3.5963676,قادرية,10005,195,2
Beni Oulbane,Skikda,Commune,20977,25074,1.8,34569,25074,43.4,91.1,15003,31492,2,0.15,37,35,1,1,0,0,,0,0,0,0,0,0,0,0,0,0,,0,0,2,2,11252250,30.62247566,28.99,36.6282861,6.6174172,بني والبان,21021,195,8
Kaous,Jijel,Commune,21439,26137,2,37338,26137,40.1,95.4,14973,35620,2,0.15,33,33,0,0,0,0,,0,0,0,0,0,0,0,0,0,0,,0,0,2,2,11229750,30.61123296,28.99,36.7590016,5.7313651,قاوس,18014,195,3
Reggane,Adrar,Commune,14179,20402,3.71,39275,20402,39.4,89.5,15474,35151,2,0.15,,,,,0,0,,0,0,0,0,0,0,0,0,0,0,,0,0,2,2,11605500,30.7989861,28.99,25.4775826,-4.3665328,رڨان,1004,195,4
Lioua,Biskra,Commune,15960,21416,2.98,36359,13124,41.5,92.3,15089,33559,2,0.15,1,1,0,0,0,0,,0,0,0,0,0,0,0,0,0,0,,0,0,2,2,11316750,30.65470474,28.99,34.5726359,5.224675,لواء,7022,195,6
Ouled Mimoun,Tlemcen,Commune,24350,26389,0.81,30499,26389,44.1,93.4,13450,28486,1,0.1,1,1,0,0,0,0,,0,0,0,0,0,0,0,0,0,0,,0,0,2,2,10087500,30.04047841,28.78,34.9018053,-1.0442162,أولاد ميمون,13013,207,4
Menaceur,Tipaza,Commune,22684,25480,1.17,31410,9588,42.9,92.8,13475,29148,1,0.1,70,45,25,0,0,0,,0,0,0,0,0,0,0,0,0,0,,0,0,2,2,10106250,30.04984733,28.78,36.4312,2.2412,مناصر,42002,207,4
Tadjemout,Laghouat,Commune,20321,24320,1.81,33604,10486,40.4,72.4,13576,24329,1,0.1,8,8,0,0,0,0,,0,0,0,0,0,0,0,0,0,0,,0,0,2,2,10182000,30.08769777,28.78,33.879636,2.524679,,,207,5
Sidi Makhlouf,Laghouat,Commune,8061,12292,4.31,26269,8101,51.2,88.1,13450,23143,1,0.1,10,10,0,0,0,0,,0,0,0,0,0,0,0,0,0,0,,0,0,1,1,10087500,17.54047841,28.78,34.1276242,3.0060262,سيدي مخلوف,3004,207,5
Sidi Akkacha,Chlef,Commune,23374,26595,1.3,33552,26595,41.8,93.7,14025,31438,4,0.25,,,,,0,0,,0,0,0,0,0,0,0,0,0,0,,0,0,2,2,10518750,30.25596355,28.72,36.464958,1.305252,,,211,9
Emir Abdelkader,Jijel,Commune,31870,38468,1.9,53975,38468,43.6,94.8,23533,51168,2,0.15,484,479,0,5,0,0,,0,2,1,0,0,1,0,0,0,0,SAA|CAAR,0,0,3,1,17649750,21.31915082,28.63,36.7557894,5.778586,الامير عبد القادر,18006,212,4
Ouled Derradj,M'Sila,Commune,22851,26644,1.55,35128,12209,40.2,90.1,14121,31650,2,0.15,8,8,0,0,0,0,,0,0,0,0,0,0,0,0,0,0,,0,0,2,2,10590750,30.2919402,28.59,35.6715243,4.6290103,أولاد دراج,28004,213,11
Bourkika,Tipaza,Commune,18810,22118,1.63,29607,48056,47,93.1,13915,27564,4,0.25,159,128,30,1,0,0,,0,0,0,0,0,0,0,0,0,0,,0,0,1,1,10436250,17.71474031,28.18,36.4312,2.4747,بورقيقة,42005,214,5
Gdyel,Oran,Commune,30000,37315,2.21,55266,17758,45.8,87.6,25312,48413,2,0.15,47,42,5,0,0,0,,0,2,0,1,0,0,0,0,1,0,ALLIANCE|CIAR,0,0,3,1,18984000,21.98584309,28.13,35.7175,-0.423,ڨديل,31002,215,9
El Affroun,Blida,Commune,37602,42465,1.22,52858,21088,45.7,92.7,24156,48999,4,0.25,7,7,0,0,0,0,,0,2,0,0,1,0,0,0,1,0,AXA|CIAR,0,0,3,1,18117000,21.55262428,27.68,36.4460675,2.5382873,العفرون,9010,216,13
Dréan,El Tarf,Commune,32066,37686,1.63,50399,4356,48.7,95,24544,47879,2,0.15,4,1,3,0,0,0,,0,2,1,0,0,0,0,0,1,0,SAA|CIAR,0,0,3,1,18408000,21.6980299,27.68,36.621,7.7509,الذرعان,36013,216,3
Oued Alleug,Blida,Commune,33915,40710,1.84,56553,,43.4,93.75,24123,49416.5,4,0.25,,,,,0,0,,0,2,1,0,0,0,0,0,1,0,SAA|CIAR,0,0,3,1,18092250,21.54025731,27.68,36.555837,2.789636,,,216,13
Taougrite,Chlef,Commune,24267,27574,1.29,34703,27574,39.3,91.9,13638,31892,4,0.25,5,2,3,0,0,0,,0,0,0,0,0,0,0,0,0,0,,0,0,2,2,10228500,30.11093269,27.57,36.2460876,0.8993445,تاوقريت,2006,219,10
Theniet El Had,Tissemsilt,Commune,28788,30777,0.67,34710,7841,39.2,92.2,13606,32003,2,0.15,4,4,0,0,0,0,,0,0,0,0,0,0,0,0,0,0,,0,0,2,2,10204500,30.09894047,27.44,35.8078,2.0297,ثنية الاحد,38003,220,2
Zeboudja,Chlef,Commune,23079,26539,1.41,34126,26539,39.6,87.8,13514,29963,4,0.25,2,2,0,0,0,0,,0,0,0,0,0,0,0,0,0,0,,0,0,2,2,10135500,30.06446285,27.27,36.3910799,1.3907765,الزبوجة,2020,221,11
Sidi M'hamed,M'Sila,Commune,6225,8300,2.92,13931,43835,39.9,91.3,16149,36953,4,0.25,220,176,42,2,0,1,Urbain/Résidentiel,0,0,0,0,0,0,0,0,0,0,,0,0,0,0,12111750,6.051946908,25.77,34.773507,4.321723,,,222,12
Sidi M'Hamed,El Djazaïr [Algiers],Commune,90455,67873,-2.83,40474,43835,39.9,91.3,16149,36953,4,0.25,220,176,42,2,0,1,Urbain/Résidentiel,0,0,0,0,0,0,0,0,0,0,,0,0,2,2,12111750,31.05194691,25.77,36.7535,3.04989,,,222,17
Bayadha,El Oued,Commune,26535,32926,2.18,48555,22755,37.4,92,18160,44671,0,0,16,1,15,0,0,0,,0,1,0,0,0,0,1,0,0,0,CAAT,0,0,3,2,13620000,31.80558275,25.07,33.2697,6.9159,البياضة,39004,224,5
Arris,Batna,Commune,24607,30207,2.07,43691,19635,43.8,81.5,19137,35608,1,0.1,1239,1237,0,2,0,0,,0,1,0,0,0,1,0,0,0,0,CAAR,0,0,2,1,14352750,19.67172011,24.7,35.3105194,6.2007524,اريس,5016,225,5
Blidet Amor,Ouargla,Commune,12135,14540,1.82,20133,,41.9,90.7,13189.5,26625,0,0,,,,,0,0,,0,0,0,0,0,0,0,0,0,0,,0,0,1,1,9892125,17.44285428,24.19,32.941713,5.974427,,,226,7
Zaouia El Abidia,Ouargla,Commune,15381,19993,2.66,32054,10330,39.5,89.1,12661,28560,0,0,,,,,0,0,,0,0,0,0,0,0,0,0,0,0,,0,0,2,2,9495750,29.74479533,23.89,33.072,6.0809,الزاوية العابدية,30009,227,8
Hassani Abdelkrim,El Oued,Commune,17207,22755,2.83,37631,2513,34.4,81,12945,30481,0,0,6,4,2,0,0,0,,0,0,0,0,0,0,0,0,0,0,,0,0,2,2,9708750,29.85122625,23.89,33.412,6.8939,بلدية حساني عبد الكريم,39012,227,6
Robbah,El Oued,Commune,17243,21965,2.45,33958,5172,37.9,90.1,12870,30596,0,0,2,1,1,0,0,0,,0,0,0,0,0,0,0,0,0,0,,0,0,2,2,9652500,29.82311949,23.89,33.2146,6.9104,رباح,39002,227,6
Mohammadia,El Djazaïr [Algiers],Commune,42079,62543,4.04,127639,30575,49.9,93.2,63692,118960,4,0.25,806,569,237,0,0,0,,0,8,5,1,0,0,0,0,2,0,SAA|ALLIANCE|CIAR,0,0,8,0,47769000,20,23.64,36.7353224,3.1359743,المحمدية,16029,230,18
Mohammadia,Mascara,Commune,71366,84700,1.73,115289,30575,49.9,93.2,63692,118960,4,0.25,806,569,237,0,0,0,,0,8,5,1,0,0,0,0,2,0,SAA|ALLIANCE|CIAR,0,0,7,0,47769000,20,23.64,36.7353224,3.1359743,المحمدية,16029,230,4
Chabet el Ameur,Boumerdès,Commune,30223,33459,1.02,40182,7034,45.8,91.9,18403,36927,2,0.15,65,54,11,0,0,0,,0,1,1,0,0,0,0,0,0,0,SAA,0,0,2,1,13802250,19.39664864,23.44,36.5703,3.6996,شعبة العامر,35014,232,7
Mechroha,Souk Ahras,Commune,17189,21802,2.41,33446,21802,39.1,84.6,13077,28295,1,0.1,,,,,0,0,,0,0,0,0,0,0,0,0,0,0,,0,0,2,2,9807750,29.90069414,23.11,36.2941,7.836,المشروحة,41004,233,2
Bougtoub,El Bayadh,Commune,13605,18568,3.16,32500,3252,40.9,85.4,13292,27755,1,0.1,1,0,1,0,0,0,,0,0,0,0,0,0,0,0,0,0,,0,0,2,2,9969000,29.98126685,23.11,33.9775,0.0879,بوقطب,32010,233,1
Tlemcen,Tlemcen,Province Capital,132341,140158,0.58,155410,,45.6,92.3,536874,11322,1,0.1,119,106,13,0,0,0,,0,17,0,5,1,2,5,1,2,1,ALLIANCE|AXA|CAAR|CAAT|CASH|CIAR|TRUST,0,0,10,0,402655500,20,23.05,34.8959491,-1.3501175,تلمسان,13001,235,5
Medjedel,M'Sila,Commune,18616,21058,1.24,26289,2289,48.4,88,12724,23134,1,0.1,,,,,0,0,,0,0,0,0,0,0,0,0,0,0,,0,0,1,1,9543000,17.26840501,22.8,35.0618873,3.3440071,مجدل,28042,236,13
Aïn Deheb,Tiaret,Commune,25366,28595,1.21,35478,20380,36.1,92.8,12808,32924,1,0.1,,,,,0,0,,0,0,0,0,0,0,0,0,0,0,,0,0,2,2,9606000,29.79988457,22.8,34.847125,1.530876,عين الذهب,14006,236,6
Ouled Addi Guebala,M'Sila,Commune,22369,25456,1.3,32125,6686,40.3,88.4,12946,28398,1,0.1,2,2,0,0,0,0,,0,0,0,0,0,0,0,0,0,0,,0,0,2,2,9709500,29.85160101,22.8,35.676541,4.7484866,اولاد عدي لقبالة,28014,236,13
Cheraia,Skikda,Commune,13788,18759,3.13,32650,18759,39.7,94.6,12962,30887,1,0.1,3,3,0,0,0,0,,0,0,0,0,0,0,0,0,0,0,,0,0,2,2,9721500,29.85759712,22.8,37.0030051,6.4972247,الشرايع,21031,236,10
Bologhine,El Djazaïr [Algiers],Commune,43283,43835,0.13,44846,,48,93.35,29822.5,57347,4,0.25,,,,,0,0,,0,3,3,0,0,0,0,0,0,0,SAA,0,0,2,0,22366875,11.17618346,21.74,36.8039256,3.0296193,بولوغين,16006,240,19
Ouled Chebel,El Djazaïr [Algiers],Commune,16335,20006,2.05,28816,68354,46.4,94.1,13371,27116,4,0.25,178,36,140,2,0,0,,0,0,0,0,0,0,0,0,0,0,,0,0,1,1,10028250,17.51087263,21.59,36.6082831,2.9737753,أولاد الشبل,16036,241,20
Tidjelabine,Boumerdès,Commune,13888,18266,2.78,29912,7882,44.6,95.4,13341,28536,4,0.25,43,33,5,5,0,0,,0,0,0,0,0,0,0,0,0,0,,0,0,1,1,10005750,17.49962993,21.59,36.6651,3.4964,تيجلابين,35013,241,8
Oum Drou,Chlef,Commune,17314,21326,2.11,31034,21326,41.9,93.5,13003,29017,4,0.25,3,3,0,0,0,0,,0,0,0,0,0,0,0,0,0,0,,0,0,2,2,9752250,29.87296214,21.59,36.2034869,1.3460801,أم الذروع,2033,241,12
Oued El Aneb,Annaba,Commune,17306,21088,2,30099,32870,44.2,96.2,13304,28955,2,0.15,37,5,32,0,0,0,,0,0,0,0,0,0,0,0,0,0,,0,0,2,2,9978000,29.98576393,21.46,36.936216,7.4220268,وادي العنب,23006,244,4
Lardjem,Tissemsilt,Commune,23151,25217,0.86,29411,5027,44.9,91.6,13206,26940,2,0.15,1,1,0,0,0,0,,0,0,0,0,0,0,0,0,0,0,,0,0,1,1,9904500,17.44903777,21.46,35.6852,1.5491,لارجم,38006,244,3
Bouhadjar,El Tarf,Commune,16385,20215,2.12,29504,8195,44.6,92.9,13159,27409,2,0.15,,,,,0,0,,0,0,0,0,0,0,0,0,0,0,,0,0,1,1,9869250,17.4314242,21.46,36.4401,8.1052,بوحجار,36002,244,4
Timizart,Tizi Ouzou,Commune,27878,28996,0.39,31123,9731,41.8,92.7,13009,28851,2,0.15,104,43,61,0,0,0,,0,0,0,0,0,0,0,0,0,0,,0,0,2,2,9756750,29.87521068,21.46,36.7971206,4.1694482,تيميزارت,15008,244,2
Sirat,Mostaganem,Commune,17979,21677,1.89,30354,17223,43.3,78.8,13143,23919,2,0.15,126,112,14,0,0,0,,0,0,0,0,0,0,0,0,0,0,,0,0,2,2,9857250,29.92542809,21.46,35.780582,0.183571,سيرات,27020,244,7
Mediouna,Relizane,Commune,28733,30744,0.68,34725,15422,38.4,93.2,13334,32364,2,0.15,,,,,0,0,,0,0,0,0,0,0,0,0,0,0,,0,0,2,2,10000500,29.99700663,21.46,36.0524,0.7498,مديونة,48009,244,5
Boumerdès,Boumerdès,Province Capital,33646,41685,2.17,61300,,48.1,92.35,567364,23706,2,0.15,613,496,117,0,0,1,Urbain,0,11,1,3,1,1,3,1,1,0,SAA|ALLIANCE|AXA|CAAR|CAAT|CASH|CIAR,0,0,4,0,425523000,20,21.3,36.7048,3.4662,بومرداس,35001,250,9
Sendjas,Chlef,Commune,26228,29043,1.02,34893,29043,35.8,92.4,12492,32241,3,0.2,2,1,1,0,0,0,,0,0,0,0,0,0,0,0,0,0,,0,0,2,2,9369000,29.68146144,21.29,36.0396831,1.2713566,سنجاس,2019,251,13
Tadmaït,Tizi Ouzou,Commune,21547,22838,0.58,25360,67873,49.6,93.7,12579,23762,2,0.15,124,119,5,0,0,0,,0,0,0,0,0,0,0,0,0,0,,0,0,1,1,9434250,17.21406528,21.16,36.7209434,3.8253437,تادمايت,15064,252,3
Oued Ghir,Béjaïa,Commune,15728,19345,2.09,28079,29404,45.2,92.3,12692,25917,2,0.15,198,162,35,1,0,0,,0,0,0,0,0,0,0,0,0,0,,0,0,1,1,9519000,17.25641279,21.16,36.7149207,4.9085928,وادي غير,6051,252,2
Oued El Djemaa,Relizane,Commune,20844,23480,1.2,29093,7990,43.7,88.2,12714,25660,2,0.15,,,,,0,0,,0,0,0,0,0,0,0,0,0,0,,0,0,1,1,9535500,17.26465744,21.16,35.7343,0.6812,وادى الجمعة,48026,252,6
Timezrit,Boumerdès,Commune,10699,9991,-0.68,8833,32954,37.8,90.8,12658,30405,2,0.15,48,27,21,0,0,0,,0,0,0,0,0,0,0,0,0,0,,0,0,0,0,9493500,4.743671061,21.16,36.61,3.8068,تمزريت,35018,252,10
Rouached,Mila,Commune,25399,27086,0.65,30410,27086,41.5,95.4,12620,29011,2,0.15,35,33,1,1,0,0,,0,0,0,0,0,0,0,0,0,0,,0,0,2,2,9465000,29.7294303,21.16,36.2121,6.2677,رواشد,43015,252,2
Draâ El-Kaïd,Béjaïa,Commune,27900,29221,0.46,31758,12624,39.8,93.9,12640,29821,2,0.15,6,6,0,0,0,0,,0,0,0,0,0,0,0,0,0,0,,0,0,2,2,9480000,29.73692544,21.16,36.440056,5.234867,,,252,2
Chekfa,Jijel,Commune,25187,26553,0.53,29201,26553,44.3,95.1,12936,27770,2,0.15,225,225,0,0,0,0,,0,0,0,0,0,0,0,0,0,0,,0,0,1,1,9702000,17.34785344,21.16,36.7728541,5.9468436,الشقفة,18007,252,5
Timezrit,Béjaïa,Commune,22392,25853,1.45,33486,32954,37.8,90.8,12658,30405,2,0.15,48,27,21,0,0,0,,0,0,0,0,0,0,0,0,0,0,,0,0,2,2,9493500,29.74367106,21.16,36.61,3.8068,تمزريت,35018,252,2
Ras El Ma,Sidi Bel Abbès,Commune,14862,18644,2.29,28040,2476,45.8,91.6,12842,25685,2,0.15,4,4,0,0,0,0,,0,0,0,0,0,0,0,0,0,0,,0,0,1,1,9631500,17.3126263,21.16,34.5039368,-0.8212282,رأس الماء,22023,252,5
Birine,Djelfa,Commune,26617,30913,1.51,40468,7933,41.4,67.3,16754,27235,1,0.1,,,,,0,0,,0,1,0,1,0,0,0,0,0,0,ALLIANCE,0,0,2,1,12565500,18.77867475,20.59,35.6315904,3.2060765,البيرين,17008,261,12
Sidi Benyebka,Oran,Commune,5893,7516,2.46,11645,,45.9,90.55,16530,31606.5,2,0.15,,,,,0,0,,0,1,1,0,0,0,0,0,0,0,SAA,0,0,0,0,12397500,6.194729234,20.34,35.829287,-0.393432,,,262,10
Aïn Béïda,Oum El Bouaghi,Commune,92197,118662,2.56,186888,17598,45,94.2,13988,29281,0,0,2,2,0,0,0,0,,0,4,1,1,0,1,0,0,1,0,SAA|ALLIANCE|CAAR|CIAR,0,0,12,8,10491000,55.24209755,20.05,35.7948292,7.3338883,عين البيضاء,4002,263,4
Aïn Beida,Ouargla,Commune,14500,19039,2.76,31084,17598,45,94.2,13988,29281,0,0,2,2,0,0,0,0,,0,4,1,1,0,1,0,0,1,0,SAA|ALLIANCE|CAAR|CIAR,0,0,2,0,10491000,5.242097551,20.05,35.7948292,7.3338883,عين البيضاء,4002,263,9
Lakhdaria,Bouira,Commune,52723,59746,1.26,74828,16173,46,94.4,34421,70638,2,0.15,34,26,8,0,0,0,,0,3,1,1,0,1,0,0,0,0,SAA|ALLIANCE|CAAR,0,0,4,1,25815750,25.39950242,19.97,36.5613265,3.5173819,الأخضرية,10013,265,3
Bougaa,Sétif,Commune,28431,30987,0.86,36181,14798,47.6,91.2,17222,32997,2,0.15,4,4,0,0,0,0,,0,1,0,0,0,0,0,0,1,0,CIAR,0,0,2,1,12916500,18.95406091,19.79,36.3394384,5.0449321,بوقاعـة,19043,266,7
Douaouda,Tipaza,Commune,17283,22408,2.63,35761,10411,46.8,92.3,16736,33007,4,0.25,103,92,11,0,0,0,,0,1,1,0,0,0,0,0,0,0,SAA,0,0,2,1,12552000,18.77192913,19.79,36.6034,2.7823,دواودة,42004,266,6
Timimoun,Adrar,Commune,28595,33060,1.46,42927,33060,41.2,93.6,17686,40180,2,0.15,,,,,0,0,,0,1,0,0,0,0,0,0,1,0,CIAR,0,0,2,1,13264500,19.12794805,19.79,29.2536341,0.218653,تيميمون,1009,266,5
Bouguirat,Mostaganem,Commune,26954,31469,1.56,41586,25196,42,86.2,17466,35847,2,0.15,27,6,21,0,0,0,,0,1,0,0,0,0,0,0,1,0,CIAR,0,0,2,1,13099500,19.04550156,19.79,35.751283,0.2465079,بوقيراط,27019,266,8
Bouchegouf,Guelma,Commune,20921,25443,1.98,36186,79952,49.2,93.4,17804,33798,2,0.15,14,14,0,0,0,0,,0,1,0,1,0,0,0,0,0,0,ALLIANCE,0,0,2,1,13353000,19.17216935,19.79,36.4698174,7.7139471,بوشقوف,24025,266,2
Zemmouri,Boumerdès,Commune,21012,26408,2.31,39849,19356,44.4,90.6,17693,36103,2,0.15,44,39,5,0,0,0,,0,1,0,0,0,0,0,0,1,0,CIAR,0,0,2,1,13269750,19.13057134,19.79,36.7202,3.6008,زموري,35011,266,11
Aïn Kercha,Oum El Bouaghi,Commune,27255,32377,1.74,44143,12318,41.8,86.4,18452,38140,1,0.1,9,6,2,1,0,0,,0,2,0,1,0,0,0,0,1,0,ALLIANCE|CIAR,0,0,2,0,13839000,6.915011725,19.24,35.9275632,6.6811426,عين كرشة,4012,272,5
Boutlelis,Oran,Commune,17599,22898,2.67,36775,4387,46.3,90.5,17027,33281,2,0.15,39,29,10,0,0,1,Zone d'activités Boutlélis,0,1,0,0,0,0,0,0,1,0,CIAR,0,0,2,1,12770250,18.88098334,19.12,35.5076,-0.9009,بوتليليس,31024,273,11
Laghouat,Laghouat,Province Capital,107273,144747,3.04,248213,,37.5,83.35,327987,7791.5,1,0.1,532,509,21,2,1,1,ZI Bouchaker,1,7,0,2,1,1,1,0,2,0,ALLIANCE|AXA|CAAR|CAAT|CIAR,1,1,16,8,245990250,20,19.06,33.7939523,2.8368501,الأغواط,3001,274,7
Khraicia,El Djazaïr [Algiers],Commune,17690,27910,4.67,63419,,48,93.35,29822.5,57347,4,0.25,,,,,0,0,,0,4,2,1,0,0,0,0,1,0,SAA|ALLIANCE|CIAR,0,0,4,0,22366875,11.17618346,18.99,36.677191,2.982336,,,275,21
Sidi Amrane,El Oued,Commune,18732,21772,1.52,28541,10161,42.1,94.7,12016,27028,0,0,2,2,0,0,0,0,,0,0,0,0,0,0,0,0,0,0,,0,0,1,1,9012000,17.00307722,18.3,33.4303,6.0123,سيدي عمران,39030,276,8
Aïn M'lila,Oum El Bouaghi,Commune,69798,88441,2.4,135429,2477,44.5,79.3,60266,107395,1,0.1,407,172,229,6,1,1,ZI Ain M'lila,1,3,0,0,0,1,0,0,2,0,CAAR|CIAR,1,1,9,5,45199500,20,18.2,36.0260869,6.4239017,عين مليلة,4003,277,6
In Ghar,Tamanrasset,Commune,8059,11225,3.37,20381,14655,48.9,87.2,9966,17772,0,0,,,,,0,0,,0,0,0,0,0,0,0,0,0,0,,0,0,1,1,7474500,16.23482586,18.08,27.1037909,1.8904637,عـيـن غــار,11003,278,2
Chetma,Biskra,Commune,8677,13699,4.67,31165,4923,44.2,76.1,13775,23717,1,0.1,4,2,1,1,0,0,,0,1,0,0,0,0,0,0,1,0,CIAR,0,0,2,1,10331250,17.66227436,18.04,34.8655388,5.7729266,شتمة,7004,279,7
N'Goussa,Ouargla,Commune,13344,16581,2.2,24513,8803,39.8,91.9,9756,22527,0,0,2,2,0,0,0,0,,0,0,0,0,0,0,0,0,0,0,,0,0,1,1,7317000,16.15612695,17.91,32.34339,5.340405,,,280,10
Selmana,Djelfa,Commune,14008,19471,3.35,35222,24028,38.5,79,13560,27825,1,0.1,,,,,0,0,,0,1,1,0,0,0,0,0,0,0,SAA,0,0,2,1,10170000,17.58170166,17.86,34.1762848,3.5904298,سلمانة,17022,281,13
Rouina,Aïn Defla,Commune,17437,21572,2.15,31641,10710,42.5,90.5,13447,28635,4,0.25,52,24,28,0,0,0,,0,0,0,0,0,0,0,0,0,0,,0,0,2,2,10085250,30.03935414,17.84,36.1867,1.8155,روينة,44016,282,5
Ouldja Boulballout,Skikda,Commune,4045,4488,1.04,5411,,43.8,94.6,13408,30887,2,0.15,,,,,0,0,,0,0,0,0,0,0,0,0,0,0,,0,0,0,0,10056000,5.024738631,17.71,36.820054,6.388021,,,283,11
Oued Zehour,Skikda,Commune,6602,6744,0.21,7007,,43.8,94.6,13408,30887,2,0.15,,,,,0,0,,0,0,0,0,0,0,0,0,0,0,,0,0,0,0,10056000,5.024738631,17.71,36.922037,6.3040281,وادي الزهور,21014,283,11
Ouled Hbaba,Skikda,Commune,7959,8369,0.5,9161,,43.8,94.6,13408,30887,2,0.15,,,,,0,0,,0,0,0,0,0,0,0,0,0,0,,0,0,0,0,10056000,5.024738631,17.71,36.491676,6.939741,,,283,11
Kheneg Mayoum,Skikda,Commune,4382,4587,0.46,4980,,43.8,94.6,13408,30887,2,0.15,,,,,0,0,,0,0,0,0,0,0,0,0,0,0,,0,0,0,0,10056000,5.024738631,17.71,36.8777912,6.9357204,خنق مايوم,21036,283,11
Bin El Ouiden,Skikda,Commune,17587,21629,2.09,31388,,43.8,94.6,13408,30887,2,0.15,,,,,0,0,,0,0,0,0,0,0,0,0,0,0,,0,0,2,2,10056000,30.02473863,17.71,36.808195,6.566837,,,283,11
Beni Bechir,Skikda,Commune,8450,9640,1.33,12220,,43.8,94.6,13408,30887,2,0.15,,,,,0,0,,0,0,0,0,0,0,0,0,0,0,,0,0,0,0,10056000,5.024738631,17.71,36.800348,6.980574,,,283,11
Aïn Charchar,Skikda,Commune,13717,15725,1.38,20109,,43.8,94.6,13408,30887,2,0.15,,,,,0,0,,0,0,0,0,0,0,0,0,0,0,,0,0,1,1,10056000,17.52473863,17.71,36.733178,7.221966,,,283,11
M'Chedallah,Bouira,Commune,21593,24406,1.23,30425,6738,44.2,93.5,13448,28447,2,0.15,71,62,9,0,0,0,,0,0,0,0,0,0,0,0,0,0,,0,0,2,2,10086000,30.0397289,17.71,36.364686,4.271172,,,283,4
Zerdaza,Skikda,Commune,12258,12555,0.24,13108,,43.8,94.6,13408,30887,2,0.15,,,,,0,0,,0,0,0,0,0,0,0,0,0,0,,0,0,0,0,10056000,5.024738631,17.71,36.586415,6.91207,,,283,11
Meskiana,Oum El Bouaghi,Commune,25849,28315,0.92,33362,7107,44.6,82.8,14879,27624,1,0.1,,,,,0,0,,0,1,0,0,0,1,0,0,0,0,CAAR,0,0,2,1,11159250,18.07600582,17.37,35.6297416,7.6523636,مسكيانة,4024,292,7
Sabra,Tlemcen,Commune,24622,28555,1.49,37284,28555,42.5,93.6,15846,34898,1,0.1,1,1,0,0,0,0,,0,1,0,1,0,0,0,0,0,0,ALLIANCE,0,0,2,1,11884500,18.43839561,17.37,34.8255654,-1.5368414,صبرة,13006,292,6
Tébessa,Tébessa,Province Capital,161440,196537,1.99,280043,,43,88.9,376594,10908,1,0.1,203,88,113,2,1,1,ZI Tébessa,2,11,1,2,1,2,3,1,1,0,SAA|ALLIANCE|AXA|CAAR|CAAT|CASH|CIAR,1,2,18,5,282445500,20,17.36,35.4117209,8.0755254,تبسة,12001,294,1
Dely Ibrahim,El Djazaïr [Algiers],Commune,30576,35230,1.43,45464,,48,93.35,29822.5,57347,4,0.25,,,,,0,0,,0,6,0,2,1,0,0,1,2,0,ALLIANCE|AXA|CASH|CIAR,0,0,3,0,22366875,11.17618346,17.35,36.7567281,2.962446,دالي ابراهيم,16023,295,22
Oued El Ma,Batna,Commune,16947,20288,1.82,28048,7236,40.1,94.9,11247,26618,1,0.1,,,,,0,0,,0,0,0,0,0,0,0,0,0,0,,0,0,1,1,8435250,16.71488927,17.21,35.6696259,5.952935,واد الماء,5033,296,6
Beni Mester,Tlemcen,Commune,15671,18651,1.76,25515,18651,42.6,94.1,10869,24010,1,0.1,1,1,0,0,0,0,,0,0,0,0,0,0,0,0,0,0,,0,0,1,1,8151750,16.57323122,17.21,34.8639575,-1.4356042,بني مستار,13002,296,7
Seriana,Batna,Commune,11714,15445,2.8,25406,10225,47.6,91.2,12093,23170,1,0.1,9,9,0,0,0,0,,0,0,0,0,0,0,0,0,0,0,,0,0,1,1,9069750,17.03193349,17.21,35.7161562,6.127064,سريانة,5005,296,6
El Aouinet,Tébessa,Commune,19385,21682,1.13,26524,196537,45,94.2,11936,24986,1,0.1,18,16,2,0,0,0,,0,0,0,0,0,0,0,0,0,0,,0,0,1,1,8952000,16.97309668,17.21,35.8685842,7.8693435,العوينات,12005,296,2
Dahmouni,Tiaret,Commune,17392,20380,1.6,27111,7569,45.1,69.3,12227,18788,1,0.1,24,11,13,0,0,0,,0,0,0,0,0,0,0,0,0,0,,0,0,1,1,9170250,17.0821509,17.21,35.4166137,1.4674473,دحموني,14013,296,7
Aïn Oussara,Djelfa,Commune,82597,101239,2.06,146029,,40.6,70.7,10077,19389,1,0.1,,,,,0,0,,0,3,0,1,0,0,0,0,2,0,ALLIANCE|CIAR,0,0,9,6,7557750,53.77642386,17.2,35.079863,3.025529,,,301,14
Souahlia,Tlemcen,Commune,20823,22245,0.66,25054,22245,42.2,90.8,10573,22749,1,0.1,,,,,0,0,,0,0,0,0,0,0,0,0,0,0,,0,0,1,1,7929750,16.46230322,17.04,35.0438386,-1.9086172,تونان,13029,302,8
El Ghrous,Biskra,Commune,12846,16408,2.48,25490,35032,41,94.5,10451,24088,1,0.1,1,0,1,0,0,0,,0,0,0,0,0,0,0,0,0,0,,0,0,1,1,7838250,16.41658289,17.04,34.7175474,5.0903931,الغروس,7031,302,8
Zaccar,Djelfa,Commune,3142,1809,-5.37,670,,40.6,70.7,10077,19389,1,0.1,,,,,0,0,,0,0,0,0,0,0,0,0,0,0,,0,0,0,0,7557750,3.776423865,17.04,34.4305669,3.3213472,زكار,17010,302,15
Sigus,Oum El Bouaghi,Commune,14944,17598,1.65,23619,13112,43,91.8,10156,21682,1,0.1,9,4,5,0,0,0,,0,0,0,0,0,0,0,0,0,0,,0,0,1,1,7617000,16.30602965,17.04,36.1085199,6.603674,سيقوس,4006,302,8
Faidh El Botma,Djelfa,Commune,20664,32501,4.63,73439,,40.6,70.7,10077,19389,1,0.1,,,,,0,0,,0,0,0,0,0,0,0,0,0,0,,0,0,4,4,7557750,53.77642386,17.04,34.52866,3.784909,,,302,15
Hassi Fedoul,Djelfa,Commune,12221,13171,0.75,15071,,40.6,70.7,10077,19389,1,0.1,,,,,0,0,,0,0,0,0,0,0,0,0,0,0,,0,0,1,1,7557750,16.27642386,17.04,35.4392023,2.1992396,حاسي فدول,17033,302,15
Moudjebara,Djelfa,Commune,10365,14052,3.09,24302,,40.6,70.7,10077,19389,1,0.1,,,,,0,0,,0,0,0,0,0,0,0,0,0,0,,0,0,1,1,7557750,16.27642386,17.04,34.5040006,3.4597278,مجبرة,17002,302,15
Tadmit,Djelfa,Commune,6172,10359,5.31,26310,9954,38.3,91.4,10077,24047,1,0.1,,,,,0,0,,0,0,0,0,0,0,0,0,0,0,,0,0,1,1,7557750,16.27642386,17.04,34.2833322,2.9745782,تعضميت,17036,302,15
Oued El Abtal,Mascara,Commune,19184,21278,1.04,25640,15170,41.2,81.8,10564,20974,1,0.1,3,3,0,0,0,0,,0,0,0,0,0,0,0,0,0,0,,0,0,1,1,7923000,16.45893041,17.04,35.3924,0.6894,واد الأبطال,29010,302,5
Sidi Ladjel,Djelfa,Commune,11776,13661,1.5,17847,,40.6,70.7,10077,19389,1,0.1,,,,,0,0,,0,0,0,0,0,0,0,0,0,0,,0,0,1,1,7557750,16.27642386,17.04,35.4433626,2.4941109,سيدي لعجال,17019,302,15
El Guedid,Djelfa,Commune,11059,12833,1.5,16774,,40.6,70.7,10077,19389,1,0.1,,,,,0,0,,0,0,0,0,0,0,0,0,0,0,,0,0,1,1,7557750,16.27642386,17.04,34.646898,2.6057338,القديد,17003,302,15
Didouche Mourad,Constantine,Commune,33266,44951,3.06,77280,28411,44.5,94.9,34390,73339,4,0.25,314,125,185,4,1,1,ZI,1,0,0,0,0,0,0,0,0,0,,1,1,5,4,25792500,18.57757699,16.96,36.4639526,6.5927385,ديدوش مراد,25005,313,6
Djanet,Illizi,Commune,9699,14655,4.21,30807,290645,49.5,94.4,15249,29082,4,0.25,4,1,3,0,0,0,,0,1,0,0,0,0,0,0,1,0,CIAR,0,0,2,1,11436750,18.21466582,16.56,24.4821,9.4839,جانت,33002,314,2
Beni Slimane,Médéa,Commune,31588,33779,0.67,38113,9661,42.1,92,16046,35064,2,0.15,10,6,4,0,0,0,,0,1,1,0,0,0,0,0,0,0,SAA,0,0,2,1,12034500,18.51334696,16.56,36.2181313,3.2412217,بني سليمان,26046,314,3
El Abiodh Sidi Cheikh,El Bayadh,Commune,20675,24949,1.9,34990,1750,42.6,79.6,14906,27852,2,0.15,,,,,0,0,,0,1,0,0,0,0,0,0,1,0,CIAR,0,0,2,1,11179500,18.08612426,16.56,32.8311,0.5383,الابيض سيدي الشيخ,32007,314,2
Gouraya,Tipaza,Commune,17165,20144,1.61,26869,83254,45,94.7,12091,25445,4,0.25,97,34,63,0,0,0,,0,0,0,0,0,0,0,0,0,0,,0,0,1,1,9068250,17.03118398,16.44,36.5041,1.9061,ڨورايا,42014,317,7
Djinet,Boumerdès,Commune,20022,21966,0.93,25953,20705,44.4,91,11523,23617,4,0.25,17,11,5,1,0,0,,0,0,0,0,0,0,0,0,0,0,,0,0,1,1,8642250,16.81832214,16.44,36.8148,3.7244,جنات,35009,317,12
Dahra,Chlef,Commune,21284,23802,1.12,29109,23802,39.6,79.2,11527,23054,4,0.25,1,1,0,0,0,0,,0,0,0,0,0,0,0,0,0,0,,0,0,1,1,8645250,16.81982117,16.44,36.2551398,0.8432006,الظهرة,2017,317,14
Bouzeghaia,Chlef,Commune,20268,22590,1.09,27460,22590,44.4,92.2,12192,25318,4,0.25,1,1,0,0,0,0,,0,0,0,0,0,0,0,0,0,0,,0,0,1,1,9144000,17.06903441,16.44,36.360588,1.262723,,,317,14
Beni Rached,Chlef,Commune,21069,23449,1.08,28431,23449,37.9,93.4,10775,26555,4,0.25,8,3,5,0,0,0,,0,0,0,0,0,0,0,0,0,0,,0,0,1,1,8081250,16.53800408,16.44,36.2930145,1.4611361,بني راشد,2013,317,14
Leghata,Boumerdès,Commune,11884,13692,1.43,17667,,45.7,92.35,12314,23706,4,0.25,,,,,0,0,,0,0,0,0,0,0,0,0,0,0,,0,0,1,1,9235500,17.11475474,16.44,36.788851,3.683437,,,317,12
Boudouaou El Bahri,Boumerdès,Commune,10512,14209,3.06,24442,22408,45.7,94.3,11170,23049,4,0.25,91,75,12,4,0,0,,0,0,0,0,0,0,0,0,0,0,,0,0,1,1,8377500,16.686033,16.44,36.7114,3.3865,بودواو البحرى,35032,317,12
Maoussa,Mascara,Commune,18104,20719,1.36,26414,7379,44,79.5,11622,20999,2,0.15,9,9,0,0,0,0,,0,0,0,0,0,0,0,0,0,0,,0,0,1,1,8716500,16.85542306,16.31,35.314,0.2472,ماوسة,29005,324,6
Beni Haoua,Chlef,Commune,17602,20853,1.71,28292,20853,42,81.8,11883,23143,2,0.15,1,1,0,0,0,0,,0,0,0,0,0,0,0,0,0,0,,0,0,1,1,8912250,16.95323457,16.31,36.4938241,1.5198873,بني حواء,2007,324,17
Sidi Kada,Mascara,Commune,17843,20614,1.45,26731,28823,41.9,92.2,11200,24646,2,0.15,6,6,0,0,0,0,,0,0,0,0,0,0,0,0,0,0,,0,0,1,1,8400000,16.69727571,16.31,35.2692,0.3488,سيدي قادة,29008,324,6
Boumahra Ahmed,Guelma,Commune,15273,17834,1.56,23574,9397,47.8,91,11268,21452,2,0.15,20,12,8,0,0,0,,0,0,0,0,0,0,0,0,0,0,,0,0,1,1,8451000,16.72275917,16.31,36.4588487,7.5044774,بومهرة أحمد,24031,324,3
Bordj Bou Naama,Tissemsilt,Commune,18394,20864,1.27,26176,10839,43.8,90.2,11465,23611,2,0.15,,,,,0,0,,0,0,0,0,0,0,0,0,0,0,,0,0,1,1,8598750,16.79658625,16.31,35.7855,1.6177,برج بونعامة,38002,324,4
Belkheir,Guelma,Commune,14979,17649,1.65,23711,16391,45.3,95.7,10741,22691,2,0.15,6,4,2,0,0,0,,0,0,0,0,0,0,0,0,0,0,,0,0,1,1,8055750,16.52526235,16.31,36.463418,7.476379,,,324,3
Ouzellaguen,Béjaïa,Commune,21547,22719,0.53,24992,29842,46.8,94.5,11696,23617,2,0.15,38,38,0,0,0,0,,0,0,0,0,0,0,0,0,0,0,,0,0,1,1,8772000,16.88315506,16.31,36.547852,4.576698,,,324,5
El Amria,Aïn Témouchent,Commune,19632,21790,1.05,26290,7512,43.9,90.7,11541,23845,2,0.15,2,1,1,0,0,0,,0,0,0,0,0,0,0,0,0,0,,0,0,1,1,8655750,16.82506776,16.31,35.4607,-1.0162,العامرية,46019,324,4
Mezloug,Sétif,Commune,13373,16976,2.41,26081,27175,43.4,93.4,11319,24360,2,0.15,40,36,1,3,0,0,,0,0,0,0,0,0,0,0,0,0,,0,0,1,1,8489250,16.74187176,16.31,36.1050372,5.2373002,مزلوق,19033,324,8
Ben Badis,Sidi Bel Abbès,Commune,17617,20346,1.45,26367,11654,45.7,91.5,12050,24126,2,0.15,23,17,6,0,0,0,,0,0,0,0,0,0,0,0,0,0,,0,0,1,1,9037500,17.01581895,16.31,34.92614,-0.9757259,ابن باديس,22045,324,6
Maadid,M'Sila,Commune,22274,24168,0.82,27992,8074,41.6,89.8,11645,25137,2,0.15,5,5,0,0,0,0,,0,0,0,0,0,0,0,0,0,0,,0,0,1,1,8733750,16.86404246,16.31,35.7973219,4.6873829,المعاضيد,28002,324,15
Ouarizane,Relizane,Commune,18087,20069,1.05,24200,5138,44.3,91.5,10721,22143,2,0.15,,,,,0,0,,0,0,0,0,0,0,0,0,0,0,,0,0,1,1,8040750,16.51776722,16.31,35.9813,0.8981,ﻭﺍﺭﻳﺯﺍﻥ,48021,324,7
Bouteldja,El Tarf,Commune,15275,17738,1.51,23215,34378,48.4,93.2,11236,21636,2,0.15,1,1,0,0,0,0,,0,0,0,0,0,0,0,0,0,0,,0,0,1,1,8427000,16.71076695,16.31,36.4401,8.1052,بوثلجة,36008,324,5
Bir Haddada,Sétif,Commune,18233,20860,1.36,26579,48487,42.3,90,11243,23921,2,0.15,3,2,1,0,0,0,,0,0,0,0,0,0,0,0,0,0,,0,0,1,1,8432250,16.71339025,16.31,35.9625421,5.3953788,بئر حدادة,19034,324,8
Sour,Mostaganem,Commune,20625,22673,0.95,26885,27606,41.2,83.3,11077,22395,2,0.15,4,2,2,0,0,0,,0,0,0,0,0,0,0,0,0,0,,0,0,1,1,8307750,16.65118062,16.31,36.0006026,0.3356516,صور,27008,324,9
El Ouricia,Sétif,Commune,14507,18087,2.23,26902,30987,41.6,95,11191,25557,2,0.15,12,10,2,0,0,0,,0,0,0,0,0,0,0,0,0,0,,0,0,1,1,8393250,16.69390289,16.31,36.2706726,5.3148483,الأورسية,19037,324,8
Tamlouka,Guelma,Commune,16640,18894,1.28,23748,9492,45.1,96.8,10710,22988,2,0.15,5,5,0,0,0,0,,0,0,0,0,0,0,0,0,0,0,,0,0,1,1,8032500,16.51364489,16.31,36.1569512,7.1315431,تاملوكة,24005,324,3
Hassi Mefsoukh,Oran,Commune,7656,11856,4.47,26051,14219,44.2,93.2,11515,24280,2,0.15,,,,,0,0,,0,0,0,0,0,0,0,0,0,0,,0,0,1,1,8636250,16.81532408,16.31,35.7376,-0.3735,حاسي مفسوخ,31021,324,12
El Hachimia,Bouira,Commune,13482,17322,2.54,27197,12486,43,92.3,11695,25103,2,0.15,41,34,7,0,0,0,,0,0,0,0,0,0,0,0,0,0,,0,0,1,1,8771250,16.8827803,16.31,36.2227385,3.7198058,الھاشمية,10015,324,5
Hassi Ben Okba,Oran,Commune,9435,12906,3.18,22682,22898,49.2,91,11160,20641,2,0.15,7,7,0,0,0,0,,0,0,0,0,0,0,0,0,0,0,,0,0,1,1,8370000,16.68228544,16.31,35.664,-0.4669,حاسي بن عقبة,31019,324,12
Tablat,Médéa,Commune,28276,27919,-0.13,27288,4882,42.7,91.7,11652,25023,2,0.15,11,6,5,0,0,0,,0,0,0,0,0,0,0,0,0,0,,0,0,1,1,8739000,16.86666576,16.31,36.4231476,3.2734726,تابلاط,26052,324,4
Makouda,Tizi Ouzou,Commune,22548,23388,0.37,24980,3775,47.5,95,11866,23731,2,0.15,196,196,0,0,0,0,,0,0,0,0,0,0,0,0,0,0,,0,0,1,1,8899500,16.94686371,16.31,36.7937385,4.0162747,ماكودة,15009,324,4
Talaifacene,Sétif,Commune,17555,20337,1.48,26502,21385,43.2,87,11449,23057,2,0.15,,,,,0,0,,0,0,0,0,0,0,0,0,0,0,,0,0,1,1,8586750,16.79059014,16.31,35.9637883,5.6440518,تالة إيفاسن,19042,324,8
Emdjez Edchich,Skikda,Commune,16756,20079,1.83,27808,20079,41.4,94.6,11513,26306,2,0.15,75,74,1,0,0,0,,0,0,0,0,0,0,0,0,0,0,,0,0,1,1,8634750,16.81457457,16.31,36.7047297,6.7961489,مجاز الدشيش,21020,324,19
Tizi N'Bechar,Sétif,Commune,18719,21086,1.2,26126,17667,43.9,91.7,11469,23958,2,0.15,12,12,0,0,0,0,,0,0,0,0,0,0,0,0,0,0,,0,0,1,1,8601750,16.79808527,16.31,36.431488,5.359898,,,324,8
Sidi Saada,Relizane,Commune,14479,17558,1.95,24843,28962,44.6,95.4,11080,23700,2,0.15,,,,,0,0,,0,0,0,0,0,0,0,0,0,0,,0,0,1,1,8310000,16.65230489,16.31,35.6227,0.206,سيدي سعادة,48004,324,7
El Omaria,Médéa,Commune,17661,20705,1.6,27567,2671,42,92.5,11578,25499,2,0.15,23,20,3,0,0,0,,0,0,0,0,0,0,0,0,0,0,,0,0,1,1,8683500,16.83893376,16.31,36.3025098,2.9355786,العمارية,26007,324,4
El Bayadh,El Bayadh,Province Capital,64632,91632,3.55,171762,201263,40.1,94.1,158295,371460,2,0.15,51,31,20,0,0,0,,1,3,1,0,0,0,0,0,2,0,SAA|CIAR,1,1,11,7,118721250,14,16.3,33.6146,1.019,الـبـيـض,32001,351,3
Tamanrasset,Tamanrasset,Province Capital,72741,92635,2.45,143142,,44.9,87.2,125020,11566,2,0.15,2110,2095,12,3,0,0,,1,3,0,1,0,0,1,0,1,0,ALLIANCE|CAAT|CIAR,1,1,9,5,93765000,14,16.3,22.785937,5.52914,,,351,3
Ouled Ben Abdelkader,Chlef,Commune,17385,19952,1.39,25565,19952,41.3,92.5,10558,23648,4,0.25,11,6,5,0,0,0,,0,0,0,0,0,0,0,0,0,0,,0,0,1,1,7918500,16.45668187,16.27,35.9670371,1.192049,أولاد بن عبد القادر,2030,353,18
Damous,Tipaza,Commune,14432,17111,1.72,23248,11062,43.3,92.3,10066,21458,4,0.25,41,9,31,1,0,0,,0,0,0,0,0,0,0,0,0,0,,0,0,1,1,7549500,16.27230154,16.27,36.4865,1.7056,الداموس,42023,353,8
Ahmar El Aïn,Tipaza,Commune,25633,29566,1.44,38228,,45.25,92.6,9925.5,19407,4,0.25,,,,,0,0,,0,0,0,0,0,0,0,0,0,0,,0,0,2,2,7444125,28.71964822,16.27,36.501296,2.571653,,,353,8
Merad,Tipaza,Commune,18104,19916,0.96,23647,,45.25,92.6,9925.5,19407,4,0.25,,,,,0,0,,0,0,0,0,0,0,0,0,0,0,,0,0,1,1,7444125,16.21964822,16.27,36.476377,2.427295,,,353,8
Maghnia,Tlemcen,Commune,96302,114634,1.76,156868,114634,44.7,91.6,70120,143691,1,0.1,11,9,2,0,0,0,,1,2,0,1,0,1,0,0,0,0,ALLIANCE|CAAR,1,1,10,7,52590000,14,16.24,34.8481781,-1.780215,مغنية,13027,357,9
Aïn Boucif,Médéa,Commune,24434,26042,0.64,29208,8873,42.7,68.9,12472,20124,1,0.1,2,2,0,0,0,0,,0,0,0,0,0,0,0,0,0,0,,0,0,1,1,9354000,17.1739663,16.2,35.8347645,3.0031194,عين بوسيف,26004,358,6
Aïn Soltane,Souk Ahras,Commune,3266,3091,-0.55,2799,80359,43.9,94.1,12426,26635,1,0.1,,,,,0,0,,0,0,0,0,0,0,0,0,0,0,,0,0,0,0,9319500,4.656727493,16.2,34.9675528,0.3012402,عين السلطان,20016,358,3
Taleb Larbi,El Oued,Commune,3582,7074,7.04,24079,4978,38,90.5,9150,21791,0,0,2,1,1,0,0,0,,0,0,0,0,0,0,0,0,0,0,,0,0,1,1,6862500,15.92902435,16.19,33.6615,7.5174,طالب العربي,39014,360,9
Megarine,Ouargla,Commune,10996,13751,2.26,20564,39168,39.9,81.2,8205,16698,0,0,,,,,0,0,,0,0,0,0,0,0,0,0,0,0,,0,0,1,1,6153750,15.57487921,16.19,33.1272,6.0947,المقارين,30019,360,11
Abalessa,Tamanrasset,Commune,6484,9163,3.52,17076,6649,50,94.5,8538,16137,0,0,7,6,0,1,0,0,,0,0,0,0,0,0,0,0,0,0,,0,0,1,1,6403500,15.69967321,16.19,21.984742,2.2077874,أبلسة,11002,360,4
El Malah,Aïn Témouchent,Commune,16162,18287,1.24,22841,21790,45.2,91.7,10324,20945,2,0.15,6,5,0,1,0,0,,0,0,0,0,0,0,0,0,0,0,,0,0,1,1,7743000,16.36898878,16.14,35.3286,-1.0931,المالح,46014,363,5
Haizer,Bouira,Commune,15388,17719,1.42,22840,20532,43.5,92.5,9935,21127,2,0.15,84,78,5,1,0,0,,0,0,0,0,0,0,0,0,0,0,,0,0,1,1,7451250,16.22320841,16.14,36.4068708,3.9487242,حيزر,10012,363,6
Djebel Aissa Mimoun,Tizi Ouzou,Commune,19227,20268,0.53,22286,19027,46.5,94.5,10363,21060,2,0.15,,,,,0,0,,0,0,0,0,0,0,0,0,0,0,,0,0,1,1,7772250,16.3836043,16.14,36.750654,4.110325,,,363,5
Sidi Boubekeur,Saïda,Commune,17131,19282,1.19,23857,12468,44.5,92.1,10616,21972,2,0.15,,,,,0,0,,0,0,0,0,0,0,0,0,0,0,,0,0,1,1,7962000,16.47841776,16.14,35.0307334,0.0453185,سيدي بوبكر,20009,363,4
Zeghaia,Mila,Commune,15751,17638,1.14,21622,17638,46.9,96.3,10141,20822,2,0.15,146,135,10,1,0,0,,0,0,0,0,0,0,0,0,0,0,,0,0,1,1,7605750,16.3004083,16.14,36.4047,6.1716,زغاية,43028,363,3
Hammam Debagh,Guelma,Commune,13412,16391,2.03,23518,3244,44.8,93.3,10536,21942,2,0.15,10,9,0,1,0,0,,0,0,0,0,0,0,0,0,0,0,,0,0,1,1,7902000,16.44843722,16.14,36.460265,7.267695,,,363,6
Mers El Kébir,Oran,Commune,14167,16970,1.82,23486,20235,45.5,88.2,10686,20715,2,0.15,1,1,0,0,0,0,,0,0,0,0,0,0,0,0,0,0,,0,0,1,1,8014500,16.50465073,16.14,35.6751,-0.7196,المرسى الكبير,31015,363,14
El Matmar,Relizane,Commune,14533,17442,1.84,24223,11659,43.2,87,10464,21074,2,0.15,,,,,0,0,,0,0,0,0,0,0,0,0,0,0,,0,0,1,1,7848000,16.42145473,16.14,35.6673,0.4614,المطمار,48017,363,9
Souaflia,Mostaganem,Commune,14356,17223,1.84,23903,22016,44.5,92.6,10637,22134,2,0.15,25,5,20,0,0,0,,0,0,0,0,0,0,0,0,0,0,,0,0,1,1,7977750,16.48628765,16.14,35.8616131,0.3271866,سوافلية,27024,363,10
Brezina,El Bayadh,Commune,8536,12468,3.86,24659,6949,43.3,89.9,10677,22168,2,0.15,,,,,0,0,,0,0,0,0,0,0,0,0,0,0,,0,0,1,1,8007750,16.50127792,16.14,33.0317,1.2607,بريزينة,32004,363,4
Touggourt,Ouargla,Commune,32940,39409,1.81,54421,7509,41.9,90.3,22802,49142,0,0,9,6,3,0,0,0,,0,4,0,1,0,1,0,0,1,1,ALLIANCE|CAAR|CIAR|TRUST,0,0,3,0,17101500,8.545203629,16.12,33.0351,6.0672,توقرت,30013,373,12
Sidi Ghiles,Tipaza,Commune,12731,15281,1.84,21226,9555,46.1,89.7,9785,19040,4,0.25,35,30,5,0,0,0,,0,0,0,0,0,0,0,0,0,0,,0,0,1,1,7338750,16.16699489,16.09,36.5196,2.1231,سيدي غيلاس,42032,374,11
Sidi Daoud,Boumerdès,Commune,14889,16900,1.27,21229,21439,45.9,94.5,9744,20061,4,0.25,68,16,52,0,0,0,,0,0,0,0,0,0,0,0,0,0,,0,0,1,1,7308000,16.15162986,16.09,36.7884,3.8507,سيدي داود,35007,374,15
Terrai Bainen,Mila,Commune,20685,23299,1.2,28865,,43.5,93.85,9626,20263,2,0.15,,,,,0,0,,0,0,0,0,0,0,0,0,0,0,,0,0,1,1,7219500,16.10740857,15.96,36.4688,6.1221,ترعى بينان,43023,376,4
Aït Yahia Moussa,Tizi Ouzou,Commune,19904,20426,0.26,21400,5398,45.8,95.3,9801,20394,2,0.15,22,21,1,0,0,0,,0,0,0,0,0,0,0,0,0,0,,0,0,1,1,7350750,16.172991,15.96,36.6423405,3.8041329,أيت يحي موسى,15056,376,6
Bouhatem,Mila,Commune,19193,20277,0.55,22385,20277,43,93.6,9626,20952,2,0.15,1,0,1,0,0,0,,0,0,0,0,0,0,0,0,0,0,,0,0,1,1,7219500,16.10740857,15.96,36.241,6.015,بوحاتم,43014,376,4
Ouled Khalouf,Mila,Commune,11058,11396,0.3,12031,,43.5,93.85,9626,20263,2,0.15,,,,,0,0,,0,0,0,0,0,0,0,0,0,0,,0,0,0,0,7219500,3.607408566,15.96,35.9947,6.1386,أولاد خلوف,43012,376,4
El Mechira,Mila,Commune,11683,12905,1,15436,,43.5,93.85,9626,20263,2,0.15,,,,,0,0,,0,0,0,0,0,0,0,0,0,0,,0,0,1,1,7219500,16.10740857,15.96,35.948,6.232,المشيرة,43026,376,4
Aïn El Hammam,Tizi Ouzou,Commune,20118,20401,0.14,20920,7626,47,94.8,9832,19832,2,0.15,26,23,3,0,0,0,,0,0,0,0,0,0,0,0,0,0,,0,0,1,1,7374000,16.18460846,15.96,36.5725501,4.246757,عين الحمام,15002,376,6
Tessala Lemtaï,Mila,Commune,13849,15676,1.25,19593,,43.5,93.85,9626,20263,2,0.15,,,,,0,0,,0,0,0,0,0,0,0,0,0,0,,0,0,1,1,7219500,16.10740857,15.96,36.569301,5.988462,,,376,4
Chigara,Mila,Commune,13609,14661,0.75,16764,,43.5,93.85,9626,20263,2,0.15,,,,,0,0,,0,0,0,0,0,0,0,0,0,0,,0,0,1,1,7219500,16.10740857,15.96,36.4975,6.221,الشيقارة,43032,376,4
M'Naguer,Ouargla,Commune,11243,14179,2.35,21529,12652,35.8,93.7,7707,20173,0,0,,,,,0,0,,0,0,0,0,0,0,0,0,0,0,,0,0,1,1,5780250,15.38825035,15.59,33.126731,6.352706,,,384,13
Nakhla,El Oued,Commune,9491,12652,2.92,21227,31784,35.2,86.1,7472,18276,0,0,12,7,5,0,0,0,,0,0,0,0,0,0,0,0,0,0,,0,0,1,1,5604000,15.30018251,15.59,33.2123,6.9516,النخلة,39005,384,10
Ouled Yaïch,Blida,Commune,55719,87131,4.57,194840,37461,44.9,93.9,87483,182955,4,0.25,819,531,187,101,0,0,,1,2,1,0,0,0,0,0,1,0,SAA|CIAR,1,1,12,9,65612250,14,15.49,36.4852123,2.8325741,اولاد يعيش,9007,386,15
Labiod Medjadja,Chlef,Commune,13920,14733,0.57,16318,,40.85,92.3,12342,26555,4,0.25,,,,,0,0,,0,0,0,0,0,0,0,0,0,0,,0,0,1,1,9256500,17.12524793,15.42,36.2682804,1.3325618,الأبيض مجاجة,2028,387,19
Beni Bouateb,Chlef,Commune,2551,2069,-2.07,1419,,40.85,92.3,12342,26555,4,0.25,,,,,0,0,,0,0,0,0,0,0,0,0,0,0,,0,0,0,0,9256500,4.625247925,15.42,35.9895844,1.5589402,بني بوعتاب,2035,387,19
El Bordj,Mascara,Commune,17874,20711,1.48,27000,9690,46.2,81.5,12474,22005,4,0.25,77,74,3,0,0,0,,0,0,0,0,0,0,0,0,0,0,,0,0,1,1,9355500,17.17471582,15.42,35.4528,0.3021,البرج,29017,387,8
Oued Goussine,Chlef,Commune,5439,6453,1.72,8778,,40.85,92.3,12342,26555,4,0.25,,,,,0,0,,0,0,0,0,0,0,0,0,0,0,,0,0,0,0,9256500,4.625247925,15.42,36.4949721,1.3928579,واد ڨوسين,2016,387,19
Harenfa,Chlef,Commune,16356,17799,0.85,20725,,40.85,92.3,12342,26555,4,0.25,,,,,0,0,,0,0,0,0,0,0,0,0,0,0,,0,0,1,1,9256500,17.12524793,15.42,36.242831,1.060252,,,387,19
Aïn Soltane,Aïn Defla,Commune,18541,21565,1.52,28305,80359,43.9,94.1,12426,26635,2.5,0.175,,,,,0,0,,0,0,0,0,0,0,0,0,0,0,,0,0,1,1,9319500,17.15672749,15.42,34.9675528,0.3012402,عين السلطان,20016,387,6
Aïn Soltane,Saïda,Commune,6068,6920,1.32,8766,80359,43.9,94.1,12426,26635,2,0.15,,,,,0,0,,0,0,0,0,0,0,0,0,0,0,,0,0,0,0,9319500,4.656727493,15.29,34.9675528,0.3012402,عين السلطان,20016,393,5
Zahana,Mascara,Commune,18839,21850,1.49,28534,7785,43.4,86.2,12384,24596,2,0.15,33,16,17,0,0,0,,0,0,0,0,0,0,0,0,0,0,,0,0,1,1,9288000,17.14098771,15.29,35.4551,-0.412,زھانة,29030,393,9
Ibn Ziad,Constantine,Commune,15514,18861,1.97,26809,10624,46.4,94,12439,25200,2,0.15,43,20,23,0,0,0,,0,0,0,0,0,0,0,0,0,0,,0,0,1,1,9329250,17.16159933,15.29,36.3691447,6.3523267,ابن زياد,25012,393,7
Aïn Berda,Annaba,Commune,17446,20611,1.68,27824,4760,44.5,89.1,12382,24791,2,0.15,32,9,18,5,0,0,,0,0,0,0,0,0,0,0,0,0,,0,0,1,1,9286500,17.1402382,15.29,36.6718947,7.5182507,عين الباردة,23009,393,5
Negrine,Tébessa,Commune,5891,9445,4.83,22092,17797,38.2,88.9,8439,19640,1,0.1,7,4,3,0,0,0,,0,0,0,0,0,0,0,0,0,0,,0,0,1,1,6329250,15.66257229,15.15,34.485828,7.5028466,نقرين,12009,397,3
Hamadia,Tiaret,Commune,15357,16463,0.7,18658,30484,47.4,91.4,8844,17053,1,0.1,13,8,4,1,0,0,,0,0,0,0,0,0,0,0,0,0,,0,0,1,1,6633000,15.81434878,15.15,35.4612984,1.8652296,الحمادية,14035,397,8
Oued Taga,Batna,Commune,16154,18116,1.15,22267,5478,37.3,93.6,8306,20842,1,0.1,47,47,0,0,0,0,,0,0,0,0,0,0,0,0,0,0,,0,0,1,1,6229500,15.61272964,15.15,35.4185955,6.2379494,وادي الطاقة,5048,397,8
Ouled Sellam,Batna,Commune,17866,19635,0.95,23272,14327,38.4,86.2,8936,20060,1,0.1,2,1,1,0,0,0,,0,0,0,0,0,0,0,0,0,0,,0,0,1,1,6702000,15.8488264,15.15,35.828613,5.88307,,,397,8
Bou Hanifia,Mascara,Commune,16953,18576,0.92,21899,20719,39.9,84.1,8738,18417,1,0.1,23,23,0,0,0,0,,0,0,0,0,0,0,0,0,0,0,,0,0,1,1,6553500,15.77462456,15.15,35.2512,-0.0494,بوحنيفية,29002,397,10
Chemora,Batna,Commune,15091,17074,1.24,21323,1724,41.2,86.9,8785,18530,1,0.1,7,7,0,0,0,0,,0,0,0,0,0,0,0,0,0,0,,0,0,1,1,6588750,15.79223813,15.15,35.6301185,6.4747992,الشمرة,5036,397,8
Aïn El Berd,Sidi Bel Abbès,Commune,13779,16013,1.51,20986,29696,43.4,94.7,9108,19874,1,0.1,13,3,10,0,0,0,,0,0,0,0,0,0,0,0,0,0,,0,0,1,1,6831000,15.91328456,15.15,35.3828523,-0.5661419,عين البرد,22028,397,7
Berriche,Oum El Bouaghi,Commune,16274,17609,0.79,20294,23159,44.8,79.5,9092,16134,1,0.1,,,,,0,0,,0,0,0,0,0,0,0,0,0,0,,0,0,1,1,6819000,15.90728846,15.15,35.9155816,7.3676848,بريش,4009,397,9
Medrissa,Tiaret,Commune,13719,15293,1.09,18595,33082,46.4,93.5,8628,17386,1,0.1,2,2,0,0,0,0,,0,0,0,0,0,0,0,0,0,0,,0,0,1,1,6471000,15.73340132,15.15,34.8949768,1.2315845,مدريسة,14008,397,8
El Kouif,Tébessa,Commune,15777,17319,0.94,20484,5899,43.9,77.2,8992,15814,1,0.1,4,1,3,0,0,0,,0,0,0,0,0,0,0,0,0,0,,0,0,1,1,6744000,15.86981278,15.15,35.499565,8.3115219,الكويف,12011,397,3
Kheneg,Laghouat,Commune,7064,10787,4.32,23112,8761,39.8,67.1,9199,15508,1,0.1,8,6,0,2,0,0,,0,0,0,0,0,0,0,0,0,0,,0,0,1,1,6899250,15.94738743,15.15,33.74474,2.791135,,,397,8
Aïn Djasser,Batna,Commune,13232,15704,1.73,21375,7517,41.7,92,8913,19665,1,0.1,10,10,0,0,0,0,,0,0,0,0,0,0,0,0,0,0,,0,0,1,1,6684750,15.840207,15.15,35.8311206,5.9331296,عين جاسر,5019,397,8
Aïn Babouche,Oum El Bouaghi,Commune,14597,16129,1,19303,32377,42.2,92,8146,17759,1,0.1,,,,,0,0,,0,0,0,0,0,0,0,0,0,0,,0,0,1,1,6109500,15.55276856,15.15,35.9402286,7.1751022,عين بابوش,4008,397,9
Aïn Touila,Khenchela,Commune,14769,16845,1.32,21345,8617,41.5,70.5,8858,15048,1,0.1,10,10,0,0,0,0,,0,0,0,0,0,0,0,0,0,0,,0,0,1,1,6643500,15.81959538,15.15,35.3723,7.3526,عين الطويلة,40006,397,4
Baraki,El Djazaïr [Algiers],Commune,95247,116375,2.02,166907,104708,45.2,94.7,75442,158061,4,0.25,846,348,489,9,0,0,,2,3,0,1,0,1,0,0,1,0,ALLIANCE|CAAR|CIAR,1,2,11,6,56581500,14,15.11,36.6701186,3.0635219,براقي,16014,411,23
Azzaba,Skikda,Commune,48992,56922,1.51,74569,56922,46.9,95,34973,70841,2,0.15,14,9,5,0,0,0,,0,10,7,1,0,1,0,0,1,0,SAA|ALLIANCE|CAAR|CIAR,0,0,4,0,26229750,13.10636815,15.07,36.7430777,7.0997212,عزابة,21004,412,20
Bir el-Ater,Tébessa,Commune,59264,77727,2.75,126642,6074,39,82.4,49390,104353,1,0.1,242,168,73,1,0,1,ZA / Fonderies,1,1,0,0,0,0,0,0,1,0,CIAR,1,1,8,6,37042500,13.70184727,14.92,34.7546133,8.0234307,بئر العاتر,12002,413,5
Aïn El Kerma,Oran,Commune,6980,7530,0.76,8631,,45.9,90.55,16530,31606.5,2,0.15,,,,,0,0,,0,2,2,0,0,0,0,0,0,0,SAA,0,0,0,0,12397500,6.194729234,14.9,35.64345,-0.976543,,,414,15
Ben Freha,Oran,Commune,14565,20235,3.34,36570,31386,45.2,93,16530,34010,2,0.15,4,4,0,0,0,0,,0,2,2,0,0,0,0,0,0,0,SAA,0,0,2,0,12397500,6.194729234,14.9,35.6283,-0.4202,بن فريحة,31020,414,15
Bordj Bou Arreridj,Bordj Bou Arreridj,Province Capital,134666,168346,2.26,251596,288461,42.9,95.1,336798,746609,4,0.25,3823,2659,1057,107,1,1,ZI / Pôle électronique,4,10,0,2,0,3,0,1,4,0,ALLIANCE|CAAR|CASH|CIAR,1,4,16,2,252598500,15,14.86,36.0025,4.7653,برج بوعريريج,34001,416,5
Aïn Bouyahia,Aïn Defla,Commune,13920,16213,1.54,21334,5452,38,82.5,8107,17601,4,0.25,9,0,9,0,0,0,,0,0,0,0,0,0,0,0,0,0,,0,0,1,1,6080250,15.53815305,14.82,36.2199,1.7661,عين بويحى,44033,417,7
Bir Ould Khelifa,Aïn Defla,Commune,10568,12846,1.97,18254,,41.1,92.3,8107,18392,2.5,0.175,,,,,0,0,,0,0,0,0,0,0,0,0,0,0,,0,0,1,1,6080250,15.53815305,14.82,36.180706,2.22766,,,417,7
Bénairia,Chlef,Commune,13509,15697,1.51,20567,15697,41,90.7,8432,18654,4,0.25,1,1,0,0,0,0,,0,0,0,0,0,0,0,0,0,0,,0,0,1,1,6324000,15.659949,14.82,36.3849733,1.3150523,بنايرية,2003,417,23
Hoceinia,Aïn Defla,Commune,7617,7799,0.24,8138,,41.1,92.3,8107,18392,2.5,0.175,,,,,0,0,,0,0,0,0,0,0,0,0,0,0,,0,0,0,0,6080250,3.038153049,14.82,36.2531,2.4005,حسينية,44027,417,7
Birbouche,Aïn Defla,Commune,4686,4897,0.44,5301,,41.1,92.3,8107,18392,2.5,0.175,,,,,0,0,,0,0,0,0,0,0,0,0,0,0,,0,0,0,0,6080250,3.038153049,14.82,36.111571,2.496514,,,417,7
El Maine,Aïn Defla,Commune,11319,12835,1.26,16094,,41.1,92.3,8107,18392,2.5,0.175,,,,,0,0,,0,0,0,0,0,0,0,0,0,0,,0,0,1,1,6080250,15.53815305,14.82,35.9869,1.7578,الماين,44034,417,7
El Abadia,Aïn Defla,Commune,33221,40697,2.05,58645,,41.1,92.3,8107,18392,2.5,0.175,,,,,0,0,,0,0,0,0,0,0,0,0,0,0,,0,0,3,3,6080250,40.53815305,14.82,36.2044,1.6837,العبادية,44011,417,7
Tacheta Zougagha,Aïn Defla,Commune,19711,23397,1.73,31855,,41.1,92.3,8107,18392,2.5,0.175,,,,,0,0,,0,0,0,0,0,0,0,0,0,0,,0,0,2,2,6080250,28.03815305,14.82,36.375111,1.613437,,,417,7
Aïn Lechiekh,Aïn Defla,Commune,12119,13745,1.27,17241,,41.1,92.3,8107,18392,2.5,0.175,,,,,0,0,,0,0,0,0,0,0,0,0,0,0,,0,0,1,1,6080250,15.53815305,14.82,36.122098,2.405496,,,417,7
Ouargla,Ouargla,Province Capital,112339,133024,1.7,180322,,44.3,90.7,371587,26625,0,0,19,18,1,0,1,1,ZI,1,10,0,1,0,1,4,1,3,0,ALLIANCE|CAAR|CAAT|CASH|CIAR,1,1,12,1,278690250,12.5,14.8,31.8974,5.3421,ورڨلة,30001,426,14
El Hadjira,Ouargla,Commune,12781,14965,1.59,19879,3205,36.8,74,7315,14710,0,0,,,,,0,0,,0,0,0,0,0,0,0,0,0,0,,0,0,1,1,5486250,15.2413457,14.76,32.548,5.5124,الحجيرة,30014,427,15
Hassi Khalifa,El Oued,Commune,25118,31784,2.38,48552,,39.55,90.5,7248.5,16622,0,0,,,,,0,0,,0,0,0,0,0,0,0,0,0,0,,0,0,3,3,5436375,40.21642437,14.76,33.563034,6.995302,,,427,11
Debila,El Oued,Commune,20088,25158,2.28,37723,,39.55,90.5,7248.5,16622,0,0,,,,,0,0,,0,0,0,0,0,0,0,0,0,0,,0,0,2,2,5436375,27.71642437,14.76,33.4418,6.9379,الدبيلة,39011,427,11
Ourmas,El Oued,Commune,5059,5900,1.55,7782,,39.55,90.5,7248.5,16622,0,0,,,,,0,0,,0,0,0,0,0,0,0,0,0,0,,0,0,0,0,5436375,2.716424371,14.76,33.3477,6.7813,أورماس,39020,427,11
Oum Touyour,El Oued,Commune,9735,11069,1.29,13948,,39.55,90.5,7248.5,16622,0,0,1,1,0,0,0,0,,0,0,0,0,0,0,0,0,0,0,,0,0,0,0,5436375,2.716424371,14.76,34.0879,5.8337,أم الطيور,39029,427,11
Trifaoui,El Oued,Commune,6361,8257,2.64,13206,,39.55,90.5,7248.5,16622,0,0,,,,,0,0,,0,0,0,0,0,0,0,0,0,0,,0,0,0,0,5436375,2.716424371,14.76,33.3569,6.9351,تريفاوى,39017,427,11
Mih Ouansa,El Oued,Commune,11779,15593,2.84,25835,,39.55,90.5,7248.5,16622,0,0,,,,,0,0,,0,0,0,0,0,0,0,0,0,0,,0,0,1,1,5436375,15.21642437,14.76,33.1318,6.7044,مية ونسة,39026,427,11
El Hassaine,Mostaganem,Commune,8835,9680,0.92,11410,,42,88.75,9296,19882.5,2,0.15,,,,,0,0,,0,0,0,0,0,0,0,0,0,0,,0,0,0,0,6972000,3.483738836,14.69,35.737135,0.098515,,,434,11
Mekhatria,Aïn Defla,Commune,14963,17129,1.36,21848,6238,40,89.4,8739,19532,2,0.15,11,2,9,0,0,0,,0,0,0,0,0,0,0,0,0,0,,0,0,1,1,6554250,15.77499932,14.69,36.2376,1.9611,المخاطرية,44030,434,15
El Hassasna,Saïda,Commune,10448,13294,2.44,20510,7880,42.3,84.4,8676,17310,2,0.15,,,,,0,0,,0,0,0,0,0,0,0,0,0,0,,0,0,1,1,6507000,15.75138964,14.69,34.8248463,0.3121231,حساسنة,20010,434,6
Aïn Sekhouna,Saïda,Commune,5725,7129,2.22,10580,,43.9,89.8,8676,14339.5,2,0.15,,,,,0,0,,0,0,0,0,0,0,0,0,0,0,,0,0,0,0,6507000,3.251389645,14.69,34.5044436,0.8354119,العين السخونة,20013,434,6
Tsabit,Adrar,Commune,11832,14895,2.33,22543,14895,37.5,94.9,8454,21393,2,0.15,,,,,0,0,,0,0,0,0,0,0,0,0,0,0,,0,0,1,1,6340500,15.66819364,14.69,28.3533514,-0.2255095,تسابيت,1008,434,6
Talmine,Adrar,Commune,9469,12768,3.03,21867,12768,37.3,78.5,8156,17166,2,0.15,,,,,0,0,,0,0,0,0,0,0,0,0,0,0,,0,0,1,1,6117000,15.55651613,14.69,27.9766155,-0.20396,,1024,434,6
Aïn El Arbaa,Aïn Témouchent,Commune,12443,15140,1.98,21552,18287,44.4,92.4,9569,19914,2,0.15,2,2,0,0,0,0,,0,0,0,0,0,0,0,0,0,0,,0,0,1,1,7176750,16.08604743,14.69,35.342,-0.8817,عين الاربعاء,46009,434,6
Hammam Guergour,Sétif,Commune,14295,15853,1.04,19098,2333,43.4,96.8,8289,18487,2,0.15,4,1,3,0,0,0,,0,0,0,0,0,0,0,0,0,0,,0,0,1,1,6216750,15.60635878,14.69,36.3463283,4.932553,حمام قرقور,19050,434,13
El Kennar Nouchfi,Jijel,Commune,13747,15852,1.43,20486,15852,44.9,95.1,9198,19482,2,0.15,200,200,0,0,0,0,,0,0,0,0,0,0,0,0,0,0,,0,0,1,1,6898500,15.94701267,14.69,36.8243495,5.9558128,القنار,18020,434,6
Hadjadj,Mostaganem,Commune,15835,17330,0.91,20386,14045,44.6,89.8,9092,18307,2,0.15,1,1,0,0,0,0,,0,0,0,0,0,0,0,0,0,0,,0,0,1,1,6819000,15.90728846,14.69,36.0963942,0.3163505,حجاج,27014,434,11
Youb,Saïda,Commune,15314,17355,1.26,21738,7492,43.8,85.3,9521,18543,2,0.15,,,,,0,0,,0,0,0,0,0,0,0,0,0,0,,0,0,1,1,7140750,16.06805911,14.69,34.9207469,-0.2177601,يوب,20006,434,6
El Ançor,Oran,Commune,7929,10882,3.22,19239,16970,49.3,88.9,9485,17103,2,0.15,14,14,0,0,0,0,,0,0,0,0,0,0,0,0,0,0,,0,0,1,1,7113750,16.05456786,14.69,35.684852,-0.869958,,,434,17
Sidi Ahmed,Saïda,Commune,12205,14592,1.8,20126,7578,44.6,87.8,8976,17671,2,0.15,3,3,0,0,0,0,,0,0,0,0,0,0,0,0,0,0,,0,0,1,1,6732000,15.86381667,14.69,34.5499905,0.2527392,سيدي أحمد,20012,434,6
Marsat El Hadjadj,Oran,Commune,10284,12729,2.16,18687,11579,44.1,89.7,8241,16762,2,0.15,4,3,1,0,0,0,,0,0,0,0,0,0,0,0,0,0,,0,0,1,1,6180750,15.58837045,14.69,35.7198,-0.1675,مَرس ألحَجَاج,31008,434,17
Ouled Sabor,Sétif,Commune,10005,12510,2.26,18704,6983,43.9,90.4,8211,16908,2,0.15,22,20,2,0,0,0,,0,0,0,0,0,0,0,0,0,0,,0,0,1,1,6158250,15.57712775,14.69,36.180991,5.4739354,أولاد صـابر,19047,434,13
Ouled Maallah,Mostaganem,Commune,8948,9576,0.68,10820,,42,88.75,9296,19882.5,2,0.15,,,,,0,0,,0,0,0,0,0,0,0,0,0,0,,0,0,0,0,6972000,3.483738836,14.69,36.0072076,0.5870175,أولاد مع اللّه,27026,434,11
Beni Fouda,Sétif,Commune,16876,17667,0.46,19185,15853,42.6,95.5,8173,18322,2,0.15,62,58,4,0,0,0,,0,0,0,0,0,0,0,0,0,0,,0,0,1,1,6129750,15.56288699,14.69,36.2770368,5.4987834,بني فودة,19044,434,13
Aïn Kerma,El Tarf,Commune,12182,14377,1.67,19372,178616,41.9,94,8117,18210,2,0.15,6,5,1,0,0,0,,0,0,0,0,0,0,0,0,0,0,,0,0,1,1,6087750,15.54190062,14.69,35.5836,-0.975,عين الكرمة,31025,434,6
Hasnaoua,Bordj Bou Arreridj,Commune,18358,19485,0.6,21691,17140,38.7,83.6,8394,18134,2,0.15,59,34,25,0,0,0,,0,0,0,0,0,0,0,0,0,0,,0,0,1,1,6295500,15.64570824,14.69,36.0891,4.7955,حسناوة,34019,434,6
Tirmitine,Tizi Ouzou,Commune,18030,19027,0.54,20963,31382,44.3,92.8,9287,19454,2,0.15,57,57,0,0,0,0,,0,0,0,0,0,0,0,0,0,0,,0,0,1,1,6965250,15.98036602,14.69,36.6686122,3.9267051,ترمتين,15043,434,8
Bir Kasdali,Bordj Bou Arreridj,Commune,12622,14768,1.58,19592,12051,44.1,89.2,8640,17476,2,0.15,78,65,13,0,0,0,,0,0,0,0,0,0,0,0,0,0,,0,0,1,1,6480000,15.7378984,14.69,36.0846,5.0345,بئر قصد علي,34031,434,6
Hassi Mameche,Mostaganem,Commune,21778,28790,2.83,47582,,42,88.75,9296,19882.5,2,0.15,,,,,0,0,,0,0,0,0,0,0,0,0,0,0,,0,0,3,3,6972000,40.98373884,14.69,35.860714,0.073461,,,434,11
Oued El Kheir,Mostaganem,Commune,14700,17359,1.68,23415,37230,39.7,89,9296,20839,2,0.15,1,0,1,0,0,0,,0,0,0,0,0,0,0,0,0,0,,0,0,1,1,6972000,15.98373884,14.69,35.9498792,0.3768825,واد الخير,27009,434,11
Mazagran,Mostaganem,Commune,15120,22016,3.83,43299,,42,88.75,9296,19882.5,2,0.15,,,,,0,0,,0,0,0,0,0,0,0,0,0,0,,0,0,2,2,6972000,28.48373884,14.69,35.896479,0.072953,,,434,11
El M'hir,Bordj Bou Arreridj,Commune,15160,17492,1.44,22630,22402,42,93,9505,21046,2,0.15,77,67,10,0,0,0,,0,0,0,0,0,0,0,0,0,0,,0,0,1,1,7128750,16.062063,14.69,36.093581,4.300047,,,434,6
Ouled Dahmane,Bordj Bou Arreridj,Commune,14777,16501,1.11,20127,10190,40.9,93.6,8232,18839,2,0.15,31,24,7,0,0,0,,0,0,0,0,0,0,0,0,0,0,,0,0,1,1,6174000,15.58499764,14.69,36.3018,3.4662,أولاد دحمان,34018,434,6
Aïn Nouïssy,Mostaganem,Commune,11389,14530,2.47,22525,,42,88.75,9296,19882.5,2,0.15,,,,,0,0,,0,0,0,0,0,0,0,0,0,0,,0,0,1,1,6972000,15.98373884,14.69,35.8032737,0.0398253,عين نويسي,27005,434,11
Fornaka,Mostaganem,Commune,14371,16543,1.42,21313,28790,43.2,88.8,9207,18926,2,0.15,13,11,2,0,0,0,,0,0,0,0,0,0,0,0,0,0,,0,0,1,1,6905250,15.95038548,14.69,35.7604979,-0.0327569,فرناكة,27003,434,11
Guellal,Sétif,Commune,19886,21385,0.73,24374,15715,38.9,92.4,9481,22522,2,0.15,3,3,0,0,0,0,,0,0,0,0,0,0,0,0,0,0,,0,0,1,1,7110750,16.05306884,14.69,36.036461,5.2209924,قلال,19048,434,13
M'Kira,Tizi Ouzou,Commune,17328,17690,0.21,18361,6113,46.5,94.8,8538,17406,2,0.15,3,1,0,2,0,0,,0,0,0,0,0,0,0,0,0,0,,0,0,1,1,6403500,15.69967321,14.69,36.631568,3.783001,,,434,8
Bitam,Batna,Commune,9270,11855,2.49,18458,3004,43.4,89,8011,16428,1,0.1,2,2,0,0,0,0,,0,0,0,0,0,0,0,0,0,0,,0,0,1,1,6008250,15.5021764,14.58,35.1772246,4.9980505,بيطام,5014,464,12
Maarif,M'Sila,Commune,10990,13269,1.9,18627,5077,42.6,53.5,7935,9965,1,0.1,,,,,0,0,,0,0,0,0,0,0,0,0,0,0,,0,0,1,1,5951250,15.47369489,14.58,35.360452,4.1652669,المعاريف,28029,464,16
Beni Ounif,Béchar,Commune,8199,10732,2.73,17424,3183,45.2,86,7876,14985,0.5,0.05,,,,,0,0,,0,0,0,0,0,0,0,0,0,0,,0,0,1,1,5907000,15.45158424,14.58,32.0512638,-1.2519046,بني ونيف,8021,464,2
Sefiane,Batna,Commune,11939,14327,1.84,19893,9033,40.7,85.9,8096,17088,1,0.1,1,1,0,0,0,0,,0,0,0,0,0,0,0,0,0,0,,0,0,1,1,6072000,15.53403072,14.58,35.4280853,5.5186532,سفيان,5024,464,12
Ouled Hamla,Oum El Bouaghi,Commune,11019,13112,1.75,17932,3878,42.8,73.3,7675,13144,1,0.1,39,11,28,0,0,0,,0,0,0,0,0,0,0,0,0,0,,0,0,1,1,5756250,15.37625813,14.55,36.0811426,6.3334038,أولاد حملة,4010,468,11
Foughala,Biskra,Commune,9713,12488,2.54,19631,3040,38.2,96.4,7499,18924,1,0.1,,,,,0,0,,0,0,0,0,0,0,0,0,0,0,,0,0,1,1,5624250,15.31030094,14.55,34.7598362,5.2212069,فوغالة,7026,468,9
Medroussa,Tiaret,Commune,9038,11428,2.37,17434,18722,44.7,86.4,7793,15063,1,0.1,4,3,1,0,0,0,,0,0,0,0,0,0,0,0,0,0,,0,0,1,1,5844750,15.42047943,14.55,35.1752197,1.1979175,مدروسة,14002,468,10
Béni Abbès,Béchar,Commune,8850,10885,2.09,15799,3091,47.7,95.7,7536,15120,0.5,0.05,,,,,0,0,,0,0,0,0,0,0,0,0,0,0,,0,0,1,1,5652000,15.32416694,14.55,30.1302299,-2.1782542,بني عباس,8007,468,3
Kenadsa,Béchar,Commune,11667,13492,1.46,17526,5121,44.1,95.5,7729,16737,0.5,0.05,,,,,0,0,,0,0,0,0,0,0,0,0,0,0,,0,0,1,1,5796750,15.39649499,14.55,31.554532,-2.432661,,,468,3
Cheria,Tébessa,Commune,64638,75344,1.54,99279,20148,39,93.1,38719,92429,1,0.1,24,23,1,0,0,0,,1,0,0,0,0,0,0,0,0,0,,1,1,6,5,29039250,12.90204139,14.53,35.267904,7.7355765,الــشــريــعـة,12003,473,6
Les Eucalyptus,El Djazaïr [Algiers],Commune,96310,116107,1.89,162553,27565,44.2,92.9,71848,151012,0,0,1214,321,889,4,0,0,,1,5,3,1,0,0,0,0,1,0,SAA|ALLIANCE|CIAR,1,1,10,4,53886000,14,14.35,36.668168,3.1306093,الكليتوس,16033,474,24
Aïn Naga,Biskra,Commune,10054,12032,1.81,16624,12574,47.2,94.6,7847,15726,4,0.25,45,42,3,0,0,0,,0,0,0,0,0,0,0,0,0,0,,0,0,1,1,5885250,15.44071629,14.22,34.6508231,6.0189093,عين الناقة,7014,475,10
Tiberkanine,Aïn Defla,Commune,14907,16384,0.95,19421,42465,38.6,94.7,7497,18392,3,0.2,504,463,41,0,0,0,,0,0,0,0,0,0,0,0,0,0,,0,0,1,1,5622750,15.30955143,14.22,36.1024,1.6342,تبركانين,44035,475,16
Rasfa,Sétif,Commune,14025,16075,1.37,20549,,41.9,92.3,7875,16908,2,0.15,,,,,0,0,,0,0,0,0,0,0,0,0,0,0,,0,0,1,1,5906250,15.45120948,14.12,35.809992,5.26619,,,477,17
Aïn Legraj,Sétif,Commune,17100,14668,-1.52,11129,,41.9,92.3,7875,16908,2,0.15,,,,,0,0,,0,0,0,0,0,0,0,0,0,0,,0,0,0,0,5906250,2.951209481,14.12,36.4102318,4.7998641,عين لڨراج,19013,477,17
Oued Cheham,Guelma,Commune,11765,14043,1.79,19312,9050,41.2,91.8,7957,17728,2,0.15,3,3,0,0,0,0,,0,0,0,0,0,0,0,0,0,0,,0,0,1,1,5967750,15.48193953,14.12,36.3814206,7.75918,وادي الشحم,24033,477,7
Oued El Barad,Sétif,Commune,3013,2333,-2.53,1472,,41.9,92.3,7875,16908,2,0.15,,,,,0,0,,0,0,0,0,0,0,0,0,0,0,,0,0,0,0,5906250,2.951209481,14.12,36.4982198,5.3679794,واد البارد,19057,477,17
Chorfa,Bouira,Commune,14850,16173,0.86,18858,6132,42.8,93.5,8071,17632,2,0.15,59,19,37,3,0,0,,0,0,0,0,0,0,0,0,0,0,,0,0,1,1,6053250,15.52466181,14.12,36.3782491,4.3082238,الشرفاء,10017,477,7
Maoklane,Sétif,Commune,15201,15715,0.33,16684,,41.9,92.3,7875,16908,2,0.15,,,,,0,0,,0,0,0,0,0,0,0,0,0,0,,0,0,1,1,5906250,15.45120948,14.12,36.396686,5.076977,,,477,17
Guelta Zerka,Sétif,Commune,14110,15472,0.93,18263,,41.9,92.3,7875,16908,2,0.15,,,,,0,0,,0,0,0,0,0,0,0,0,0,0,,0,0,1,1,5906250,15.45120948,14.12,36.2047344,5.6012867,القلتة الزرقاء,19056,477,17
Tinerkouk,Adrar,Commune,13393,15980,1.78,21960,15980,36.5,87.2,8015,19149,2,0.15,,,,,0,0,,0,0,0,0,0,0,0,0,0,0,,0,0,1,1,6011250,15.50367543,14.12,29.708777,0.6955288,زاوية دباغ,1016,477,8
Chorfa,Mascara,Commune,2047,2608,2.45,4033,6132,42.8,93.5,8071,17632,2,0.15,59,19,37,3,0,0,,0,0,0,0,0,0,0,0,0,0,,0,0,0,0,6053250,3.024661805,14.12,36.3782491,4.3082238,الشرفاء,10017,477,11
Mendes,Relizane,Commune,13331,15127,1.27,18991,11632,42,94.4,7976,17928,2,0.15,,,,,0,0,,0,0,0,0,0,0,0,0,0,0,,0,0,1,1,5982000,15.48905991,14.12,35.587,0.8624,مندس,48028,477,10
Ouled Si Ahmed,Sétif,Commune,9456,10238,0.8,11812,,41.9,92.3,7875,16908,2,0.15,,,,,0,0,,0,0,0,0,0,0,0,0,0,0,,0,0,0,0,5906250,2.951209481,14.12,35.90126,5.191133,,,477,17
Belaa,Sétif,Commune,14593,14666,0.05,14798,,41.9,92.3,7875,16908,2,0.15,,,,,0,0,,0,0,0,0,0,0,0,0,0,0,,0,0,0,0,5906250,2.951209481,14.12,36.2217494,5.7975172,البلاعة,19025,477,17
Layoune,Tissemsilt,Commune,20580,20579,0,20577,8843,39.3,93.8,8087,19301,2,0.15,6,5,0,1,0,0,,0,0,0,0,0,0,0,0,0,0,,0,0,1,1,6065250,15.53065791,14.12,35.6316,1.9995,العيون,38010,477,5
Aït Naoual Mezada,Sétif,Commune,6562,5630,-1.52,4273,,41.9,92.3,7875,16908,2,0.15,,,,,0,0,,0,0,0,0,0,0,0,0,0,0,,0,0,0,0,5906250,2.951209481,14.12,36.5453859,5.0547929,آيت نوال مزادة,19051,477,17
Bazer Sakhra,Sétif,Commune,25586,27996,0.9,32920,,41.9,92.3,7875,16908,2,0.15,,,,,0,0,,0,0,0,0,0,0,0,0,0,0,,0,0,2,2,5906250,27.95120948,14.12,36.0795448,5.6140969,بازر الصخرة,19031,477,17
Froha,Mascara,Commune,11969,13769,1.41,17718,20711,42.5,89.6,7530,15875,2,0.15,15,15,0,0,0,0,,0,0,0,0,0,0,0,0,0,0,,0,0,1,1,5647500,15.3219184,14.09,35.24,0.1263,فروحة,29013,492,12
Djebahia,Bouira,Commune,14630,15592,0.64,17486,7504,44.4,93.8,7764,16402,2,0.15,7,6,1,0,0,0,,0,0,0,0,0,0,0,0,0,0,,0,0,1,1,5823000,15.40961148,14.09,36.4603324,3.6520932,الجباحية,10026,492,8
Bouandas,Sétif,Commune,15556,16966,0.87,19834,3675,38.2,95.6,7577,18961,2,0.15,4,2,1,1,0,0,,0,0,0,0,0,0,0,0,0,0,,0,0,1,1,5682750,15.33953197,14.09,36.5042094,5.0698679,بوعنداس,19030,492,26
Ouamri,Médéa,Commune,14724,15978,0.82,18510,27919,40.6,92.1,7515,17048,2,0.15,11,4,7,0,0,0,,0,0,0,0,0,0,0,0,0,0,,0,0,1,1,5636250,15.31629705,14.09,36.2537814,2.4798606,عوامري,26043,492,7
Zaouiet Kounta,Adrar,Commune,14531,17116,1.65,22982,17116,33,93.1,7584,21396,2,0.15,,,,,0,0,,0,0,0,0,0,0,0,0,0,0,,0,0,1,1,5688000,15.34215526,14.09,27.2293681,-0.2202846,زاوية كنتة,1011,492,9
El Guettar,Relizane,Commune,13718,15422,1.18,19040,20069,39.3,92.6,7483,17631,2,0.15,,,,,0,0,,0,0,0,0,0,0,0,0,0,0,,0,0,1,1,5612250,15.30430483,14.09,36.0236,0.8157,القطارة,48015,492,11
Bordj El Kiffan,El Djazaïr [Algiers],Commune,103690,151950,3.9,302298,20006,46.5,91.5,140569,276603,4,0.25,717,528,180,9,0,0,,1,7,2,0,2,0,0,0,3,0,SAA|AXA|CIAR,1,1,20,12,105426750,14,13.88,36.7533604,3.1868338,برج الكيفان,16030,498,25
Berriane,Ghardaïa,Commune,24802,30200,1.99,43047,17801,38.7,95.1,16659,40938,0,0,1,1,0,0,0,0,,0,2,2,0,0,0,0,0,0,0,SAA,0,0,2,0,12494250,6.243072856,13.79,32.7919,3.7628,بريان,47004,499,9
El Outaya,Biskra,Commune,8787,11155,2.41,17140,6497,42.4,78,7267,13369,1,0.1,4,2,2,0,0,0,,0,0,0,0,0,0,0,0,0,0,,0,0,1,1,5450250,15.22335737,13.73,34.9772883,5.4401959,لوطاية,7019,500,11
Bekkaria,Tébessa,Commune,7551,9917,2.76,16198,10286,45.2,85.8,7321,13898,1,0.1,4,2,2,0,0,0,,0,0,0,0,0,0,0,0,0,0,,0,0,1,1,5490750,15.24359424,13.73,35.3666661,8.2412452,بكارية,12017,500,7
Sidi Chami,Oran,Commune,58857,104498,5.91,293674,5860,46.7,84.7,137146,248742,2,0.15,81,71,10,0,0,0,,1,0,0,0,0,0,0,0,0,0,,1,1,19,18,102859500,14,13.69,35.5859,-0.5191,سيدي الشحمي,31013,502,19
Gosbat,Batna,Commune,15778,17074,0.79,19681,22124,37.3,83.7,7341,16473,1,0.1,,,,,0,0,,0,0,0,0,0,0,0,0,0,0,,0,0,1,1,5505750,15.25108937,13.63,35.6198308,5.3394309,القصبات,5039,503,14
Mellakou,Tiaret,Commune,11404,13107,1.4,16839,4930,43.8,71.6,7375,12057,1,0.1,13,4,8,1,0,0,,0,0,0,0,0,0,0,0,0,0,,0,0,1,1,5531250,15.2638311,13.63,35.2514714,1.2272501,ملاكو,14012,503,11
Sed Rahal,Djelfa,Commune,11812,13693,1.49,17865,1809,41.4,70.5,7396,12595,1,0.1,,,,,0,0,,0,0,0,0,0,0,0,0,0,0,,0,0,1,1,5547000,15.27170099,13.63,33.9518497,3.2188654,سد رحال,17006,503,22
Aïn El Hadid,Tiaret,Commune,13358,15482,1.49,20192,10763,36.3,88.5,7330,17870,1,0.1,,,,,0,0,,0,0,0,0,0,0,0,0,0,0,,0,0,1,1,5497500,15.24696705,13.63,35.0604573,0.8713103,عين الحديد,14018,503,11
Mansourah,Mostaganem,Commune,15641,18216,1.54,23966,4704,40.3,89,9658,21330,1,0.1,42,42,0,0,0,0,,0,2,0,1,0,0,0,0,1,0,ALLIANCE|CIAR,0,0,1,0,7243500,3.619400783,13.59,34.8704299,-1.389299,المنصورة,13051,507,19
Mansourah,Tlemcen,Commune,35697,49150,3.25,87403,4704,40.3,89,9658,21330,1,0.1,42,42,0,0,0,0,,0,2,0,1,0,0,0,0,1,0,ALLIANCE|CIAR,0,0,5,3,7243500,41.11940078,13.59,34.8704299,-1.389299,المنصورة,13051,507,10
Hamma Bouziane,Constantine,Commune,58307,79952,3.21,141132,20215,44.3,93.8,62521,132382,2,0.15,825,158,666,1,0,0,,1,1,0,0,0,1,0,0,0,0,CAAR,1,1,9,7,46890750,14,13.45,36.4279139,6.4871452,حامة بوزيان,25002,509,8
Khams Djouamaa,Médéa,Commune,7588,10291,3.09,17810,22431,40.7,91.6,7249,16314,2,0.15,11,7,4,0,0,0,,0,0,0,0,0,0,0,0,0,0,,0,0,1,1,5436750,15.21661175,13.44,36.1478178,3.0538534,خمس جوامع,26063,510,8
Ahl El Ksar,Bouira,Commune,12315,13354,0.81,15450,15592,47.2,91.7,7292,14168,2,0.15,28,27,1,0,0,0,,0,0,0,0,0,0,0,0,0,0,,0,0,1,1,5469000,15.23272629,13.44,36.2426022,3.9606117,أھل القصر,10022,510,9
Teleghma,Mila,Commune,40846,48028,1.63,64286,,43.5,93.85,9626,20263,2,0.15,,,,,0,0,,0,1,0,0,0,0,0,0,1,0,CIAR,0,0,4,3,7219500,41.10740857,13.43,36.11802,6.358109,,,512,10
Ahmed Rachedi,Mila,Commune,14489,15819,0.88,18528,,43.5,93.85,9626,20263,2,0.15,,,,,0,0,,0,2,2,0,0,0,0,0,0,0,SAA,0,0,1,0,7219500,3.607408566,13.19,36.3273,6.1249,أحمد راشدي,43011,513,11
Bir El Djir,Oran,Commune,73029,152151,7.62,570266,12729,46.8,90.6,266884,516661,2,0.15,1399,1182,215,2,0,0,,1,4,0,1,1,0,0,0,2,0,ALLIANCE|AXA|CIAR,1,1,38,33,200163000,14,13.14,35.6729,-0.5548,بئر الجير,31003,514,20
Mascara,Mascara,Province Capital,87512,108587,2.18,160124,,45.9,87.7,469770,11182.5,2,0.15,2234,2226,6,2,0,0,,1,5,1,1,0,1,0,0,2,0,SAA|ALLIANCE|CAAR|CIAR,1,1,10,4,352327500,14,13,35.3185,0.1511,مـعـسـكـر,29001,515,13
Ghassoul,El Bayadh,Commune,5179,7880,4.29,16774,3795,41.9,77.5,7028,13000,2,0.15,,,,,0,0,,0,0,0,0,0,0,0,0,0,0,,0,0,1,1,5271000,15.13379051,12.95,33.3099,1.203,غسول,32005,516,5
Sidi Tifour,El Bayadh,Commune,2930,5565,6.63,17658,20579,40.1,91.3,7081,16122,2,0.15,,,,,0,0,,0,0,0,0,0,0,0,0,0,0,,0,0,1,1,5310750,15.15365261,12.95,33.6512,1.6837,سيدي طيفور,32022,516,5
Safsaf,Mostaganem,Commune,12492,13980,1.13,17119,18576,40.5,89,6933,15236,2,0.15,97,17,78,2,0,0,,0,0,0,0,0,0,0,0,0,0,,0,0,1,1,5199750,15.09818861,12.95,35.8436642,0.3698229,صفصاف,27030,516,20
El Hamadna,Relizane,Commune,16990,20805,2.05,29959,,41.65,91.1,6956.5,14639,2,0.15,,,,,0,0,,0,0,0,0,0,0,0,0,0,0,,0,0,1,1,5217375,15.1069954,12.95,35.8367,0.7498,الحمادنة,48007,516,12
Djidioua,Relizane,Commune,29263,33835,1.46,43939,,41.65,91.1,6956.5,14639,2,0.15,,,,,0,0,,0,0,0,0,0,0,0,0,0,0,,0,0,2,2,5217375,27.6069954,12.95,,,,,516,12
Belassel Bouzegza,Relizane,Commune,10933,12905,1.67,17394,,41.65,91.1,6956.5,14639,2,0.15,,,,,0,0,,0,0,0,0,0,0,0,0,0,0,,0,0,1,1,5217375,15.1069954,12.95,35.821159,0.49059,,,516,12
Had Echkalla,Relizane,Commune,6873,6712,-0.24,6432,,41.65,91.1,6956.5,14639,2,0.15,,,,,0,0,,0,0,0,0,0,0,0,0,0,0,,0,0,0,0,5217375,2.606995397,12.95,35.616,1.1481,حد الشقالة,48034,516,12
Hamri,Relizane,Commune,9181,10173,1.03,12236,,41.65,91.1,6956.5,14639,2,0.15,,,,,0,0,,0,0,0,0,0,0,0,0,0,0,,0,0,0,0,5217375,2.606995397,12.95,36.042,-0.379,الحمري,48016,516,12
Taghzout,El Oued,Commune,11147,13934,2.26,20822,59746,44.4,93.9,7025,14858,2,0.15,23,22,1,0,0,0,,0,0,0,0,0,0,0,0,0,0,,0,0,1,1,5268750,15.13266624,12.95,36.4161178,3.9036414,تاغزوت,10009,516,17
Ouled Aiche,Relizane,Commune,9075,8916,-0.18,8637,,41.65,91.1,6956.5,14639,2,0.15,,,,,0,0,,0,0,0,0,0,0,0,0,0,0,,0,0,0,0,5217375,2.606995397,12.95,35.7788,0.9998,أولاد يعيش,48005,516,12
Hammam N'Bail,Guelma,Commune,15854,16199,0.22,16839,7688,41.8,94.7,7039,15947,2,0.15,6,6,0,0,0,0,,0,0,0,0,0,0,0,0,0,0,,0,0,1,1,5279250,15.13791283,12.95,36.325516,7.640326,,,516,8
El Asnam,Bouira,Commune,12060,13213,0.92,15573,9685,45.2,94.1,7039,14654,2,0.15,42,39,3,0,0,0,,0,0,0,0,0,0,0,0,0,0,,0,0,1,1,5279250,15.13791283,12.95,36.3709809,3.8941923,الأصنام,10002,516,10
Taghzout,Bouira,Commune,11940,13203,1.01,15823,59746,44.4,93.9,7025,14858,2,0.15,23,22,1,0,0,0,,0,0,0,0,0,0,0,0,0,0,,0,0,1,1,5268750,15.13266624,12.95,36.4161178,3.9036414,تاغزوت,10009,516,10
Bekkouche Lakhdar,Skikda,Commune,14092,15176,0.74,17342,15176,40.8,92.9,7076,16111,2,0.15,,,,,0,0,,0,0,0,0,0,0,0,0,0,0,,0,0,1,1,5307000,15.15177883,12.95,36.7011643,7.2953939,بكوش لخضر,21007,516,21
Settara,Jijel,Commune,13748,15155,0.98,18060,15155,38.9,95.4,7025,17229,2,0.15,1,1,0,0,0,0,,0,0,0,0,0,0,0,0,0,0,,0,0,1,1,5268750,15.13266624,12.95,36.7183649,6.324544,السطارة,18011,516,7
Zemmora,Relizane,Commune,25272,30027,1.74,40953,,41.65,91.1,6956.5,14639,2,0.15,,,,,0,0,,0,0,0,0,0,0,0,0,0,0,,0,0,2,2,5217375,27.6069954,12.95,35.720504,0.759425,,,516,12
Bir Ghbalou,Bouira,Commune,9141,11016,1.88,15413,9311,45.1,91.8,6951,14149,2,0.15,11,11,0,0,0,0,,0,0,0,0,0,0,0,0,0,0,,0,0,1,1,5213250,15.10493423,12.95,36.268461,3.5073827,بئر غبالو,10036,516,10
Aïn Tolba,Aïn Témouchent,Commune,11188,12485,1.1,15210,42284,45.4,94.2,6905,14328,2,0.15,,,,,0,0,,0,0,0,0,0,0,0,0,0,0,,0,0,1,1,5178750,15.08769542,12.95,35.1828,-1.2497,عين الطلبة,46018,516,7
Boudjima,Tizi Ouzou,Commune,15771,15628,-0.09,15374,10688,46.3,93,7118,14298,2,0.15,118,114,1,3,0,0,,0,0,0,0,0,0,0,0,0,0,,0,0,1,1,5338500,15.16751861,12.87,36.8046355,4.1193574,بوجيمة,15055,534,10
Djemaa Beni Habibi,Jijel,Commune,13032,14652,1.18,18092,14652,39.7,93.8,7183,16970,2,0.15,9,9,0,0,0,0,,0,0,0,0,0,0,0,0,0,0,,0,0,1,1,5387250,15.1918778,12.87,36.809857,6.1050402,الجمعة بني حبيبي,18025,534,8
El Atteuf,Ghardaïa,Commune,12713,14752,1.5,19281,10171,36.9,91.8,7115,17700,2,0.15,2,1,1,0,0,0,,0,0,0,0,0,0,0,0,0,0,,0,0,1,1,5336250,15.16639434,12.87,32.4101,3.7491,العطف,47007,534,10
Oued Seguen,Mila,Commune,11792,13319,1.23,16583,13319,43.5,92,7214,15256,2,0.15,69,18,51,0,0,0,,0,0,0,0,0,0,0,0,0,0,,0,0,1,1,5410500,15.20349526,12.87,36.1079,6.4188,وادى سقان,43007,534,12
Beni Dergoun,Relizane,Commune,10540,12364,1.61,16479,12253,43.8,92.5,7218,15243,2,0.15,,,,,0,0,,0,0,0,0,0,0,0,0,0,0,,0,0,1,1,5413500,15.20499429,12.87,35.7164,0.7993,بني درقن,48013,534,19
Amourah,Djelfa,Commune,5879,7744,2.79,12716,,40.6,70.7,10077,19389,1,0.1,,,,,0,0,,0,1,1,0,0,0,0,0,0,0,SAA,0,0,0,0,7557750,3.776423865,12.85,34.3553852,3.8660287,عمورة,17034,539,23
Sidi Abdelli,Tlemcen,Commune,16500,18222,1,21787,18222,44.7,94.1,9739,20502,1,0.1,,,,,0,0,,0,1,0,0,1,0,0,0,0,0,AXA,0,0,1,0,7304250,3.64975608,12.85,35.0652344,-1.1432004,سيدي العبدلي,13034,539,11
Aïn Feka,Djelfa,Commune,16842,23404,3.35,42316,,40.6,70.7,10077,19389,1,0.1,,,,,0,0,,0,1,1,0,0,0,0,0,0,0,SAA,0,0,2,1,7557750,16.27642386,12.85,35.426651,3.577604,,,539,23
Tiaret,Tiaret,Province Capital,165899,201263,1.95,284984,,37.4,88.5,417988,10621,1,0.1,1301,682,541,78,0,0,,2,7,0,1,2,1,1,1,1,0,ALLIANCE|AXA|CAAR|CAAT|CASH|CIAR,1,2,18,9,313491000,14,12.69,35.3599696,1.3215754,تيارت‎,14001,542,13
Tolga,Biskra,Commune,42316,55809,2.81,91847,12702,41.7,86.3,38300,79264,1,0.1,30,29,1,0,0,0,,1,1,0,0,0,0,0,0,1,0,CIAR,1,1,6,4,28725000,12.87063678,12.67,34.894129,4.9483543,طولقة,7021,543,12
Bir Mourad Raïs,El Djazaïr [Algiers],Commune,43254,45345,0.47,49367,48869,49.5,93.4,24437,46109,0,0,530,434,89,7,0,0,,0,6,1,1,1,0,0,0,3,0,SAA|ALLIANCE|AXA|CIAR,0,0,3,0,18327750,9.15793093,12.66,36.730271,3.0257462,بير مراد رايس,16009,544,26
Khenchela,Khenchela,Province Capital,87196,108580,2.22,161141,,44.1,91.05,229434,9366,1,0.1,390,387,3,0,0,0,,1,7,0,2,1,1,1,1,1,0,ALLIANCE|AXA|CAAR|CAAT|CASH|CIAR,1,1,10,2,172075500,9,12.53,35.3678,7.1439,خنشلة,40001,545,5
Souk Ahras,Souk Ahras,Province Capital,116745,155259,2.89,259376,,47.4,90.1,285030,7620,1,0.1,3,3,0,0,0,0,,1,7,1,1,1,1,0,0,3,0,SAA|ALLIANCE|AXA|CAAR|CIAR,1,1,17,9,213772500,14,12.53,36.2232,7.9541,سوق أهراس,41001,545,4
Sidi Aïssa,M'Sila,Commune,57270,72062,2.32,108970,125573,42.3,92.1,46094,100361,4,0.25,599,324,274,1,0,0,,1,2,1,0,0,0,0,0,1,0,SAA|CIAR,1,1,7,4,34570500,13.45480761,12.52,35.8255783,3.6556044,سيدي عيسى,28016,547,17
El Oued,El Oued,Province Capital,105256,134699,2.5,209979,,40.9,90.5,415229,16622,0,0,330,116,211,3,0,0,,1,6,0,2,2,1,0,1,0,0,ALLIANCE|AXA|CAAR|CASH,1,1,13,6,311421750,14,12.49,33.3018,6.8665,الوادي,39001,548,18
Kouinine,El Oued,Commune,7571,10076,2.9,16855,5543,41.6,83,7012,13990,0,0,6,6,0,0,0,0,,0,0,0,0,0,0,0,0,0,0,,0,0,1,1,5259000,15.1277944,12.45,33.3386,6.8253,كوينين,39007,549,19
Harchoun,Chlef,Commune,14869,17873,1.86,24891,17873,39.5,94.6,9832,23547,4,0.25,,,,,0,0,,0,3,0,0,0,0,3,0,0,0,CAAT,0,0,1,0,7374000,3.684608459,12.36,36.1184786,1.4187143,حرشون,2009,550,24
Beni Douala,Tizi Ouzou,Commune,21891,21551,-0.16,20952,15771,47.4,92.6,9931,19402,2,0.15,85,79,6,0,0,0,,0,3,1,0,0,1,0,0,1,0,SAA|CAAR|CIAR,0,0,1,0,7448250,3.721709378,12.36,36.6234865,4.0457361,بني دوالة,15032,550,11
Ferdjioua,Mila,Commune,40441,50167,2.18,73942,50167,44.6,94.9,32978,70171,2,0.15,13,12,1,0,0,0,,1,0,0,0,0,0,0,0,0,0,,1,1,4,3,24733500,9.971745683,12.22,36.345,5.9464,فرجيوة,43002,552,13
Beni Boussaïd,Tlemcen,Commune,11894,13182,1.03,15862,13182,44.1,84.2,6995,13356,1,0.1,,,,,0,0,,0,0,0,0,0,0,0,0,0,0,,0,0,1,1,5246250,15.12142353,12.2,34.6490781,-1.762104,بني بوسعيد,13038,553,12
Oumache,Biskra,Commune,8175,10336,2.37,15766,33509,44.4,92.6,7000,14599,1,0.1,5,2,3,0,0,0,,0,0,0,0,0,0,0,0,0,0,,0,0,1,1,5250000,15.12329732,12.2,34.586303,5.5181413,أوماش,7002,553,13
El Kantara,Biskra,Commune,9430,11415,1.93,16099,9852,43.9,92.8,7067,14940,1,0.1,5,1,4,0,0,0,,0,0,0,0,0,0,0,0,0,0,,0,0,1,1,5300250,15.14840602,12.2,35.2052532,5.5062642,القنطرة,7017,553,13
Aïn Yagout,Batna,Commune,8988,10856,1.91,15250,4142,45.4,94.8,6923,14457,1,0.1,3,2,1,0,0,0,,0,0,0,0,0,0,0,0,0,0,,0,0,1,1,5192250,15.09444105,12.2,35.7864482,6.2679257,عين ياقوت,5022,553,15
Beni Ilmane,M'Sila,Commune,7478,8777,1.61,11710,,41.8,88.65,7103,11715,1,0.1,,,,,0,0,,0,0,0,0,0,0,0,0,0,0,,0,0,0,0,5327250,2.661897262,12.12,35.9460168,3.934125,بنى يلمان,28045,557,18
Bouti Sayah,M'Sila,Commune,7806,9042,1.48,11781,,41.8,88.65,7103,11715,1,0.1,,,,,0,0,,0,0,0,0,0,0,0,0,0,0,,0,0,0,0,5327250,2.661897262,12.12,35.6757367,3.4628716,بوطي السايح,28031,557,18
Bir Foda,M'Sila,Commune,4463,4258,-0.47,3912,,41.8,88.65,7103,11715,1,0.1,,,,,0,0,,0,0,0,0,0,0,0,0,0,0,,0,0,0,0,5327250,2.661897262,12.12,34.8183094,3.7172307,بير الفضة,28036,557,18
Ouled Atia (Menaa),M'Sila,Commune,7167,8498,1.72,11547,,41.8,88.65,7103,11715,1,0.1,,,,,0,0,,0,0,0,0,0,0,0,0,0,0,,0,0,0,0,5327250,2.661897262,12.12,35.144884,3.695517,,,557,18
Ech Chaïba (Chouaiba),Biskra,Commune,4675,9280,7.1,31881,,42.05,92.35,7167,15134,1,0.1,,,,,0,0,,0,0,0,0,0,0,0,0,0,0,,0,0,2,2,5375250,27.68588169,12.12,,,,,557,15
Mohammed Boudiaf,M'Sila,Commune,12366,16381,2.85,27173,,41.8,88.65,7103,11715,1,0.1,,,,,0,0,,0,0,0,0,0,0,0,0,0,0,,0,0,1,1,5327250,15.16189726,12.12,34.899107,4.429775,,,557,18
M'Cif,M'Sila,Commune,10241,12209,1.77,16753,23620,42.4,93.1,7103,15597,1,0.1,3,0,3,0,0,0,,0,0,0,0,0,0,0,0,0,0,,0,0,1,1,5327250,15.16189726,12.12,35.315,4.5858374,مسيف,28008,557,18
Bouchagroune,Biskra,Commune,10800,13124,1.97,18639,,42.05,92.35,7167,15134,1,0.1,,,,,0,0,,0,0,0,0,0,0,0,0,0,0,,0,0,1,1,5375250,15.18588169,12.12,34.720656,5.467797,,,557,15
El Mizaraa,Biskra,Commune,7060,7601,0.74,8681,,42.05,92.35,7167,15134,1,0.1,,,,,0,0,,0,0,0,0,0,0,0,0,0,0,,0,0,0,0,5375250,2.685881695,12.12,34.720769,6.294745,,,557,15
Ourlal,Biskra,Commune,5820,7444,2.49,11593,,42.05,92.35,7167,15134,1,0.1,,,,,0,0,,0,0,0,0,0,0,0,0,0,0,,0,0,0,0,5375250,2.685881695,12.12,34.563429,5.3748787,أورلال,7024,557,15
Khenguet Sidi Nadji,Biskra,Commune,2526,3040,1.87,4243,,42.05,92.35,7167,15134,1,0.1,,,,,0,0,,0,0,0,0,0,0,0,0,0,0,,0,0,0,0,5375250,2.685881695,12.12,34.805315,6.70592,,,557,15
Zarzour,M'Sila,Commune,1876,5077,10.47,30471,,41.8,88.65,7103,11715,1,0.1,,,,,0,0,,0,0,0,0,0,0,0,0,0,0,,0,0,2,2,5327250,27.66189726,12.12,35.0536128,4.7163,الزرزور,28033,557,18
Oultem,M'Sila,Commune,1763,2289,2.65,3662,,41.8,88.65,7103,11715,1,0.1,,,,,0,0,,0,0,0,0,0,0,0,0,0,0,,0,0,0,0,5327250,2.661897262,12.12,35.118646,4.374357,,,557,18
El Hadjeb,Biskra,Commune,8394,10126,1.89,14193,,42.05,92.35,7167,15134,1,0.1,1,0,1,0,0,0,,0,0,0,0,0,0,0,0,0,0,,0,0,0,0,5375250,2.685881695,12.12,34.789229,5.5996,,,557,15
Aïn Youcef,Tlemcen,Commune,11865,13234,1.1,16108,13234,44.6,94.3,7184,15190,1,0.1,3,3,0,0,0,0,,0,0,0,0,0,0,0,0,0,0,,0,0,1,1,5388000,15.19225256,12.12,35.048443,-1.3841379,عين يوسف,13015,557,13
Ras El Miaad (Ouled Sassi),Biskra,Commune,6053,21278,13.4,204484,,42.05,92.35,7167,15134,1,0.1,,,,,0,0,,0,0,0,0,0,0,0,0,0,0,,0,0,13,13,5375250,52.68588169,12.12,34.174263,4.46916,,,557,15
Boukadir,Chlef,Commune,41655,51340,2.11,74796,51340,39.8,93,29769,69560,0,0,186,58,121,7,0,0,,1,0,0,0,0,0,0,0,0,0,,1,1,4,3,22326750,9.731226794,11.96,36.0617947,1.1083316,بوقدير,2012,573,25
Nedroma,Tlemcen,Commune,31136,32498,0.43,35101,32498,40.9,93.5,14356,32819,1,0.1,1,1,0,0,0,0,,0,2,0,1,0,1,0,0,0,0,ALLIANCE|CAAR,0,0,2,0,10767000,5.380008039,11.94,35.0141436,-1.769829,ندرومة,13040,574,14
El Ancer,Jijel,Commune,18738,20070,0.69,22711,20070,42.8,95.1,9720,21598,2,0.15,8,8,0,0,0,0,,0,1,1,0,0,0,0,0,0,0,SAA,0,0,1,0,7290000,3.642635702,11.86,36.7982581,6.1523866,العنصر,18012,575,9
Minar Zarza,Mila,Commune,20620,22535,0.89,26441,22535,38.3,88.8,10127,23480,2,0.15,2,2,0,0,0,0,,0,1,1,0,0,0,0,0,0,0,SAA,0,0,1,0,7595250,3.795161703,11.86,36.2542,5.5399,مينار زرزة,43021,575,14
Attatba,Tipaza,Commune,22002,27059,2.09,39268,,45.25,92.6,9925.5,19407,4,0.25,,,,,0,0,,0,1,0,0,0,0,0,0,1,0,CIAR,0,0,2,1,7444125,16.21964822,11.86,36.5107,2.6752,الحطاطبة,42036,575,12
Seddouk,Béjaïa,Commune,19064,20573,0.76,23597,15274,42,94.9,9911,22394,2,0.15,13,10,3,0,0,0,,0,1,0,1,0,0,0,0,0,0,ALLIANCE,0,0,1,0,7433250,3.714214243,11.86,36.5367869,4.6409049,صدوق,6026,575,6
Ouled Moussa,Boumerdès,Commune,26108,45770,5.77,125729,23621,46.8,94.8,58841,119191,4,0.25,617,196,402,19,0,0,,1,0,0,0,0,0,0,0,0,0,,1,1,8,7,44130750,14,11.78,36.621,3.3673,أولاد موسى,35020,579,16
Aïn Defla,Aïn Defla,Province Capital,52276,65453,2.27,98098,144747,42.8,92.1,428273,921588,4,0.25,852,412,434,6,0,0,,2,6,2,1,1,0,0,0,2,0,SAA|ALLIANCE|AXA|CIAR,1,2,6,0,321204750,4,11.74,36.2,1.9693,عين دفلة - عين الدفلى,44001,580,17
Cherchell,Tipaza,Commune,40763,48056,1.66,64627,,45.25,92.6,9925.5,19407,4,0.25,,,,,0,0,,0,2,0,1,0,1,0,0,0,0,ALLIANCE|CAAR,0,0,4,2,7444125,28.71964822,11.61,36.607502,2.190198,,,581,13
Djimla,Jijel,Commune,15513,17373,1.14,21301,,42.8,94.95,7323,17099.5,2,0.15,,,,,0,0,,0,0,0,0,0,0,0,0,0,0,,0,0,1,1,5492250,15.24434375,11.41,36.582172,5.89738,,,582,10
El Aouana,Jijel,Commune,12384,13273,0.7,15037,13273,48.7,96.1,7323,14451,2,0.15,42,42,0,0,0,0,,0,0,0,0,0,0,0,0,0,0,,0,0,1,1,5492250,15.24434375,11.41,36.7383739,5.5575774,العوانة,18003,582,10
Boudriaa Ben Yadjis,Jijel,Commune,10352,10710,0.34,11386,,42.8,94.95,7323,17099.5,2,0.15,,,,,0,0,,0,0,0,0,0,0,0,0,0,0,,0,0,0,0,5492250,2.744343749,11.41,36.590126,5.759562,,,582,10
Eraguene,Jijel,Commune,4088,2532,-4.68,1069,,42.8,94.95,7323,17099.5,2,0.15,,,,,0,0,,0,0,0,0,0,0,0,0,0,0,,0,0,0,0,5492250,2.744343749,11.41,36.586459,5.581287,,,582,10
Ziama Mansouriah,Jijel,Commune,11945,12642,0.57,14001,,42.8,94.95,7323,17099.5,2,0.15,,,,,0,0,,0,0,0,0,0,0,0,0,0,0,,0,0,0,0,5492250,2.744343749,11.41,36.672151,5.480831,,,582,10
Ouadjana,Jijel,Commune,8612,9580,1.07,11605,,42.8,94.95,7323,17099.5,2,0.15,,,,,0,0,,0,0,0,0,0,0,0,0,0,0,,0,0,0,0,5492250,2.744343749,11.41,36.675,5.8128487,وجانة,18028,582,10
Charouine,Adrar,Commune,8678,11347,2.72,18387,14661,40.2,93.9,7392,17265,2,0.15,,,,,0,0,,0,0,0,0,0,0,0,0,0,0,,0,0,1,1,5544000,15.27020197,11.41,29.0189483,-0.2690792,شروين,1003,582,10
Boucif Ouled Askeur,Jijel,Commune,12780,13416,0.49,14642,,42.8,94.95,7323,17099.5,2,0.15,,,,,0,0,,0,0,0,0,0,0,0,0,0,0,,0,0,0,0,5492250,2.744343749,11.41,36.663596,6.017754,,,582,10
Ouled Yahia Khedrouche,Jijel,Commune,17599,18323,0.4,19702,,42.8,94.95,7323,17099.5,2,0.15,,,,,0,0,,0,0,0,0,0,0,0,0,0,0,,0,0,1,1,5492250,15.24434375,11.41,36.69072,6.190137,,,582,10
Kheïri Oued Adjoul,Jijel,Commune,4612,4582,-0.07,4528,,42.8,94.95,7323,17099.5,2,0.15,,,,,0,0,,0,0,0,0,0,0,0,0,0,0,,0,0,0,0,5492250,2.744343749,11.41,36.85779,6.157393,,,582,10
Aïn Touta,Batna,Commune,52143,59904,1.4,76899,10860,43.4,90.4,33374,69517,1,0.1,31,24,1,6,0,0,,1,1,0,0,0,1,0,0,0,0,CAAR,1,1,5,3,25030500,10.00142642,11.29,35.3640241,5.7540788,عين التوتة,5045,592,16
Chelghoum Laïd,Mila,Commune,66384,82560,2.2,122248,82560,43.6,93.3,53300,114057,2,0.15,682,344,331,7,0,0,,1,3,0,0,1,1,0,0,1,0,AXA|CAAR|CIAR,1,1,8,4,39975000,13.99490706,11.21,36.1035,6.1661,شلغوم العيد,43003,593,15
Jijel,Jijel,Province Capital,115678,134839,1.54,177677,,45.7,94.95,351921,17099.5,2,0.15,347,346,1,0,0,0,,2,7,0,1,1,2,2,1,0,0,ALLIANCE|AXA|CAAR|CAAT|CASH,1,2,11,2,263940750,9,11.14,36.7962663,5.715465,جيجل,18001,594,19
Dar El Beïda,El Djazaïr [Algiers],Commune,44753,80033,5.99,227863,28451,48.8,84.9,111197,193456,4,0.25,1098,700,395,3,0,0,,1,9,3,1,2,0,0,0,3,0,SAA|ALLIANCE|AXA|CIAR,1,1,15,5,83397750,14,11.14,36.7024372,3.1766575,الدار البيضاء,16020,594,27
Héliopolis,Guelma,Commune,22605,26328,1.54,34642,18735,45.7,90.7,15831,31420,2,0.15,2,2,0,0,0,0,,0,2,0,1,0,0,0,0,1,0,ALLIANCE|CIAR,0,0,2,0,11873250,5.932774259,11.13,36.5051137,7.4183462,ھيليوبوليس,24026,596,9
Biskra,Biskra,Province Capital,178064,205608,1.45,266364,155259,43.6,94.6,471778,1023629,1,0.1,376,203,171,2,1,1,ZI Biskra,2,12,3,2,0,1,2,1,2,1,SAA|ALLIANCE|CAAR|CAAT|CASH|CIAR|TRUST,1,2,17,3,353833500,17.5,11,34.851484,5.6546304,بسكرة,7001,597,22
Foggaret Ezzaouia,Tamanrasset,Commune,4763,6649,3.39,12121,,44.5,87.2,7214,11566,0,0,,,,,0,0,,0,0,0,0,0,0,0,0,0,0,,0,0,0,0,5410500,2.703495263,10.8,27.3604139,2.8384638,فقارة الزوى,11010,598,5
Tinzaouten,Tamanrasset,Commune,2314,4157,6.03,11932,,44.5,87.2,7214,11566,0,0,,,,,0,0,,0,0,0,0,0,0,0,0,0,0,,0,0,0,0,5410500,2.703495263,10.8,19.954191,2.969478,,,598,5
El Khroub,Constantine,Commune,89919,179033,7.13,618415,16285,46.7,94.8,288800,586257,4,0.25,1801,1267,498,36,0,1,ZA,2,9,3,3,1,1,0,0,1,0,SAA|ALLIANCE|AXA|CAAR|CIAR,1,2,41,30,216600000,14,10.74,36.2838625,6.5156439,الخروب,25006,600,9
Sidi Bel Abbès,Sidi Bel Abbès,Province Capital,186879,212935,1.31,269329,,45.3,91.6,352591,7978.5,1,0.1,156,87,61,8,1,1,ZI Sidi Bel Abbes (Extension 60 ha),1,17,5,2,2,3,0,1,3,1,SAA|ALLIANCE|AXA|CAAR|CASH|CIAR|TRUST,1,1,17,0,264443250,10,10.66,35.2063139,-0.7001772,سيدي بلعباس,22001,601,8
Béjaïa,Béjaïa,Province Capital,150195,177988,1.71,241610,135088,46.9,94.6,479411,966999,1,0.1,1779,1565,214,0,1,1,Arrière-port / ZI,4,25,7,2,2,4,6,1,2,1,SAA|ALLIANCE|AXA|CAAR|CAAT|CASH|CIAR|TRUST,1,4,16,0,359558250,10,10.59,36.7695763,4.938545,بجاية,6001,602,7
Sétif,Sétif,Province Capital,239195,288461,1.89,404101,,40.7,92.3,763076,16908,2,0.15,4058,3782,227,49,1,1,ZI Sétif,9,27,0,7,1,1,8,1,7,2,ALLIANCE|AXA|CAAR|CAAT|CASH|CIAR|TRUST,1,9,26,0,572307000,10,10.59,36.1904969,5.350173,سطيف‎,19001,602,27
Rechaiga,Tiaret,Commune,15709,19830,2.36,30160,34124,43.3,83.8,13059,25274,1,0.1,,,,,0,0,,0,1,1,0,0,0,0,0,0,0,SAA,0,0,2,1,9794250,17.39394852,10.56,35.4099423,1.9612956,الرشايقة,14030,604,14
Reghaïa,El Djazaïr [Algiers],Commune,66215,85452,2.58,135239,17105,45.1,93.9,60993,126989,2,0.15,817,791,25,1,1,1,ZI de Rouiba/Reghaia,2,9,1,1,2,2,0,0,3,0,SAA|ALLIANCE|AXA|CAAR|CIAR,1,2,9,0,45744750,10,10.55,36.7538466,3.312152,الرغاية,16043,605,28
Tousnina,Tiaret,Commune,10955,12421,1.26,15572,12574,42.9,88.7,6680,13812,1,0.1,,,,,0,0,,0,0,0,0,0,0,0,0,0,0,,0,0,1,1,5010000,15.00337515,10.52,35.1140017,1.2658846,توسنينة,14026,606,15
Oued Koriche,El Djazaïr [Algiers],Commune,53378,46182,-1.44,35585,77749,48.2,94.6,17152,33663,4,0.25,15,12,3,0,0,0,,0,3,2,0,0,0,0,0,1,0,SAA|CIAR,0,0,2,0,12864000,6.427827938,10.39,36.7850295,3.0243678,وادي قريش,16008,607,29
Hammamet,Tébessa,Commune,15879,20148,2.41,30929,17238,41.5,91.3,12836,28238,1,0.1,19,17,2,0,0,0,,0,1,0,0,0,0,0,0,1,0,CIAR,0,0,2,1,9627000,17.31037776,10.26,35.4519226,7.923867,الحمامات,12008,608,8
Ouled Rechache,Khenchela,Commune,22509,24923,1.02,29939,15022,43.1,93.5,12904,27993,1,0.1,,,,,0,0,,0,1,0,0,0,0,0,0,1,0,CIAR,0,0,1,0,9678000,4.835861224,10.26,35.2333,7.3526,أولاد رشاش,40016,608,6
Sidi Aoun,El Oued,Commune,10018,12235,2.02,17534,6547,37.3,94.8,6540,16622,0,0,1,0,1,0,0,0,,0,0,0,0,0,0,0,0,0,0,,0,0,1,1,4905000,14.95090921,10.23,33.4761,6.9022,سيدي عون,39016,610,20
Skikda,Skikda,Province Capital,156680,163618,0.43,176890,,48.7,94.6,556813,30887,4,0.25,358,154,196,8,1,1,ZI Pétrochimique,3,14,0,3,0,4,3,1,2,1,ALLIANCE|CAAR|CAAT|CASH|CIAR|TRUST,1,3,11,0,417609750,10,10.18,36.8777706,6.86568,سكيكدة,21001,611,22
Aïn Kechra,Skikda,Commune,21968,24572,1.13,30061,24572,41.7,94.7,12535,28468,1,0.1,3,2,1,0,0,0,,0,1,1,0,0,0,0,0,0,0,SAA,0,0,2,1,9401250,17.19757598,10.05,36.745039,6.423676,عين قشرة,21027,612,23
Constantine,Constantine,Province Capital,481947,448374,-0.72,393726,,46.3,94.35,565210,58031,4,0.25,1962,1419,532,11,1,1,ZI Palma / Rhumel,7,38,2,3,3,5,14,3,7,1,SAA|ALLIANCE|AXA|CAAR|CAAT|CASH|CIAR|TRUST,1,7,26,0,423907500,10,10.02,36.3539041,6.5073908,قسنطينة,25001,613,10
Bouira Lahdab,Djelfa,Commune,8897,10993,2.14,16087,14242,40.6,63.4,6531,10199,1,0.1,,,,,0,0,,0,0,0,0,0,0,0,0,0,0,,0,0,1,1,4898250,14.9475364,9.99,35.215617,3.117979,,,614,25
Hanancha,Souk Ahras,Commune,16127,15790,-0.21,15201,15790,43.2,83.1,6567,12632,1,0.1,,,,,0,0,,0,0,0,0,0,0,0,0,0,0,,0,0,1,1,4925250,14.96102764,9.99,36.1545,7.8333,الحنانشة,41003,614,5
Gueltat Sidi Saad,Laghouat,Commune,10629,12567,1.69,16989,6395,38.4,82.2,6524,13965,1,0.1,,,,,0,0,,0,0,0,0,0,0,0,0,0,0,,0,0,1,1,4893000,14.9449131,9.99,34.2983511,1.9323492,قلتة سيدي سعد,3010,614,9
Ouled Boughalem,Mostaganem,Commune,11886,13761,1.48,17912,6060,38.5,89,6896,15942,4,0.25,1,1,0,0,0,0,,0,0,0,0,0,0,0,0,0,0,,0,0,1,1,5172000,15.08432261,9.97,36.3160232,0.661025,أوالد بوغالم,27025,617,21
Abadla,Béchar,Commune,10845,13636,2.32,20593,3187,43.4,92.6,8937,19069,0.5,0.05,,,,,0,0,,0,3,3,0,0,0,0,0,0,0,SAA,0,0,1,0,6702750,3.349201159,9.96,31.0174866,-2.7615494,العبادلة,8017,618,5
Chemini,Béjaïa,Commune,15410,15274,-0.09,15032,5059,44.4,94.9,6674,14265,2,0.15,4,4,0,0,0,0,,0,0,0,0,0,0,0,0,0,0,,0,0,1,1,5005500,15.00112661,9.84,36.5928345,4.5601731,شميني,6029,619,8
Boufatis,Oran,Commune,9906,11579,1.57,15334,12906,43.3,89.6,6640,13739,2,0.15,10,5,5,0,0,0,,0,0,0,0,0,0,0,0,0,0,,0,0,1,1,4980000,14.98838488,9.84,35.6149,-0.412,بوفاطيس,31014,619,21
Tassadane Haddada,Mila,Commune,17623,17378,-0.14,16946,17378,39.6,86.8,6711,14709,2,0.15,1,1,0,0,0,0,,0,0,0,0,0,0,0,0,0,0,,0,0,1,1,5033250,15.01499261,9.84,36.345,5.9464,تسدان حدادة,43019,619,16
Bordj Ben Azzouz,Biskra,Commune,11043,12702,1.41,16341,16581,41,93.8,6700,15328,2,0.15,1,1,0,0,0,0,,0,0,0,0,0,0,0,0,0,0,,0,0,1,1,5025000,15.01087029,9.84,34.7281944,5.281975,برج بن عزوز,7027,619,23
Melbou,Béjaïa,Commune,9990,11396,1.33,14444,29221,47.4,93.7,6846,13534,2,0.15,42,18,24,0,0,0,,0,0,0,0,0,0,0,0,0,0,,0,0,0,0,5134500,2.565584775,9.84,36.6217049,5.351135,ملبو,6041,619,8
Kalaa,Relizane,Commune,9915,11659,1.63,15607,10264,42.9,93.8,6695,14639,2,0.15,,,,,0,0,,0,0,0,0,0,0,0,0,0,0,,0,0,1,1,5021250,15.0089965,9.84,35.5177,0.3296,قلعة,48023,619,20
Texenna,Jijel,Commune,14974,15682,0.46,17042,15682,40,95.2,6817,16224,2,0.15,3,3,0,0,0,0,,0,0,0,0,0,0,0,0,0,0,,0,0,1,1,5112750,15.05471683,9.84,36.660571,5.790978,,,619,20
Chaiba,Tipaza,Commune,16376,20427,2.24,30409,9922,43.5,93,13228,28280,4,0.25,33,25,8,0,0,0,,0,1,0,0,0,0,0,0,1,0,CIAR,0,0,2,1,9921000,17.45728241,9.57,36.5615,2.7301,الشعيبة,42016,626,14
Ghazaouet,Tlemcen,Commune,33094,33774,0.2,35033,33774,43.9,94,15379,32931,1,0.1,1,1,0,0,0,0,,0,4,0,1,1,1,1,0,0,0,ALLIANCE|AXA|CAAR|CAAT,0,0,2,0,11534250,5.763384203,9.54,35.0934337,-1.8720748,الغزوات,13007,627,15
Sidi Lakhdar,Aïn Defla,Commune,16902,20970,2.18,30916,26132,41.4,91.1,12799,28164,2,0.15,19,11,7,1,0,0,,0,1,0,0,0,0,0,0,1,0,CIAR,0,0,2,1,9599250,17.29651176,9.27,36.1633785,0.4315995,سيدي لخضر,27016,628,18
Sidi Lakhdar,Mostaganem,Commune,30950,34612,1.12,42330,26132,41.4,91.1,12799,28164,2,0.15,19,11,7,1,0,0,,0,1,0,0,0,0,0,0,1,0,CIAR,0,0,2,1,9599250,17.29651176,9.27,36.1633785,0.4315995,سيدي لخضر,27016,628,22
Rouïba,El Djazaïr [Algiers],Commune,49881,61984,2.2,91643,7396,47.3,92.2,43347,84495,4,0.25,985,886,92,7,1,1,ZI de Rouiba/Reghaia,1,11,4,2,1,2,0,0,1,1,SAA|ALLIANCE|AXA|CAAR|CIAR|TRUST,1,1,6,0,32510250,9.24891625,9.13,36.7375877,3.2491683,رويبة,16042,630,30
Bourouba,El Djazaïr [Algiers],Commune,77498,71661,-0.78,62240,80033,47.5,95.1,29564,59190,4,0.25,394,361,33,0,0,0,,1,0,0,0,0,0,0,0,0,0,,1,1,4,3,22173000,9.715861767,9.13,36.7166963,3.0955372,بوروبة,16016,630,30
Akbou,Béjaïa,Commune,44854,53282,1.74,72641,14563,44.5,91.9,32325,66757,2,0.15,99,75,24,0,1,1,ZI Akbou - Pôle agroalimentaire,1,7,1,2,1,1,0,1,1,0,SAA|ALLIANCE|AXA|CAAR|CASH|CIAR,1,1,4,0,24243750,8.42280245,9.06,36.4583204,4.4639658,أقبو,6025,632,10
Boumedfaa,Aïn Defla,Commune,17898,21509,1.85,29943,21509,42.2,93.4,12636,27967,2,0.15,5,4,1,0,0,0,,0,1,0,0,0,0,0,0,1,0,CIAR,0,0,1,0,9477000,4.735426412,9.05,36.3063,2.4774,بومدفع,44003,633,19
Oued Chorfa,Aïn Defla,Commune,11960,13353,1.11,16282,10336,40.7,92.4,6627,15045,2.5,0.175,,,,,0,0,,0,0,0,0,0,0,0,0,0,0,,0,0,1,1,4970250,14.98351304,9.05,36.1357,2.5159,وادى الشرفاء,44013,633,19
Zeddine,Aïn Defla,Commune,10853,12870,1.72,17492,3889,37.9,95.1,6629,16635,4,0.25,13,1,12,0,0,0,,0,0,0,0,0,0,0,0,0,0,,0,0,1,1,4971750,14.98426256,9.05,36.1024,1.8512,زدين,44017,633,19
Mazouna,Relizane,Commune,22544,26044,1.45,33770,15127,41.3,88.4,13947,29853,2,0.15,,,,,0,0,,0,3,0,0,0,0,2,0,1,0,CAAT|CIAR,0,0,2,0,10460250,5.226732524,8.95,36.0635,0.8762,مازونة,48022,636,21
Aïn Makhlouf,Guelma,Commune,11018,12300,1.11,14995,16199,43.4,93.8,6508,14065,2,0.15,2,1,1,0,0,0,,0,0,0,0,0,0,0,0,0,0,,0,0,0,0,4881000,2.43891699,8.92,36.2433466,7.2423719,عين مخلوف,24013,637,10
Stidia,Mostaganem,Commune,10688,11965,1.14,14660,38823,45.1,84.7,6612,12417,2,0.15,21,15,6,0,0,0,,0,0,0,0,0,0,0,0,0,0,,0,0,0,0,4959000,2.477891693,8.92,35.8286516,-0.0143553,ستيدية,27004,637,23
Berrouaghia,Médéa,Commune,58780,60152,0.23,62703,5042,46.6,96.5,29220,60508,2,0.15,989,513,472,4,0,0,,2,0,0,0,0,0,0,0,0,0,,1,2,4,2,21915000,7.190078502,8.91,36.1528037,2.8436539,البرواڨية,26047,639,9
Arib,Aïn Defla,Commune,20782,24980,1.86,34787,24980,39.1,90.2,13602,31378,3,0.2,25,11,13,1,0,0,,0,3,2,0,0,0,1,0,0,0,SAA|CAAT,0,0,2,0,10201500,5.097441442,8.86,36.2199,2.0654,عريب,44006,640,22
El Madher,Batna,Commune,15565,18502,1.74,25255,3484,46.7,95.2,11794,24043,1,0.1,13,13,0,0,0,0,,0,1,0,1,0,0,0,0,0,0,ALLIANCE,0,0,1,0,8845500,4.419881221,8.84,35.6392974,6.3042185,المعذر,5007,641,17
Souk Naamane,Oum El Bouaghi,Commune,23018,23988,0.41,25838,9182,43.9,92.1,11343,23797,1,0.1,13,8,5,0,0,0,,0,1,0,1,0,0,0,0,0,0,ALLIANCE,0,0,1,0,8507250,4.250865922,8.84,35.93924,6.2583772,سوق نعمان,4017,641,12
Aïn Kermes,Tiaret,Commune,13768,17541,2.45,27126,16463,44.1,89.8,11963,24359,1,0.1,1,1,0,0,0,0,,0,1,0,0,0,0,0,0,1,0,CIAR,0,0,1,0,8972250,4.483215113,8.84,34.9297691,1.00103,عين كرمس,14028,641,16
Ras El Aioun,Batna,Commune,18791,22551,1.84,31315,9010,36.9,90.4,11555,28309,1,0.1,3,3,0,0,0,0,,0,1,0,0,0,0,0,0,1,0,CIAR,0,0,2,1,8666250,16.83031436,8.84,35.6547596,5.5340598,رأس العيون,5051,641,17
Aïn Oulmene,Sétif,Commune,59855,73831,2.12,107718,,41.9,92.3,7875,16908,2,0.15,,,,,0,0,,0,3,0,2,0,0,0,0,1,0,ALLIANCE|CIAR,0,0,7,4,5906250,52.95120948,8.8,35.923169,5.295923,,,645,28
Aïn Azel,Sétif,Commune,41073,48487,1.67,65366,,41.9,92.3,7875,16908,2,0.15,,,,,0,0,,0,3,2,0,0,0,0,0,1,0,SAA|CIAR,0,0,4,1,5906250,15.45120948,8.8,35.817372,5.491864,,,645,28
Sidi Moussa,El Djazaïr [Algiers],Commune,27888,40750,3.87,80650,47664,44,94.4,35486,76134,0,0,416,369,47,0,0,0,,1,2,1,0,0,0,0,0,1,0,SAA|CIAR,1,1,5,2,26614500,7.659723673,8.78,36.6162931,3.0682748,سيدي موسى,16037,647,32
Grarem Gouga,Mila,Commune,36482,42062,1.43,54344,42062,43.7,94.4,23748,51301,2,0.15,159,157,2,0,0,0,,1,0,0,0,0,0,0,0,0,0,,1,1,3,2,17811000,6.779944705,8.75,36.4533,6.3336,القرارم قوقة,43017,648,17
El Tarf,El Tarf,Province Capital,20362,25594,2.31,38629,,51.3,94,272971,12251,2,0.15,25,14,11,0,0,0,,1,8,1,3,0,2,0,0,2,0,SAA|ALLIANCE|CAAR|CIAR,1,1,2,0,204728250,4,8.69,36.7048,8.3139,الطارف,36001,649,7
Dhalaa,Oum El Bouaghi,Commune,10690,11439,0.68,12922,2767,52,85.5,6719,11048,1,0.1,3,3,0,0,0,0,,0,0,0,0,0,0,0,0,0,0,,0,0,0,0,5039250,2.517990667,8.52,35.460285,7.550006,,,650,13
Sidi Brahim,Sidi Bel Abbès,Commune,8464,10371,2.05,14951,9268,45.9,92.5,6863,13830,1,0.1,2,2,0,0,0,0,,0,0,0,0,0,0,0,0,0,0,,0,0,0,0,5147250,2.57195564,8.52,35.2591019,-0.5991847,سيدي ابراهيم,22003,650,9
El Fedjouz Boughrara Saoudi,Oum El Bouaghi,Commune,3658,4169,1.32,5275,,43.5,88.9,6719,11667,1,0.1,,,,,0,0,,0,0,0,0,0,0,0,0,0,0,,0,0,0,0,5039250,2.517990667,8.52,35.710367,6.819352,,,650,13
El Djazia,Oum El Bouaghi,Commune,3318,3878,1.57,5135,,43.5,88.9,6719,11667,1,0.1,,,,,0,0,,0,0,0,0,0,0,0,0,0,0,,0,0,0,0,5039250,2.517990667,8.52,35.663473,7.5030506,الجازيـــــــة,4014,650,13
Rahia,Oum El Bouaghi,Commune,2188,2711,2.17,3987,,43.5,88.9,6719,11667,1,0.1,,,,,0,0,,0,0,0,0,0,0,0,0,0,0,,0,0,0,0,5039250,2.517990667,8.52,35.7166662,7.6579122,الراحية,4026,650,13
Zorg,Oum El Bouaghi,Commune,1736,2281,2.77,3729,,43.5,88.9,6719,11667,1,0.1,,,,,0,0,,0,0,0,0,0,0,0,0,0,0,,0,0,0,0,5039250,2.517990667,8.52,35.8726014,7.1180248,الزرڨ,4018,650,13
Médéa,Médéa,Province Capital,123498,138355,1.14,169745,,42.1,92.15,359145,6304.5,4,0.25,708,319,383,6,0,0,,1,8,3,0,1,1,2,0,1,0,SAA|AXA|CAAR|CAAT|CIAR,1,1,11,2,269358750,9,8.41,36.2838204,2.7028058,المدية,26001,656,10
Aïn Abid,Constantine,Commune,25958,31743,2.03,45596,5347,45.9,93.7,20929,42723,2,0.15,378,245,132,1,0,0,,0,15,15,0,0,0,0,0,0,0,SAA,0,0,3,0,15696750,7.843284218,8.29,36.2465349,6.7979518,عين عبيد,25007,657,11
Zitouna,Skikda,Commune,8415,8351,-0.08,8237,8351,47.3,97.5,6049,12469,2,0.15,,,,,0,0,,0,0,0,0,0,0,0,0,0,0,,0,0,0,0,4536750,2.266903638,7.98,36.9888779,6.4497961,الزيتونة,21015,658,24
Akabli,Adrar,Commune,7513,10171,3.08,17545,,37.6,93.6,6045,15131,2,0.15,,,,,0,0,,0,0,0,0,0,0,0,0,0,0,,0,0,1,1,4533750,14.76540461,7.98,26.7057062,1.344838,أقبلي,1019,658,11
Tamantit,Adrar,Commune,7912,9481,1.83,13130,,37.6,93.6,6045,15131,2,0.15,,,,,0,0,,0,0,0,0,0,0,0,0,0,0,,0,0,0,0,4533750,2.265404611,7.98,27.761333,-0.265753,,,658,11
Tamekten,Adrar,Commune,14134,18598,2.78,30481,,37.6,93.6,6045,15131,2,0.15,,,,,0,0,,0,0,0,0,0,0,0,0,0,0,,0,0,2,2,4533750,27.26540461,7.98,27.74851,1.184506,,,658,11
Ouled Ahmed Tammi,Adrar,Commune,11976,13547,1.24,16912,,37.6,93.6,6045,15131,2,0.15,,,,,0,0,,0,0,0,0,0,0,0,0,0,0,,0,0,1,1,4533750,14.76540461,7.98,27.9766155,-0.20396,أولاد أحمد تيمى,1021,658,11
Sali,Adrar,Commune,11304,13138,1.51,17221,13138,35.1,95.2,6045,16394,2,0.15,8,6,2,0,0,0,,0,0,0,0,0,0,0,0,0,0,,0,0,1,1,4533750,14.76540461,7.98,26.7370315,-2.8517184,سالى,1018,658,11
Zitouna,El Tarf,Commune,8367,9736,1.53,12789,8351,47.3,97.5,6049,12469,2,0.15,,,,,0,0,,0,0,0,0,0,0,0,0,0,0,,0,0,0,0,4536750,2.266903638,7.98,36.9888779,6.4497961,الزيتونة,21015,658,8
In Zghmir,Adrar,Commune,14062,16185,1.42,20846,,37.6,93.6,6045,15131,2,0.15,,,,,0,0,,0,0,0,0,0,0,0,0,0,0,,0,0,1,1,4533750,14.76540461,7.98,25.8711501,-6.252223,ان زغمير,1005,658,11
Si Abdelghani,Tiaret,Commune,9015,9273,0.28,9756,,43.4,88.5,5631,10621,1,0.1,,,,,0,0,,0,0,0,0,0,0,0,0,0,0,,0,0,0,0,4223250,2.110255312,7.89,35.208733,1.676843,,,666,17
Mechraa Safa,Tiaret,Commune,15402,16077,0.43,17367,,43.4,88.5,5631,10621,1,0.1,,,,,0,0,,0,0,0,0,0,0,0,0,0,0,,0,0,1,1,4223250,14.61025531,7.89,35.3599899,1.3916159,مشرع الصفاء,14034,666,17
Takhemaret,Tiaret,Commune,29835,34124,1.35,43457,,43.4,88.5,5631,10621,1,0.1,,,,,0,0,,0,0,0,0,0,0,0,0,0,0,,0,0,2,2,4223250,27.11025531,7.89,35.1048114,0.6649302,تاخمرت,14037,666,17
Zmalet El Emir Abdelkader,Tiaret,Commune,14668,18722,2.47,29048,,43.4,88.5,5631,10621,1,0.1,,,,,0,0,,0,0,0,0,0,0,0,0,0,0,,0,0,1,1,4223250,14.61025531,7.89,34.894606,2.309944,,,666,17
Ouled Si Slimane,Batna,Commune,11406,12473,0.9,14651,5143,38.4,81.4,5626,11926,1,0.1,,,,,0,0,,0,0,0,0,0,0,0,0,0,0,,0,0,0,0,4219500,2.108381529,7.89,35.5671114,5.5504885,أولاد سي سليمان,5053,666,19
Beni Zid,Skikda,Commune,17379,20697,1.76,28346,20697,42.6,94.3,12075,26730,2,0.15,1,0,1,0,0,0,,0,1,1,0,0,0,0,0,0,0,SAA,0,0,1,0,9056250,4.52518787,7.85,36.8166662,6.4912452,بنى زيد,21011,671,25
Sidi M'Hamed Ben Ali,Relizane,Commune,17072,20096,1.64,26952,33835,39.5,91.9,10646,24769,2,0.15,1,1,0,0,0,0,,0,1,0,0,0,0,0,0,1,0,CIAR,0,0,1,0,7984500,3.989660461,7.85,36.143337,0.844239,,,671,22
Aïn El Assel,El Tarf,Commune,12482,16285,2.7,26284,8392,45.2,68.2,11880,17926,2,0.15,,,,,0,0,,0,1,1,0,0,0,0,0,0,0,SAA,0,0,1,0,8910000,4.452110302,7.85,36.7246,8.3826,عين العسل,36006,671,9
Naciria,Boumerdès,Commune,21272,22431,0.53,24679,25853,48.2,92.9,11895,22927,2,0.15,28,22,6,0,0,0,,0,1,0,0,1,0,0,0,0,0,AXA,0,0,1,0,8921250,4.457731654,7.85,36.6849,3.8287,الناصرية,35008,671,17
Belaiba,M'Sila,Commune,20839,27404,2.78,44864,14397,39.1,94,17542,42172,1,0.1,5,5,0,0,0,0,,0,5,4,1,0,0,0,0,0,0,SAA|ALLIANCE,0,0,2,0,13156500,6.573983074,7.82,35.5682674,5.1394531,بلعايبة,28015,675,26
Ksar El Abtal,Sétif,Commune,20667,23833,1.44,30804,10302,42.1,84.5,12968,26029,2,0.15,,,,,0,0,,0,2,2,0,0,0,0,0,0,0,SAA,0,0,2,0,9726000,4.859845656,7.82,35.9761631,5.1490233,قصرالأبطال,19052,675,30
Aïn Beida Harriche,Mila,Commune,18513,21013,1.27,26394,21013,42,92.2,11085,24335,2,0.15,,,,,0,0,,0,2,2,0,0,0,0,0,0,0,SAA,0,0,1,0,8313750,4.154178678,7.61,36.3361,5.8997,عين البيضاء حريش,43030,677,18
Casbah,El Djazaïr [Algiers],Commune,50453,36762,-3.12,20793,83797,49.6,92.2,10313,19171,4,0.25,34,17,17,0,0,0,,0,2,2,0,0,0,0,0,0,0,SAA,0,0,1,0,7734750,3.86486646,7.61,36.7847303,3.0504945,القصبة,16007,677,33
Oued Endja,Mila,Commune,16802,19739,1.62,26379,19739,44,96.7,11607,25508,2,0.15,51,49,2,0,0,0,,0,2,1,0,0,0,0,0,1,0,SAA|CIAR,0,0,1,0,8705250,4.349801707,7.61,36.3671,6.1221,وادى النجاء,43010,677,18
Bethioua,Oran,Commune,14738,17758,1.88,24838,104498,45.8,89.1,11376,22131,2,0.15,37,34,3,0,0,0,,0,2,1,0,0,0,0,0,1,0,SAA|CIAR,0,0,1,0,8532000,4.263232895,7.61,35.7398,-0.2609,ﺑﻃﻴﻭة,31007,677,22
Ouled Hedadj,Boumerdès,Commune,22382,30573,3.17,53596,,45.7,92.35,12314,23706,4,0.25,36,28,8,0,0,0,,0,2,0,1,0,0,0,0,1,0,ALLIANCE|CIAR,0,0,3,1,9235500,17.11475474,7.61,36.6563,3.3508,أولاد ھداج,35033,677,18
Aomar,Bouira,Commune,20464,20532,0.03,20655,2212,44,87.9,9088,18156,2,0.15,7,3,4,0,0,0,,0,3,0,0,1,0,1,0,0,1,AXA|CAAT|TRUST,0,0,1,0,6816000,3.40578943,7.52,36.5022135,3.7122176,أعمر,10016,682,13
Aïn Romana,Blida,Commune,9667,12529,2.63,19982,6076,41.6,94.1,8313,18803,3,0.2,2,2,0,0,0,0,,0,3,3,0,0,0,0,0,0,0,SAA,0,0,1,0,6234750,3.115352941,7.52,36.3875985,2.5722144,عين الرمانة,9028,682,16
Amarnas,Sidi Bel Abbès,Commune,6212,11293,6.16,33117,8949,43,82.4,14240,27288,1,0.1,,,,,0,0,,0,7,7,0,0,0,0,0,0,0,SAA,0,0,2,0,10680000,5.336536254,7.32,35.0999604,-0.6567147,العمارنة,22012,684,10
Ammi Moussa,Relizane,Commune,26886,28962,0.75,33111,17442,39.2,91.1,12980,30164,2,0.15,,,,,0,0,,0,3,3,0,0,0,0,0,0,0,SAA,0,0,2,0,9735000,4.864342738,7.31,35.8033,1.1179,عمي موسى,48011,685,23
El Madania,El Djazaïr [Algiers],Commune,51404,40301,-2.4,26007,36762,50.4,93.6,13108,24343,4,0.25,57,46,11,0,0,0,,0,3,0,0,0,1,0,1,1,0,CAAR|CASH|CIAR,0,0,1,0,9831000,4.912311603,7.31,36.7422816,3.0604942,المدنية,16003,685,34
El M'Ghair,El Oued,Commune,40228,49793,2.16,73100,40576,38.7,94.8,28290,69299,0,0,4,3,1,0,0,0,,1,1,0,0,0,0,0,0,1,0,CIAR,1,1,4,2,21217500,7.120373745,7.21,33.645473,6.323931,,,687,21
Tipaza,Tipaza,Province Capital,21915,25225,1.42,32493,,49.3,92.6,385265,19407,4,0.25,1288,842,442,4,0,0,,1,9,4,1,0,1,2,1,0,0,SAA|ALLIANCE|CAAR|CAAT|CASH,1,1,2,0,288948750,4,7.16,36.5284,2.45,تيبازة,42001,688,15
Aïn El Hadjar,Bouira,Commune,7988,9260,1.49,12082,156647,35.8,94.1,4325,11369,2,0.15,8,8,0,0,0,0,,0,1,1,0,0,0,0,0,0,0,SAA,0,0,0,0,3243750,1.620822985,7,36.3598252,3.7160585,عين الحجر,10025,689,14
Aïn El Hadjar,Saïda,Commune,21493,29022,3.05,49831,156647,35.8,94.1,4325,11369,2,0.15,8,8,0,0,0,0,,0,1,1,0,0,0,0,0,0,0,SAA,0,0,3,2,3243750,26.62082298,7,36.3598252,3.7160585,عين الحجر,10025,689,10
Beni Amrane,Boumerdès,Commune,21452,23621,0.97,28093,25480,44.8,84.7,12586,23795,4,0.25,12,12,0,0,0,0,,0,4,4,0,0,0,0,0,0,0,SAA,0,0,1,0,9439500,4.716688574,6.91,36.6056,3.5925,بنى عمران,35030,691,19
Abou El Hassan,Chlef,Commune,20164,22756,1.22,28290,,40.85,92.3,12342,26555,4,0.25,,,,,0,0,,0,1,1,0,0,0,0,0,0,0,SAA,0,0,1,0,9256500,4.625247925,6.83,36.414594,1.193824,,,692,26
Thenia,Boumerdès,Commune,19078,21439,1.17,26449,9985,47,93.5,12431,24730,2,0.15,45,44,1,0,0,0,,0,1,0,0,0,0,0,0,1,0,CIAR,0,0,1,0,9323250,4.658601277,6.83,36.6651,3.5541,الثنية,35015,692,20
Hussein Dey,El Djazaïr [Algiers],Commune,49921,40698,-2.02,28177,96597,49.4,95.4,13919,26881,4,0.25,188,143,45,0,0,0,,0,5,0,2,0,2,0,0,1,0,ALLIANCE|CAAR|CIAR,0,0,1,0,10439250,5.216239335,6.76,36.7402922,3.0914013,حسين داي,16017,694,35
El Attaf,Aïn Defla,Commune,50197,57737,1.41,74277,57737,41.8,92.3,31048,68558,4,0.25,453,94,359,0,0,0,,1,1,0,0,0,0,0,0,1,0,CIAR,1,1,4,2,23286000,7.327089573,6.61,36.1578,1.6699,العطاف,44010,695,23
Barrahal,Annaba,Commune,18681,22631,1.94,31963,,45,94.2,12382,24791,2,0.15,,,,,0,0,,0,2,1,0,0,0,0,0,1,0,SAA|CIAR,0,0,2,0,9286500,4.640238195,6.59,,,,,696,6
El Kseur,Béjaïa,Commune,26886,29842,1.05,36006,35077,44.8,93.7,16131,33738,2,0.15,466,195,269,2,1,1,Nouvelle ZI ANIREF (176 ha),1,2,1,1,0,0,0,0,0,0,SAA|ALLIANCE,1,1,2,0,12098250,7.209040257,6.45,36.7187382,4.7678254,القصر,6040,697,11
Bensekrane,Tlemcen,Commune,13288,13845,0.41,14907,13845,43.3,93.9,6455,13998,1,0.1,1,1,0,0,0,0,,0,0,0,0,0,0,0,0,0,0,,0,0,0,0,4841250,2.419054882,6.23,35.0745555,-1.2362705,بن سكران,13024,698,16
Mila,Mila,Province Capital,59959,69052,1.42,89034,,46.6,93.85,450286,20263,4,0.25,287,231,54,2,0,0,,2,10,1,1,1,1,4,1,1,0,SAA|ALLIANCE|AXA|CAAR|CAAT|CASH|CIAR,1,2,5,0,337714500,4,6.2,36.387,6.2677,ميلة,43001,699,20
Bab El Oued,El Djazaïr [Algiers],Commune,87557,64732,-2.98,37585,45345,50.1,93.6,18830,35180,4,0.25,117,89,28,0,0,0,,0,6,1,1,1,1,0,0,2,0,SAA|ALLIANCE|AXA|CAAR|CIAR,0,0,2,0,14122500,7.05666978,6.17,36.7917802,3.0445432,باب الواد,16005,700,36
Amieur,Tlemcen,Commune,11725,13150,1.15,16165,13150,45,89.6,7274,14484,1,0.1,,,,,0,0,,0,10,10,0,0,0,0,0,0,0,SAA,0,0,1,0,5455500,2.725980668,6.12,34.8959541,-1.3150979,عمير,13014,701,17
Hassi Messaoud,Ouargla,Commune,40368,45147,1.13,55220,4950,45,91.7,24849,50637,0,0,157,137,20,0,1,1,ZI Pétrolière,1,6,0,1,1,2,0,1,0,1,ALLIANCE|AXA|CAAR|CASH|TRUST,1,1,3,0,18636750,7.862466143,6.07,31.6148,6.0727,حاسي مسعود,30004,702,16
Mansoura,Bordj Bou Arreridj,Commune,19979,21280,0.63,23839,11019,40.1,94.1,9559,22432,1,0.1,117,89,28,0,0,0,,0,1,0,0,0,0,1,0,0,0,CAAT,0,0,1,0,7169250,3.582299863,5.93,36.018,4.4604,منصورة,34004,703,10
Merahna,Souk Ahras,Commune,11030,13319,1.9,18702,13319,47.7,90.1,8921,16851,1,0.1,1,1,0,0,0,0,,0,1,0,0,0,0,0,0,1,0,CIAR,0,0,1,0,6690750,3.343205051,5.93,36.1345,8.1738,المراهنة,41012,703,6
Aïn Bouchekif,Tiaret,Commune,12386,15022,1.95,21260,2935,42,68.4,8929,14542,1,0.1,8,3,5,0,0,0,,0,2,2,0,0,0,0,0,0,0,SAA,0,0,1,0,6696750,3.346203105,5.93,35.3543704,1.5036248,بوشقيف,14003,703,21
Mansoura,Ghardaïa,Commune,1765,2840,4.87,6686,11019,40.1,94.1,9559,22432,1,0.1,117,89,28,0,0,0,,0,1,0,0,0,0,1,0,0,0,CAAT,0,0,0,0,7169250,3.582299863,5.93,36.018,4.4604,منصورة,34004,703,11
Taoura,Souk Ahras,Commune,17337,18933,0.88,22185,18933,39.6,92.1,8785,20432,1,0.1,3,3,0,0,0,0,,0,1,0,0,1,0,0,0,0,0,AXA,0,0,1,0,6588750,3.292238132,5.93,36.1057,8.042,تاورة,41008,703,6
Zelfana,Ghardaïa,Commune,7241,10161,3.45,18698,9938,44.4,96.5,8302,18044,1,0.1,,,,,0,0,,0,1,0,0,0,0,0,0,1,0,CIAR,0,0,1,0,6226500,3.111230617,5.93,32.612,3.312,زلفانة,47008,703,11
Dellys,Boumerdès,Commune,28229,32954,1.56,43540,75962,47.8,88.9,20812,38707,2,0.15,423,265,158,0,0,0,,1,0,0,0,0,0,0,0,0,0,,1,1,2,1,15609000,4.059887535,5.93,36.85,3.9139,دلس,35028,703,21
Beni Yagoub,Djelfa,Commune,6456,9940,4.41,21615,101239,42.5,89.7,9186,19389,1,0.1,,,,,0,0,,0,1,1,0,0,0,0,0,0,0,SAA,0,0,1,0,6889500,3.442515592,5.93,34.476874,2.818189,,,703,26
Djebel Messaad,M'Sila,Commune,11344,13948,2.09,20233,88441,41.8,91.6,8457,18533,1,0.1,,,,,0,0,,0,1,1,0,0,0,0,0,0,0,SAA,0,0,1,0,6342750,3.169317915,5.93,34.9863778,4.0131749,جبل مساعد,28047,703,27
Ouyoun El Assafir,Batna,Commune,8969,11513,2.53,18046,30207,46.9,95,8464,17144,1,0.1,1,1,0,0,0,0,,0,1,1,0,0,0,0,0,0,0,SAA,0,0,1,0,6348000,3.171941212,5.93,35.5468473,6.2710449,عيون العصافير,5012,703,20
Aïn Zerga,Tébessa,Commune,18998,20170,0.6,22465,5370,37.9,85.1,8514,19118,1,0.1,25,22,3,0,0,0,,0,1,1,0,0,0,0,0,0,0,SAA,0,0,1,0,6385500,3.19067905,5.93,35.6333322,8.2579122,عين الزرقاء,12023,703,9
Birkhadem,El Djazaïr [Algiers],Commune,55084,77749,3.51,144577,71661,47.3,93.9,68385,135758,4,0.25,1230,664,565,1,0,0,,1,8,0,3,1,1,0,2,1,0,ALLIANCE|AXA|CAAR|CASH|CIAR,1,1,9,0,51288750,4,5.89,36.7146375,3.0311349,بئر خادم,16012,714,37
M'Liliha,Djelfa,Commune,13155,14242,0.8,16430,102453,39.1,89.9,6424,14771,1,0.1,,,,,0,0,,0,0,0,0,0,0,0,0,0,0,,0,0,1,1,4818000,14.90743742,5.87,34.7546461,3.4761,المليليحة,17013,715,27
Aïn El Kebira,Sétif,Commune,32113,36295,1.23,45242,14977,41.8,92.3,18911,41758,2,0.15,71,71,0,0,0,0,,1,0,0,0,0,0,0,0,0,0,,1,1,3,2,14183250,6.417405016,5.87,36.3773932,5.4503964,عين الكبيرة,19002,715,31
Menaa,Batna,Commune,11855,13510,1.32,17093,10416,36.4,91.7,6222,15674,1,0.1,73,73,0,0,0,0,,0,0,0,0,0,0,0,0,0,0,,0,0,1,1,4666500,14.83173656,5.87,35.1373236,5.9981034,منعة,5006,715,21
Zighoud Youcef,Constantine,Commune,31101,35248,1.26,44155,11234,45.6,87.8,20135,38768,2,0.15,172,168,4,0,0,0,,1,0,0,0,0,0,0,0,0,0,,1,1,2,1,15101250,4.00914547,5.78,36.5297763,6.5941469,زيغود يوسف,25004,718,12
Zéralda,El Djazaïr [Algiers],Commune,33047,51552,4.55,114776,41070,48.7,95.2,55896,109267,4,0.25,609,413,195,1,0,0,,1,7,0,2,1,2,1,0,1,0,ALLIANCE|AXA|CAAR|CAAT|CIAR,1,1,7,0,41922000,4,5.75,36.6995503,2.8049892,زرالدة,16046,719,38
Aït Aouggacha,Tizi Ouzou,Commune,3986,4306,0.78,4948,,46.5,94.4,6453,12516.5,2,0.15,,,,,0,0,,0,0,0,0,0,0,0,0,0,0,,0,0,0,0,4839750,2.418305369,5.74,,,,,720,12
Agouni Gueghrane,Tizi Ouzou,Commune,10833,9692,-1.11,7932,,46.5,94.4,6453,12516.5,2,0.15,,,,,0,0,,0,0,0,0,0,0,0,0,0,0,,0,0,0,0,4839750,2.418305369,5.74,36.5042565,4.0879622,آقنى قغران,15061,720,12
Aït Bouaddou,Tizi Ouzou,Commune,13834,14435,0.43,15583,,46.5,94.4,6453,12516.5,2,0.15,,,,,0,0,,0,0,0,0,0,0,0,0,0,0,,0,0,1,1,4839750,14.91830537,5.74,36.50321,4.061255,,,720,12
Tizi N'Tleta,Tizi Ouzou,Commune,15891,15479,-0.26,14764,,46.5,94.4,6453,12516.5,2,0.15,,,,,0,0,,0,0,0,0,0,0,0,0,0,0,,0,0,0,0,4839750,2.418305369,5.74,36.546098,4.057612,,,720,12
Yakouren,Tizi Ouzou,Commune,11724,12203,0.4,13115,17425,49.2,93.9,6453,12315,2,0.15,54,49,5,0,0,0,,0,0,0,0,0,0,0,0,0,0,,0,0,0,0,4839750,2.418305369,5.74,36.7370677,4.3947111,اعكورن,15020,720,12
Tizi Gheniff,Tizi Ouzou,Commune,27702,29399,0.6,32720,,46.5,94.4,6453,12516.5,2,0.15,,,,,0,0,,0,0,0,0,0,0,0,0,0,0,,0,0,2,2,4839750,27.41830537,5.74,36.587227,3.774276,,,720,12
Assi Youcef,Tizi Ouzou,Commune,14411,14789,0.26,15495,44050,41.7,94.5,6461,14643,2,0.15,112,112,0,0,0,0,,0,0,0,0,0,0,0,0,0,0,,0,0,1,1,4845750,14.92130342,5.74,36.5028276,3.9916789,أسي يوسف,15066,720,12
Illoula Oumalou,Tizi Ouzou,Commune,13812,12952,-0.64,11537,,46.5,94.4,6453,12516.5,2,0.15,,,,,0,0,,0,0,0,0,0,0,0,0,0,0,,0,0,0,0,4839750,2.418305369,5.74,36.564999,4.448737,,,720,12
Imsouhel,Tizi Ouzou,Commune,7530,6565,-1.36,5129,,46.5,94.4,6453,12516.5,2,0.15,,,,,0,0,,0,0,0,0,0,0,0,0,0,0,,0,0,0,0,4839750,2.418305369,5.74,36.580278,4.392712,,,720,12
Iflissen,Tizi Ouzou,Commune,14641,14311,-0.23,13736,11627,47.1,90.8,6470,12472,2,0.15,,,,,0,0,,0,0,0,0,0,0,0,0,0,0,,0,0,0,0,4852500,2.424676234,5.74,36.8728441,4.1818421,إفليسن,15054,720,12
Aït Khellili,Tizi Ouzou,Commune,12630,11627,-0.82,10018,,46.5,94.4,6453,12516.5,2,0.15,,,,,0,0,,0,0,0,0,0,0,0,0,0,0,,0,0,0,0,4839750,2.418305369,5.74,36.675792,4.30882,,,720,12
Aït Chafâa,Tizi Ouzou,Commune,3865,3775,-0.24,3618,,46.5,94.4,6453,12516.5,2,0.15,,,,,0,0,,0,0,0,0,0,0,0,0,0,0,,0,0,0,0,4839750,2.418305369,5.74,36.825813,4.524227,,,720,12
Si Mustapha,Boumerdès,Commune,9015,12087,2.98,20491,8511,46.3,93.9,9487,19241,4,0.25,26,23,3,0,0,0,,0,1,0,0,0,0,0,0,1,0,CIAR,0,0,1,0,7115250,3.555317377,5.69,36.6629,3.6145,سي مصطفى,35012,732,22
El Kharrouba,Boumerdès,Commune,8143,10885,2.94,18353,8991,44.2,91.4,8112,16775,2,0.15,17,8,5,4,0,0,,0,2,2,0,0,0,0,0,0,0,SAA,0,0,1,0,6084000,3.040026833,5.69,36.5946,3.4058,الخروبة,35038,732,22
Azeffoun,Tizi Ouzou,Commune,16096,16847,0.46,18288,9160,45.9,91.8,8394,16788,2,0.15,116,95,21,0,0,0,,0,1,1,0,0,0,0,0,0,0,SAA,0,0,1,0,6295500,3.145708239,5.69,36.893073,4.420392,,,732,24
Sidi Aïch,Béjaïa,Commune,11373,13775,1.93,19448,6433,47.9,95.5,9316,18573,2,0.15,19,11,8,0,0,0,,0,2,0,0,1,0,0,0,1,0,AXA|CIAR,0,0,1,0,6987000,3.491233971,5.69,36.6223093,4.6792592,سيدي عيش,6039,732,12
Ben Aknoun,El Djazaïr [Algiers],Commune,19404,18838,-0.3,17860,22813,51.6,89.1,9216,15913,4,0.25,112,84,28,0,0,0,,0,2,0,0,2,0,0,0,0,0,AXA,0,0,1,0,6912000,3.453758295,5.69,36.7571759,2.9946244,بن عكنون,16022,732,39
Guenzet,Sétif,Commune,4571,3541,-2.52,2236,,41.9,92.3,7875,16908,2,0.15,,,,,0,0,,0,1,0,1,0,0,0,0,0,0,ALLIANCE,0,0,0,0,5906250,2.951209481,5.69,36.3357504,4.7548888,ڨنزات,19041,732,32
Khemisti,Tipaza,Commune,12622,15128,1.83,20958,17111,44.3,92.6,9284,19407,2,0.15,72,52,20,0,0,0,,0,2,0,0,0,0,2,0,0,0,CAAT,0,0,1,0,6963000,3.479241755,5.69,35.6026,1.9501,خميستى,38011,732,16
Aokas,Béjaïa,Commune,14494,15989,0.99,19079,53282,46.2,94,8814,17934,2,0.15,16,9,7,0,0,0,,0,1,0,1,0,0,0,0,0,0,ALLIANCE,0,0,1,0,6610500,3.303106078,5.69,36.6195851,5.2038174,أوقاس,6022,732,12
Aïn Abessa,Sétif,Commune,15058,16770,1.08,20357,16095,43.5,92.8,8855,18891,2,0.15,13,13,0,0,0,0,,0,1,1,0,0,0,0,0,0,0,SAA,0,0,1,0,6641250,3.318471105,5.69,36.3045155,5.1522342,عين عباسـة,19014,732,32
Amira Arrès,Mila,Commune,18722,19405,0.36,20698,19405,42,95.2,8693,19704,2,0.15,21,21,0,0,0,0,,0,1,1,0,0,0,0,0,0,0,SAA,0,0,1,0,6519750,3.25776051,5.69,36.551664,6.055815,,,732,21
Khemisti,Tissemsilt,Commune,20191,22900,1.27,28725,17111,44.3,92.6,9284,19407,2,0.15,72,52,20,0,0,0,,0,2,0,0,0,0,2,0,0,0,CAAT,0,0,1,0,6963000,3.479241755,5.69,35.6026,1.9501,خميستى,38011,732,6
Djemila,Sétif,Commune,25765,24145,-0.65,21481,43551,42.6,93.6,9151,20106,2,0.15,66,61,5,0,0,0,,0,1,1,0,0,0,0,0,0,0,SAA,0,0,1,0,6863250,3.429399106,5.69,36.3469977,5.6877397,جميلـة,19021,732,32
El Hamma,Khenchela,Commune,10702,12051,1.19,14922,3089,40.8,94.9,6088,14161,2,0.15,13,12,1,0,0,0,,0,0,0,0,0,0,0,0,0,0,,0,0,0,0,4566000,2.281519151,5.68,35.3991,7.0834,الحامة,40005,744,7
Bousselam,Sétif,Commune,16302,16095,-0.13,15729,9613,38.9,94.2,6119,14817,2,0.15,5,4,1,0,0,0,,0,0,0,0,0,0,0,0,0,0,,0,0,1,1,4589250,14.79313661,5.68,36.4937736,4.9369786,بوسلام,19019,744,35
El Amiria,Oum El Bouaghi,Commune,9795,10416,0.62,11635,17609,52.5,92.2,6108,10727,1,0.1,,,,,0,0,,0,0,0,0,0,0,0,0,0,0,,0,0,0,0,4581000,2.289014287,5.67,36.1101777,6.9026434,العامرية,4005,746,18
Ouled Fayet,El Djazaïr [Algiers],Commune,15209,27593,6.14,80622,41690,49.7,94.1,40069,75865,4,0.25,699,483,215,1,0,0,,1,7,2,1,1,1,0,0,2,0,SAA|ALLIANCE|AXA|CAAR|CIAR,1,1,5,0,30051750,3.003225719,5.6,36.725135,2.9078787,أولاد فايت,16051,747,40
Ben Azzouz,Skikda,Commune,24969,29162,1.56,38563,29162,45,91.1,17353,35131,1,0.1,18,2,16,0,0,0,,1,0,0,0,0,0,0,0,0,0,,1,1,2,1,13014750,3.800630809,5.55,36.8648574,7.2885273,بن عزوز,21008,748,26
Ghassira,Batna,Commune,6546,7327,1.13,8975,18502,41,95.7,3680,8589,1,0.1,17,17,0,0,0,0,,0,0,0,0,0,0,0,0,0,0,,0,0,0,0,2760000,1.379104875,5.51,35.0629605,6.1563323,غسيرة,5002,749,22
M'Daourouch,Souk Ahras,Commune,24919,41343,5.19,102842,,43.95,90.1,3652.5,7620,1,0.1,,,,,0,0,,0,0,0,0,0,0,0,0,0,0,,0,0,6,6,2739375,51.36879906,5.51,36.077309,7.821238,,,749,8
Ragouba,Souk Ahras,Commune,5055,5160,0.21,5355,,43.95,90.1,3652.5,7620,1,0.1,,,,,0,0,,0,0,0,0,0,0,0,0,0,0,,0,0,0,0,2739375,1.368799064,5.51,36.0191,7.7179,الرقوبة,41022,749,8
Ouillen,Souk Ahras,Commune,6419,6544,0.19,6775,,43.95,90.1,3652.5,7620,1,0.1,,,,,0,0,,0,0,0,0,0,0,0,0,0,0,,0,0,0,0,2739375,1.368799064,5.51,36.271794,8.072766,,,749,8
Heddada,Souk Ahras,Commune,6112,7351,1.86,10248,,43.95,90.1,3652.5,7620,1,0.1,,,,,0,0,,0,0,0,0,0,0,0,0,0,0,,0,0,0,0,2739375,1.368799064,5.51,36.230696,8.337747,,,749,8
Teghalimet,Sidi Bel Abbès,Commune,6913,7549,0.88,8845,20346,41.4,93.7,3662,8288,1,0.1,,,,,0,0,,0,0,0,0,0,0,0,0,0,0,,0,0,0,0,2746500,1.372359253,5.51,34.8852137,-0.563019,تغاليمت,22044,749,11
Taskriout,Béjaïa,Commune,14635,16141,0.98,19253,16901,40.1,94.9,7720,18271,2,0.15,14,10,3,1,0,0,,0,1,1,0,0,0,0,0,0,0,SAA,0,0,1,0,5790000,2.893122183,5.45,36.5565707,5.2237624,تاسقريوت,6031,755,14
Aïn Mellouk,Mila,Commune,12716,14200,1.11,17321,14200,43.2,93.5,7483,16195,2,0.15,7,3,4,0,0,0,,0,1,0,0,0,0,0,0,1,0,CIAR,0,0,1,0,5612250,2.804304831,5.45,36.2121,6.1771,عين ملوك,43005,755,22
Aïn Zaouia,Tizi Ouzou,Commune,16764,17320,0.33,18368,32121,42.4,93.6,7788,17192,2,0.15,109,107,2,0,0,0,,0,1,1,0,0,0,0,0,0,0,SAA,0,0,1,0,5841000,2.918605643,5.45,36.576394,3.8364146,عين الزاوية,15025,755,25
Sidi Ben Adda,Aïn Témouchent,Commune,12224,13598,1.07,16472,6013,47.4,86.8,7808,14298,2,0.15,,,,,0,0,,0,2,2,0,0,0,0,0,0,0,SAA,0,0,1,0,5856000,2.926100778,5.45,35.2411,-1.181,سيدي بن عدة,46012,755,8
Bouderbala,Bouira,Commune,16697,17589,0.52,19316,19517,39.8,94.7,7688,18292,2,0.15,,,,,0,0,,0,1,1,0,0,0,0,0,0,0,SAA,0,0,1,0,5766000,2.881129967,5.45,36.5662885,3.4137415,بودربالة,10023,755,15
Bougara,Blida,Commune,42746,51203,1.82,70862,8300,41.4,75.2,29337,53288,4,0.25,105,78,27,0,0,0,,1,2,0,1,0,0,1,0,0,0,ALLIANCE|CAAT,1,1,4,1,22002750,4.69884781,5.32,36.4936597,2.9731862,بوڨرة,9026,760,17
Bougara,Tiaret,Commune,6637,7047,0.6,7850,8300,41.4,75.2,29337,53288,4,0.25,105,78,27,0,0,0,,1,2,0,1,0,0,1,0,0,0,ALLIANCE|CAAT,1,1,0,0,22002750,2.19884781,5.32,36.4936597,2.9731862,بوڨرة,9026,760,22
Lac des Oiseaux,El Tarf,Commune,9320,10624,1.32,13448,5881,47.6,89.8,6401,12076,2,0.15,2,0,2,0,0,0,,0,0,0,0,0,0,0,0,0,0,,0,0,0,0,4800750,2.398818017,5.31,36.7136,8.1189,بحيرة الطيور,36011,762,10
El Adjiba,Bouira,Commune,11572,12486,0.76,14317,17589,43.5,93.6,6228,13401,2,0.15,30,26,4,0,0,0,,0,0,0,0,0,0,0,0,0,0,,0,0,0,0,4671000,2.333985098,5.31,36.3723036,4.0139476,العجيبة,10019,762,16
Tafraoui,Oran,Commune,9988,11263,1.21,13982,23163,44.6,92.1,6236,12877,2,0.15,5,4,1,0,0,0,,0,0,0,0,0,0,0,0,0,0,,0,0,0,0,4677000,2.336983152,5.31,35.4182,-0.5273,طفراوي,31012,762,23
Aougrout,Adrar,Commune,9878,11784,1.78,16189,108587,38.7,92.8,6265,15023,2,0.15,,,,,0,0,,0,0,0,0,0,0,0,0,0,0,,0,0,1,1,4698750,14.8478511,5.31,28.7499992,0.2412452,أوقروت,1023,762,17
Ouadhia,Tizi Ouzou,Commune,17286,15771,-0.91,13371,31263,47.2,94.3,6311,12609,2,0.15,300,295,5,0,0,0,,0,0,0,0,0,0,0,0,0,0,,0,0,0,0,4733250,2.365089909,5.31,36.5677265,4.0785704,واضية,15036,762,26
Hassi El Ghella,Aïn Témouchent,Commune,10487,11700,1.1,14248,15419,44,90.5,6269,12894,2,0.15,,,,,0,0,,0,0,0,0,0,0,0,0,0,0,,0,0,0,0,4701750,2.349350125,5.31,35.389,-1.0519,حاسى الغلة,46020,762,9
Hamma,Sétif,Commune,12353,13223,0.68,14946,15762,42,94,6277,14049,2,0.15,,,,,0,0,,0,0,0,0,0,0,0,0,0,0,,0,0,0,0,4707750,2.352348179,5.31,35.6877227,5.31252,حــامة,19011,762,36
Aïn Sebt,Sétif,Commune,14290,14798,0.35,15758,15472,40.8,88.8,6429,13993,2,0.15,29,29,0,0,0,0,,0,0,0,0,0,0,0,0,0,0,,0,0,1,1,4821750,14.90931121,5.31,36.4924439,5.649352,عين السبت,19049,762,36
Aïn Sidi Cherif,Mostaganem,Commune,7819,9748,2.23,14497,13761,43.6,85.6,6321,12409,2,0.15,19,7,12,0,0,0,,0,0,0,0,0,0,0,0,0,0,,0,0,0,0,4740750,2.368837476,5.31,35.8358105,0.1163113,عين سيدي شريف,27021,762,24
Zerizer,El Tarf,Commune,10105,11064,0.91,13025,41685,48.2,95,6278,12374,2,0.15,3,1,2,0,0,0,,0,0,0,0,0,0,0,0,0,0,,0,0,0,0,4708500,2.352722936,5.31,36.6651,7.8937,زريزر,36019,762,10
Tiout,Naâma,Commune,3161,5413,5.53,14254,11397,43.9,87.9,6258,12529,1.5,0.125,,,,,0,0,,0,0,0,0,0,0,0,0,0,0,,0,0,0,0,4693500,2.345227801,5.21,32.7041,-0.4202,تيوت,45004,772,10
El Harrouch,Skikda,Commune,41650,48994,1.64,65629,48994,44.8,95.3,29402,62544,2,0.15,359,338,18,3,0,0,,1,2,0,1,0,1,0,0,0,0,ALLIANCE|CAAR,1,1,4,1,22051500,4.703719648,5.1,36.6547652,6.8234108,الحروش,21016,773,27
Breira,Chlef,Commune,11808,13200,1.12,16132,13200,37,65.5,5969,10566,4,0.25,,,,,0,0,,0,0,0,0,0,0,0,0,0,0,,0,0,1,1,4476750,14.7369231,5.09,36.4476233,1.5221188,بريرة,2034,774,27
El Amra,Aïn Defla,Commune,25890,31073,1.84,43155,31073,39.5,93.2,17046,40220,3,0.2,47,14,33,0,0,0,,1,0,0,0,0,0,0,0,0,0,,1,1,2,1,12784500,3.777620744,5.08,36.2398,1.8457,العامرة,44008,775,24
Sidi Rached,Tipaza,Commune,9153,11062,1.91,15557,12870,45.2,92,7032,14312,4,0.25,93,67,26,0,0,0,,0,1,1,0,0,0,0,0,0,0,SAA,0,0,1,0,5274000,2.635289532,5.03,36.4997,2.5323,سيدي راشد,42034,776,17
Merdja Sidi Abed,Relizane,Commune,6176,7502,1.96,10647,,41.65,91.1,6956.5,14639,2,0.15,,,,,0,0,,0,1,1,0,0,0,0,0,0,0,SAA,0,0,0,0,5217375,2.606995397,5.03,36.013883,0.989746,مرجة سيدي عابد,48037,776,24
Aït R'zine,Béjaïa,Commune,14619,14563,-0.04,14463,16141,42.4,93.7,6132,13552,2,0.15,8,4,4,0,0,0,,0,0,0,0,0,0,0,0,0,0,,0,0,0,0,4599000,2.298008449,5,36.3866561,4.4646094,آيت أرزين,6028,778,15
Bordj El Haouas,Illizi,Commune,2185,2963,3.09,5127,,45.2,93.7,6159,12312,2,0.125,,,,,0,0,,0,0,0,0,0,0,0,0,0,0,,0,0,0,0,4619250,2.308126881,5,24.87856,8.442955,,,778,3
Bordj Omar Driss,Illizi,Commune,3547,5736,4.92,13626,289226,45.2,89.2,6159,12154,2,0.125,,,,,0,0,,0,0,0,0,0,0,0,0,0,0,,0,0,0,0,4619250,2.308126881,5,28.0793,6.817,برج عمر ادريس,33004,778,3
Bou Henni,Mascara,Commune,10240,11715,1.35,14926,2549,41.4,84.1,6179,12553,2,0.15,,,,,0,0,,0,0,0,0,0,0,0,0,0,0,,0,0,0,0,4634250,2.315622017,5,35.4976,-0.0851,بوهني,29037,778,14
Bechloul,Bouira,Commune,10403,11775,1.25,14717,24406,42,94,6181,13834,2,0.15,58,57,1,0,0,0,,0,0,0,0,0,0,0,0,0,0,,0,0,0,0,4635750,2.31637153,5,36.3745093,3.9607305,بشلول,10033,778,17
Yahia Beni Guecha,Mila,Commune,10681,11810,1.01,14151,11810,43.6,95.4,6170,13500,2,0.15,,,,,0,0,,0,0,0,0,0,0,0,0,0,0,,0,0,0,0,4627500,2.312249206,5,36.390717,5.994009,,,778,23
Hammam Boughrara,Tlemcen,Commune,10322,11444,1.04,13780,11444,45,90.5,6201,12471,1,0.1,2,1,1,0,0,0,,0,0,0,0,0,0,0,0,0,0,,0,0,0,0,4650750,2.323866665,4.99,34.8904539,-1.6555881,حمام بوغرارة,13028,784,18
El Meridj,Tébessa,Commune,10254,11713,1.34,14882,36295,41.6,96.3,6191,14331,1,0.1,14,11,3,0,0,0,,0,0,0,0,0,0,0,0,0,0,,0,0,0,0,4643250,2.320119098,4.99,35.7935581,8.2175374,المريج,12024,784,10
Fkirina,Oum El Bouaghi,Commune,11413,12318,0.77,14132,4998,43.8,85.2,6190,12040,1,0.1,,,,,0,0,,0,0,0,0,0,0,0,0,0,0,,0,0,0,0,4642500,2.319744341,4.99,35.6638941,7.2909736,فكرينة,4016,784,19
Aïn Fekan,Mascara,Commune,10573,11862,1.16,14591,7887,40.9,88.8,5968,12957,2,0.15,5,5,0,0,0,0,,0,0,0,0,0,0,0,0,0,0,,0,0,0,0,4476000,2.23654834,4.96,35.1615,-0.0027,عين فكان,29018,787,15
Irdjen,Tizi Ouzou,Commune,13674,13149,-0.39,12254,29399,48.8,93.4,5980,11445,2,0.15,52,52,0,0,0,0,,0,0,0,0,0,0,0,0,0,0,,0,0,0,0,4485000,2.241045421,4.96,36.6675039,4.1060517,إرجن,15007,787,27
Aïn Madhi,Laghouat,Commune,6263,8101,2.61,12874,12567,46.4,74.2,5974,9553,1,0.1,7,7,0,0,0,0,,0,0,0,0,0,0,0,0,0,0,,0,0,0,0,4480500,2.238796881,4.94,33.797062,2.305916,,,789,10
Beni Ouarsous,Tlemcen,Commune,11018,12110,0.95,14356,12110,42.1,93.6,6044,13437,1,0.1,,,,,0,0,,0,0,0,0,0,0,0,0,0,0,,0,0,0,0,4533000,2.265029854,4.94,35.0818832,-1.5645648,برج عريمة,13036,789,19
Djemorah,Biskra,Commune,11218,12574,1.15,15441,12488,39,91,6022,14051,1,0.1,5,1,4,0,0,0,,0,0,0,0,0,0,0,0,0,0,,0,0,1,1,4516500,14.75678521,4.94,35.0989288,5.6954643,جمورة,7020,789,24
Yabous,Khenchela,Commune,8868,10402,1.61,13862,28595,43.3,86.8,6002,12032,1,0.1,7,7,0,0,0,0,,0,0,0,0,0,0,0,0,0,0,,0,0,0,0,4501500,2.24929007,4.94,35.3454,6.6412,يابوس,40019,789,8
Oued Lilli,Tiaret,Commune,11834,12574,0.61,14025,3669,43,92.6,6031,12987,1,0.1,9,4,5,0,0,0,,0,0,0,0,0,0,0,0,0,0,,0,0,0,0,4523250,2.260158016,4.94,35.5119281,1.2582952,وادى ليلى,14033,789,23
Bouharoun,Tipaza,Commune,8613,9922,1.42,12800,2150,45.3,96.7,5798,12378,4,0.25,42,30,11,1,0,0,,0,0,0,0,0,0,0,0,0,0,,0,0,0,0,4348500,2.172839691,4.8,36.624876,2.657232,,,794,18
Guelma,Guelma,Province Capital,110461,120847,0.9,142064,,47.2,94.4,280101,10513,2,0.15,101,88,11,2,0,0,,3,13,1,4,1,2,1,1,3,0,SAA|ALLIANCE|AXA|CAAR|CAAT|CASH|CIAR,1,3,9,0,210075750,4,4.78,36.4569037,7.3984116,قالمة,24001,795,11
Sidi Abdelmoumen,Mascara,Commune,13306,14600,0.93,17255,,42.5,87.7,5727,11182.5,2,0.15,,,,,0,0,,0,0,0,0,0,0,0,0,0,0,,0,0,1,1,4295250,14.64623196,4.77,35.652837,0.013796,,,796,16
Sidi Abdeldjebar,Mascara,Commune,3760,4190,1.09,5092,,42.5,87.7,5727,11182.5,2,0.15,,,,,0,0,,0,0,0,0,0,0,0,0,0,0,,0,0,0,0,4295250,2.146231961,4.77,35.379,0.5246,سيدي عبد الجبار,29046,796,16
El Guettana,Mascara,Commune,2238,2512,1.16,3092,,42.5,87.7,5727,11182.5,2,0.15,,,,,0,0,,0,0,0,0,0,0,0,0,0,0,,0,0,0,0,4295250,2.146231961,4.77,35.408442,-0.052426,,,796,16
Ouled Bessem,Tissemsilt,Commune,9325,10839,1.52,14210,4777,40.4,88.2,5741,12533,2,0.15,2,1,1,0,0,0,,0,0,0,0,0,0,0,0,0,0,,0,0,0,0,4305750,2.151478556,4.77,35.6227,1.8649,أولاد بسام,38012,796,7
Aïn Fras,Mascara,Commune,12454,11494,-0.8,9949,,42.5,87.7,5727,11182.5,2,0.15,,,,,0,0,,0,0,0,0,0,0,0,0,0,0,,0,0,0,0,4295250,2.146231961,4.77,35.19321,-0.149014,,,796,16
Oued Taria,Mascara,Commune,13916,15901,1.34,20214,,42.5,87.7,5727,11182.5,2,0.15,,,,,0,0,,0,0,0,0,0,0,0,0,0,0,,0,0,1,1,4295250,14.64623196,4.77,35.0514,0.0879,واد التاغية,29022,796,16
Matemore,Mascara,Commune,13372,15170,1.27,19037,,42.5,87.7,5727,11182.5,2,0.15,,,,,0,0,,0,0,0,0,0,0,0,0,0,0,,0,0,1,1,4295250,14.64623196,4.77,35.2624,0.2142,مطمور,29014,796,16
El Ghomri,Mascara,Commune,8585,10043,1.58,13319,13364,43,86.6,5727,11534,2,0.15,,,,,0,0,,0,0,0,0,0,0,0,0,0,0,,0,0,0,0,4295250,2.146231961,4.77,35.6205,0.2005,الغمري,29034,796,16
Makdha,Mascara,Commune,4439,5235,1.66,7045,,42.5,87.7,5727,11182.5,2,0.15,,,,,0,0,,0,0,0,0,0,0,0,0,0,0,,0,0,0,0,4295250,2.146231961,4.77,35.1076,0.2966,ماقضة,29015,796,16
Oran,Oran,Province Capital,634112,609940,-0.39,568729,,46.6,90.55,937867,31606.5,0,0,2961,2405,545,11,0,1,Centre urbain,7,64,9,15,3,5,14,3,13,2,SAA|ALLIANCE|AXA|CAAR|CAAT|CASH|CIAR|TRUST,1,7,37,0,703400250,4,4.76,35.6372,-0.6482,وهران,31001,805,24
Ouled Driss,Souk Ahras,Commune,11896,11303,-0.51,10309,11303,35.8,86.6,3691,8928,1,0.1,2,2,0,0,0,0,,0,1,0,0,0,0,0,0,1,0,CIAR,0,0,0,0,2768250,1.383227199,4.72,36.2875,8.0173,أولاد ادريس,41005,806,12
Annaba,Annaba,Province Capital,247701,257359,0.38,275702,25225,47.7,94.2,341002,673424,4,0.25,1222,748,464,10,0,0,,4,51,14,10,4,7,8,4,3,1,SAA|ALLIANCE|AXA|CAAR|CAAT|CASH|CIAR|TRUST,1,4,18,0,255751500,4,4.69,36.9184139,7.6752351,عنابة,23001,807,7
Benaceur,Ouargla,Commune,7808,10330,2.84,17097,32926,37,87.8,6326,15011,0,0,,,,,0,0,,0,1,0,0,0,0,1,0,0,0,CAAT,0,0,1,0,4744500,2.37071126,4.68,33.0444,6.4407,بن ناصر,30017,808,17
Sidi Mérouane,Mila,Commune,20018,23088,1.44,29849,23088,42.3,96.8,12626,28894,2,0.15,66,64,2,0,0,0,,1,0,0,0,0,0,0,0,0,0,,1,1,1,0,9469500,0.946335769,4.68,36.4577,6.2622,سيدي مروان,43018,808,24
Chihani,El Tarf,Commune,9234,10094,0.89,11849,75541,48.8,93.8,5782,11114,2,0.15,2,2,0,0,0,0,,0,0,0,0,0,0,0,0,0,0,,0,0,0,0,4336500,2.166843583,4.67,36.5836,7.7756,شهانى,36014,810,12
Sidi Embarek,Bordj Bou Arreridj,Commune,10281,11641,1.25,14558,7874,39.9,95,5809,13830,2,0.15,79,70,9,0,0,0,,0,0,0,0,0,0,0,0,0,0,,0,0,0,0,4356750,2.176962016,4.67,36.0402,4.9109,سيدي مبارك,34010,810,11
Djezar,Batna,Commune,17657,22124,2.28,33202,,41.5,92,5788,11983,1,0.1,,,,,0,0,,0,0,0,0,0,0,0,0,0,0,,0,0,2,2,4341000,27.16909212,4.64,35.508255,5.26767,,,812,23
Ichmoul,Batna,Commune,9887,10240,0.35,10907,,41.5,92,5788,11983,1,0.1,,,,,0,0,,0,0,0,0,0,0,0,0,0,0,,0,0,0,0,4341000,2.169092124,4.64,35.3059756,6.4186737,ايشمول,5030,812,23
Ksar Sbahi,Oum El Bouaghi,Commune,11095,11833,0.65,13287,2711,43.5,85,5780,11294,1,0.1,,,,,0,0,,0,0,0,0,0,0,0,0,0,0,,0,0,0,0,4335000,2.16609407,4.64,36.0820976,7.250204,قصر صباحي,4022,812,20
Inoughissen,Batna,Commune,3919,3484,-1.17,2819,,41.5,92,5788,11983,1,0.1,,,,,0,0,,0,0,0,0,0,0,0,0,0,0,,0,0,0,0,4341000,2.169092124,4.64,35.2771231,6.4628765,إينوغيسن,5011,812,23
Ben Foudala El Hakania,Batna,Commune,1142,1511,2.84,2501,,41.5,92,5788,11983,1,0.1,,,,,0,0,,0,0,0,0,0,0,0,0,0,0,,0,0,0,0,4341000,2.169092124,4.64,35.378159,6.06075,,,812,23
Timgad,Batna,Commune,10937,11828,0.79,13619,10564,42.5,89.1,5788,12135,1,0.1,5,5,0,0,0,0,,0,0,0,0,0,0,0,0,0,0,,0,0,0,0,4341000,2.169092124,4.64,35.5269245,6.3713303,تيمقاد,5050,812,23
Talkhamt,Batna,Commune,17728,19973,1.2,24754,,41.5,92,5788,11983,1,0.1,,,,,0,0,,0,0,0,0,0,0,0,0,0,0,,0,0,1,1,4341000,14.66909212,4.64,35.722912,5.7070515,تالخمت,5034,812,23
Teniet El Abed,Batna,Commune,10471,11388,0.84,13246,,41.5,92,5788,11983,1,0.1,,,,,0,0,,0,0,0,0,0,0,0,0,0,0,,0,0,0,0,4341000,2.169092124,4.64,35.2869315,6.1926387,نية العابد,5047,812,23
Zanet El Beida,Batna,Commune,9265,10564,1.32,13378,,41.5,92,5788,11983,1,0.1,,,,,0,0,,0,0,0,0,0,0,0,0,0,0,,0,0,0,0,4341000,2.169092124,4.64,35.795093,6.10481,,,812,23
Tigherghar,Batna,Commune,6066,6800,1.15,8352,,41.5,92,5788,11983,1,0.1,,,,,0,0,,0,0,0,0,0,0,0,0,0,0,,0,0,0,0,4341000,2.169092124,4.64,35.0765612,5.8212842,تيغرغار,5021,812,23
Boulhilat,Batna,Commune,6593,7177,0.85,8362,,41.5,92,5788,11983,1,0.1,,,,,0,0,,0,0,0,0,0,0,0,0,0,0,,0,0,0,0,4341000,2.169092124,4.64,35.7374798,6.5889619,بولهيلات,5060,812,23
M'doukel,Batna,Commune,7213,9010,2.25,13447,,41.5,92,5788,11983,1,0.1,,,,,0,0,,0,0,0,0,0,0,0,0,0,0,,0,0,0,0,4341000,2.169092124,4.64,35.1132204,5.0064721,أمدوكال,5055,812,23
Lemsane,Batna,Commune,4572,5108,1.11,6236,,41.5,92,5788,11983,1,0.1,,,,,0,0,,0,0,0,0,0,0,0,0,0,0,,0,0,0,0,4341000,2.169092124,4.64,35.6384911,5.7282516,لمسان,5027,812,23
Kef El Ahmar,El Bayadh,Commune,5245,7566,3.73,14631,8072,39.6,93.9,5794,13739,1,0.1,1,0,1,0,0,0,,0,0,0,0,0,0,0,0,0,0,,0,0,0,0,4345500,2.171340664,4.64,33.7837,0.6317,الكاف الاحمر,32012,812,7
Ksar Bellezma,Batna,Commune,7942,9033,1.3,11388,,41.5,92,5788,11983,1,0.1,,,,,0,0,,0,0,0,0,0,0,0,0,0,0,,0,0,0,0,4341000,2.169092124,4.64,35.676272,5.902152,,,812,23
Aïn Tallout,Tlemcen,Commune,9106,10286,1.23,12809,10286,45,89.2,5764,11426,1,0.1,,,,,0,0,,0,0,0,0,0,0,0,0,0,0,,0,0,0,0,4323000,2.160097961,4.64,34.9238688,-0.9667326,عين تالوت,13003,812,20
Ouled Slimane,M'Sila,Commune,2070,4116,7.12,14184,13269,41.1,80,5830,11347,1,0.1,,,,,0,0,,0,0,0,0,0,0,0,0,0,0,,0,0,0,0,4372500,2.184831908,4.64,34.9246808,4.7197332,أولاد سليمان,28025,812,28
Amoucha,Sétif,Commune,19714,22767,1.45,29503,16976,42,91.7,12391,27054,2,0.15,21,20,1,0,0,0,,0,9,9,0,0,0,0,0,0,0,SAA,0,0,1,0,9293250,4.643611006,4.58,36.3748316,5.3447173,عموشة,19027,829,38
Hacine,Mascara,Commune,9176,10473,1.33,13287,20614,43,89.6,5713,11905,2,0.15,11,11,0,0,0,0,,0,0,0,0,0,0,0,0,0,0,,0,0,0,0,4284750,2.140985367,4.56,35.3969,-0.0055,حسين,29004,830,24
El Ach,Bordj Bou Arreridj,Commune,16108,17140,0.62,19167,,40.7,93.3,4711,10864,2,0.15,,,,,0,0,,0,0,0,0,0,0,0,0,0,0,,0,0,1,1,3533250,14.26547909,4.56,35.8846,4.6829,العش,34027,830,12
Tassameurt,Bordj Bou Arreridj,Commune,5269,4134,-2.4,2671,,40.7,93.3,4711,10864,2,0.15,,,,,0,0,,0,0,0,0,0,0,0,0,0,0,,0,0,0,0,3533250,1.765479094,4.56,36.274077,4.796687,,,830,12
Tixter,Bordj Bou Arreridj,Commune,9493,10190,0.71,11576,11012,40.7,85.6,4711,9909,2,0.15,9,6,3,0,0,0,,0,0,0,0,0,0,0,0,0,0,,0,0,0,0,3533250,1.765479094,4.56,35.9825,5.0812,تقصطر,34026,830,12
Tefreg,Bordj Bou Arreridj,Commune,1991,2164,0.84,2514,,40.7,93.3,4711,10864,2,0.15,,,,,0,0,,0,0,0,0,0,0,0,0,0,0,,0,0,0,0,3533250,1.765479094,4.56,36.32992,4.708353,,,830,12
El Braya,Oran,Commune,3879,5860,4.21,12315,25443,46.3,91.2,5702,11231,2,0.15,3,2,1,0,0,0,,0,0,0,0,0,0,0,0,0,0,,0,0,0,0,4276500,2.136863042,4.56,35.5657,-0.5191,ألبْرَيَ,31018,830,25
El Anceur,Bordj Bou Arreridj,Commune,11170,14739,2.81,24278,,40.7,93.3,4711,10864,2,0.15,,,,,0,0,,0,0,0,0,0,0,0,0,0,0,,0,0,1,1,3533250,14.26547909,4.56,36.040441,4.818639,,,830,12
Frikat,Tizi Ouzou,Commune,12638,12791,0.12,13071,34683,43.4,96.1,5673,12561,2,0.15,29,28,1,0,0,0,,0,0,0,0,0,0,0,0,0,0,,0,0,0,0,4254750,2.125995096,4.56,36.4984125,3.8441856,فريقات,15014,830,28
Ogla Melha,Tébessa,Commune,6504,5899,-0.97,4948,,39.65,88.9,5657.5,10908,1,0.1,,,,,0,0,,0,0,0,0,0,0,0,0,0,0,,0,0,0,0,4243125,2.120186367,4.53,35.133193,8.006649,,,838,11
M'Chouneche,Biskra,Commune,9143,10107,1.01,12105,3693,47,96.3,5689,11657,1,0.1,2,1,1,0,0,0,,0,0,0,0,0,0,0,0,0,0,,0,0,0,0,4266750,2.131991204,4.53,34.906985,6.003389,,,838,25
Bir Dheb,Tébessa,Commune,7023,7181,0.22,7474,,39.65,88.9,5657.5,10908,1,0.1,,,,,0,0,,0,0,0,0,0,0,0,0,0,0,,0,0,0,0,4243125,2.120186367,4.53,35.4117259,8.110545,بٔير الذھب,12014,838,11
Bir Mokkadem,Tébessa,Commune,12479,12907,0.34,13715,,39.65,88.9,5657.5,10908,1,0.1,,,,,0,0,,0,0,0,0,0,0,0,0,0,0,,0,0,0,0,4243125,2.120186367,4.53,35.370403,7.808501,,,838,11
Morsott,Tébessa,Commune,16331,17238,0.54,18999,,39.65,88.9,5657.5,10908,1,0.1,,,,,0,0,,0,0,0,0,0,0,0,0,0,0,,0,0,1,1,4243125,14.62018637,4.53,35.6694643,8.0015659,مرسط,12012,838,11
El Ma Labiodh,Tébessa,Commune,9917,11397,1.4,14640,,39.65,88.9,5657.5,10908,1,0.1,,,,,0,0,,0,0,0,0,0,0,0,0,0,0,,0,0,0,0,4243125,2.120186367,4.53,35.249728,8.143649,,,838,11
Tazmalt,Béjaïa,Commune,25974,28891,1.07,34992,8931,41.9,95,14662,33242,1,0.1,259,52,197,10,0,0,,1,0,0,0,0,0,0,0,0,0,,1,1,2,1,10996500,3.598936721,4.51,36.3980947,4.3892305,تازمالت,6027,844,16
Sedraia,Médéa,Commune,7070,7690,0.84,8946,18052,40.9,93.6,3659,8373,2,0.15,2,2,0,0,0,0,,0,0,0,0,0,0,0,0,0,0,,0,0,0,0,2744250,1.371234983,4.5,36.2330914,3.4389756,سدراية,26061,845,11
Ouled Maaref,Médéa,Commune,9415,9287,-0.14,9061,12782,40.4,92.3,3661,8363,2,0.15,2,1,1,0,0,0,,0,0,0,0,0,0,0,0,0,0,,0,0,0,0,2745750,1.371984496,4.5,35.7948583,2.9102508,أولاد معرف,26003,845,11
Aïn Taghrout,Bordj Bou Arreridj,Commune,11103,12906,1.52,16921,7998,40.4,93.4,6836,15804,2,0.15,42,37,4,1,0,0,,0,1,1,0,0,0,0,0,0,0,SAA,0,0,1,0,5127000,2.561837208,4.5,36.0646,5.0757,عين تاغروت,34008,845,17
Darguina,Béjaïa,Commune,13174,14146,0.71,16080,7795,41.9,93.1,6738,14970,2,0.15,24,6,18,0,0,0,,0,1,1,0,0,0,0,0,0,0,SAA,0,0,1,0,5053500,2.525111045,4.5,36.5537403,5.3057073,درقينة,6020,845,17
Douera,El Djazaïr [Algiers],Commune,41804,56998,3.15,99590,26042,45.4,87.9,45214,87540,4,0.25,612,234,375,3,0,0,,1,4,0,2,0,1,0,0,1,0,ALLIANCE|CAAR|CIAR,1,1,6,1,33910500,5.888850424,4.47,36.6681547,2.8979868,دويرة,16054,849,41
Aghbalou,Bouira,Commune,19530,19517,-0.01,19494,3268,39.5,89,7700,17350,2,0.15,27,6,20,1,0,0,,0,6,6,0,0,0,0,0,0,0,SAA,0,0,1,0,5775000,2.885627048,4.47,36.4259787,4.2679284,أغبالو,10027,849,18
Hadjout,Tipaza,Commune,44065,48561,0.98,57841,48959,47.6,92.5,27532,53503,4,0.25,1554,1368,184,2,0,0,,1,1,0,0,0,0,0,0,1,0,CIAR,1,1,3,1,20649000,4.56356062,4.44,36.4489,2.4142,حجوط,42012,851,19
Aïn Tesra,Bordj Bou Arreridj,Commune,9358,9570,0.22,9964,,40.7,93.3,4711,10864,2,0.15,,,,,0,0,,0,1,1,0,0,0,0,0,0,0,SAA,0,0,0,0,3533250,1.765479094,4.37,35.9713,5.0015,عين تسرة,34030,852,18
El Hamadia,Bordj Bou Arreridj,Commune,20635,24949,1.92,35112,,40.7,93.3,4711,10864,2,0.15,,,,,0,0,,0,1,0,0,0,0,0,0,1,0,CIAR,0,0,2,1,3533250,14.26547909,4.37,35.9157,4.7461,الحمادية,34011,852,18
El Ogla,El Oued,Commune,4715,6102,2.61,9706,9917,44.5,93.4,4319,9065,1,0.1,4,4,0,0,0,0,,0,0,0,0,0,0,0,0,0,0,,0,0,0,0,3239250,1.618574444,4.29,35.1833322,7.4579122,العقلة,12013,854,22
El Ogla,Tébessa,Commune,16108,17797,1,21296,9917,44.5,93.4,4319,9065,1,0.1,4,4,0,0,0,0,,0,0,0,0,0,0,0,0,0,0,,0,0,1,1,3239250,14.11857444,4.29,35.1833322,7.4579122,العقلة,12013,854,16
Bir Chouhada,Oum El Bouaghi,Commune,8356,9182,0.95,10880,55282,39.8,89.5,4330,9738,1,0.1,3,3,0,0,0,0,,0,0,0,0,0,0,0,0,0,0,,0,0,0,0,3247500,1.622696768,4.29,35.9007146,6.1753867,بئر الشهداء,4021,854,21
Tala Hamza,Béjaïa,Commune,10252,11675,1.31,14752,22719,45.7,93.7,6742,13823,2,0.15,59,38,21,0,0,0,,0,2,2,0,0,0,0,0,0,0,SAA,0,0,0,0,5056500,2.526610072,4.25,36.6904609,4.9432228,ثالة حمزة,6033,857,18
Ouanougha,M'Sila,Commune,15190,14397,-0.53,13072,,41.8,88.65,7103,11715,1,0.1,,,,,0,0,,0,1,0,0,0,0,0,0,1,0,CIAR,0,0,0,0,5327250,2.661897262,4.23,35.9310253,4.041585,ونوغة,28019,858,29
Guerrouma,Bouira,Commune,15306,14570,-0.49,13333,13209,42.1,90.2,5613,12026,2,0.15,4,2,2,0,0,0,,0,0,0,0,0,0,0,0,0,0,,0,0,0,0,4209750,2.103509691,4.2,36.4678041,3.3603546,قرومة,10003,859,19
Hanif (Ahnif),Bouira,Commune,10268,9685,-0.58,8718,,43.4,93.15,5613,11697.5,2,0.15,,,,,0,0,,0,0,0,0,0,0,0,0,0,0,,0,0,0,0,4209750,2.103509691,4.2,36.3348,4.26178,,,859,19
Aïn El Turc,Bouira,Commune,6841,7849,1.38,10052,,43.4,93.15,5613,11697.5,2,0.15,,,,,0,0,,0,0,0,0,0,0,0,0,0,0,,0,0,0,0,4209750,2.103509691,4.2,36.393206,3.824604,,,859,19
Dirrah,Bouira,Commune,12512,13209,0.54,14563,,43.4,93.15,5613,11697.5,2,0.15,,,,,0,0,,0,0,0,0,0,0,0,0,0,0,,0,0,0,0,4209750,2.103509691,4.2,35.997639,3.754232,,,859,19
Bordj Okhriss,Bouira,Commune,8937,10467,1.59,13911,,43.4,93.15,5613,11697.5,2,0.15,,,,,0,0,,0,0,0,0,0,0,0,0,0,0,,0,0,0,0,4209750,2.103509691,4.2,36.083231,3.975681,,,859,19
Aït Laziz,Bouira,Commune,14056,14430,0.26,15128,,43.4,93.15,5613,11697.5,2,0.15,,,,,0,0,,0,0,0,0,0,0,0,0,0,0,,0,0,1,1,4209750,14.60350969,4.2,36.444564,3.880785,,,859,19
Zaarouria,Souk Ahras,Commune,10665,11234,0.52,12336,11234,45.5,90.9,5613,11213,1,0.1,,,,,0,0,,0,0,0,0,0,0,0,0,0,0,,0,0,0,0,4209750,2.103509691,4.17,36.1634,7.9568,الزعرورية,41007,865,13
Batna,Batna,Province Capital,247520,290645,1.62,388077,128413,42.9,95,630695,1396644,1,0.1,2067,2063,3,1,0,0,,7,21,4,6,1,1,4,1,3,1,SAA|ALLIANCE|AXA|CAAR|CAAT|CASH|CIAR|TRUST,1,7,25,0,473021250,4,4.13,35.5784266,6.1083422,باتنة,5001,866,36
Souk El Had,Boumerdès,Commune,4860,6693,3.25,11907,7359,49.1,92.3,5846,10990,4,0.25,9,8,1,0,0,0,,0,0,0,0,0,0,0,0,0,0,,0,0,0,0,4384500,2.190828016,4.02,36.6277,3.5898,سوق الحد,35031,867,24
Sehailia,Mascara,Commune,8500,10218,1.86,14232,70951,41.2,92.3,5864,13136,4,0.25,2,1,1,0,0,0,,0,0,0,0,0,0,0,0,0,0,,0,0,0,0,4398000,2.197573637,4.02,35.4484,0.3818,سحايلية,29047,867,25
Souk El Had,Relizane,Commune,3351,3023,-1.02,2511,7359,49.1,92.3,5846,10990,4,0.25,9,8,1,0,0,0,,0,0,0,0,0,0,0,0,0,0,,0,0,0,0,4384500,2.190828016,4.02,36.6277,3.5898,سوق الحد,35031,867,25
Talassa,Chlef,Commune,10175,11503,1.23,14345,11503,40.9,92.3,5867,13240,4,0.25,,,,,0,0,,0,0,0,0,0,0,0,0,0,0,,0,0,0,0,4400250,2.198697908,4.02,36.4266341,1.0790634,تلعصة,2014,867,28
Ben Mehidi,El Tarf,Commune,28399,33262,1.59,44209,,46.75,94,6111.5,12251,2,0.15,,,,,0,0,,0,3,1,2,0,0,0,0,0,0,SAA|ALLIANCE,0,0,2,0,4583625,2.290325935,3.97,36.770458,7.905314,,,871,13
Tizi Ouzou,Tizi Ouzou,Province Capital,117259,135088,1.43,174287,,51.2,94.4,595170,12516.5,2,0.15,3736,3560,169,7,0,0,,4,22,6,4,6,3,0,1,2,0,SAA|ALLIANCE|AXA|CAAR|CASH|CIAR,1,4,11,0,446377500,4,3.95,36.7001863,4.0059166,تيزي وزو,15001,872,29
Blida,Blida,Province Capital,144225,163586,1.27,205218,,43.4,93.75,677649,49416.5,4,0.25,1275,1108,142,25,0,0,,2,21,3,6,1,1,3,1,5,1,SAA|ALLIANCE|AXA|CAAR|CAAT|CASH|CIAR|TRUST,1,2,13,0,508236750,4,3.94,36.4802972,2.7659184,البليدة‎,9001,873,18
Sidi Mezghiche,Skikda,Commune,21071,25593,1.96,36317,25593,41.5,95.3,15072,34610,2,0.15,234,232,2,0,0,0,,1,0,0,0,0,0,0,0,0,0,,1,1,2,1,11304000,3.629666776,3.91,36.6779093,6.7110264,سيدي مزغيش,21019,874,28
Oued El Berdi,Bouira,Commune,9221,10767,1.56,14232,12683,41.3,94.7,5878,13478,2,0.15,22,17,5,0,0,0,,0,0,0,0,0,0,0,0,0,0,,0,0,0,0,4408500,2.202820232,3.89,36.257285,3.8546965,وادى البردي,10045,875,25
Chahbounia,Médéa,Commune,13405,13617,0.16,14007,33779,41.7,94.8,5841,13279,2,0.15,,,,,0,0,,0,0,0,0,0,0,0,0,0,0,,0,0,0,0,4380750,2.188954232,3.89,35.5846723,2.4968901,الشهبونية,26038,875,13
Sidi Abdelaziz,Jijel,Commune,9091,10153,1.11,12387,10153,47.3,96.1,5859,11904,2,0.15,82,82,0,0,0,0,,0,0,0,0,0,0,0,0,0,0,,0,0,0,0,4394250,2.195699854,3.89,36.8535179,6.0439396,سيدي عبد العزيز,18013,875,21
Es Sebt,Skikda,Commune,15889,15266,-0.4,14206,15266,41.1,92.7,5839,13169,2,0.15,,,,,0,0,,0,0,0,0,0,0,0,0,0,0,,0,0,0,0,4379250,2.188204718,3.89,36.659999,7.0612452,السبت,21009,875,29
Aïn Rahma,Relizane,Commune,11035,12095,0.92,14266,11222,41.1,81.4,5863,11613,2,0.15,,,,,0,0,,0,0,0,0,0,0,0,0,0,0,,0,0,0,0,4397250,2.197198881,3.89,35.5602,0.3928,عين الرحمة,48024,875,26
Oggaz,Mascara,Commune,10120,11140,0.96,13242,2565,44.2,61,5853,8078,2,0.15,,,,,0,0,,0,0,0,0,0,0,0,0,0,0,,0,0,0,0,4389750,2.193451313,3.89,35.502,-0.2664,عقاز,29027,875,26
Ferraoun,Béjaïa,Commune,15563,15482,-0.05,15337,15482,38.1,93.6,5843,14355,2,0.15,47,37,10,0,0,0,,0,0,0,0,0,0,0,0,0,0,,0,0,1,1,4382250,14.68970375,3.89,36.5654312,4.8417715,فرعون,6003,875,19
Rahbat,Batna,Commune,9051,10806,1.79,14866,5769,39.8,88.3,5917,13127,1,0.1,,,,,0,0,,0,0,0,0,0,0,0,0,0,0,,0,0,0,0,4437750,2.217435746,3.86,35.7257797,5.5571911,الرحبات,5025,882,37
Sidi Ali Benyoub,Sidi Bel Abbès,Commune,10567,11654,0.98,13900,2668,42.5,91.6,5908,12732,1,0.1,1,0,1,0,0,0,,0,0,0,0,0,0,0,0,0,0,,0,0,0,0,4431000,2.214062935,3.86,34.9488777,-0.794194,سيدي علي بن يوب,22046,882,12
Tilmouni,Sidi Bel Abbès,Commune,7154,8949,2.26,13390,20999,44.1,92,5905,12319,1,0.1,,,,,0,0,,0,0,0,0,0,0,0,0,0,0,,0,0,0,0,4428750,2.212938664,3.86,35.1832214,-0.5905178,تلموني,22013,882,12
Ouled Ammar,Batna,Commune,7006,8756,2.25,13080,77727,44.7,91.2,5847,11929,1,0.1,,,,,0,0,,0,0,0,0,0,0,0,0,0,0,,0,0,0,0,4385250,2.191202772,3.86,35.4637775,5.1226733,أولاد عمار,5056,882,37
Mostaganem,Mostaganem,Province Capital,130288,145696,1.12,178166,,46,88.75,448475,19882.5,4,0.25,742,630,112,0,0,0,,2,12,2,2,1,1,2,1,2,1,SAA|ALLIANCE|AXA|CAAR|CAAT|CASH|CIAR|TRUST,1,2,11,0,336356250,4,3.84,35.9751637,0.0448868,مستغانم,27001,886,25
Bordj Tahar,Jijel,Commune,4893,3889,-2.27,2572,,42.8,94.95,7323,17099.5,2,0.15,,,,,0,0,,0,4,4,0,0,0,0,0,0,0,SAA,0,0,0,0,5492250,2.744343749,3.83,36.748302,6.051277,,,887,22
Bouhmama,Khenchela,Commune,9669,10614,0.94,12554,24923,40.4,86.4,5072,10847,1,0.1,4,4,0,0,0,0,,0,3,0,0,0,0,2,0,1,0,CAAT|CIAR,0,0,0,0,3804000,1.900766284,3.75,35.2557,6.7456,بوحمامة,40008,888,9
Roknia,Guelma,Commune,10114,9752,-0.36,9133,44951,47.5,94.4,4338,8622,2,0.15,1,1,0,0,0,0,,0,0,0,0,0,0,0,0,0,0,,0,0,0,0,3253500,1.625694822,3.71,36.5448453,7.2242832,الركنية,24028,889,12
Bouira,Bouira,Province Capital,75086,88801,1.69,120106,,47.9,93.15,398699,11697.5,2,0.15,937,676,256,5,0,0,,1,14,1,0,1,2,6,1,2,1,SAA|AXA|CAAR|CAAT|CASH|CIAR|TRUST,1,1,8,0,299024250,4,3.71,36.3728066,3.8350413,البويرة,10001,889,26
In Guezzam,Tamanrasset,Commune,4938,7045,3.62,13356,4341,44.1,86.6,5890,11566,0,0,182,179,3,0,0,0,,0,0,0,0,0,0,0,0,0,0,,0,0,0,0,4417500,2.207317313,3.69,20.3875487,4.7892187,عين قزام,11004,891,7
Chéraga,El Djazaïr [Algiers],Commune,60374,80824,2.96,136642,27910,48.2,91.7,65861,125301,4,0.25,1864,1214,643,7,0,0,,2,15,0,3,2,3,1,3,2,1,ALLIANCE|AXA|CAAR|CAAT|CASH|CIAR|TRUST,1,2,9,0,49395750,4,3.65,36.7596098,2.8933198,شراقة,16050,892,42
Beniane,Mascara,Commune,4530,5581,2.11,8125,,42.5,87.7,5727,11182.5,2,0.15,,,,,0,0,,0,1,0,0,0,0,0,0,0,1,TRUST,0,0,0,0,4295250,2.146231961,3.62,35.083649,0.231319,,,893,27
Mamounia,Mascara,Commune,11481,13364,1.53,17565,,42.5,87.7,5727,11182.5,2,0.15,,,,,0,0,,0,1,1,0,0,0,0,0,0,0,SAA,0,0,1,0,4295250,2.146231961,3.62,35.424798,0.141363,,,893,27
Hachem,Mascara,Commune,19742,23716,1.85,32992,,42.5,87.7,5727,11182.5,2,0.15,,,,,0,0,,0,1,0,0,0,0,1,0,0,0,CAAT,0,0,2,1,4295250,14.64623196,3.62,35.375427,0.49094,,,893,27
El Fedjoudj,Guelma,Commune,7473,9122,2.01,13061,7707,44.1,93.7,5760,12238,2,0.15,,,,,0,0,,0,1,0,1,0,0,0,0,0,0,ALLIANCE,0,0,0,0,4320000,2.158598934,3.62,36.5092883,7.3712466,الفجوج,24020,893,13
Afir,Boumerdès,Commune,12613,13223,0.47,14396,12087,51.7,92.7,7443,13345,2,0.15,32,14,18,0,0,0,,0,1,1,0,0,0,0,0,0,0,SAA,0,0,0,0,5582250,2.789314561,3.58,36.7048,3.7024,أفير,35004,897,25
Aïn Fezza,Tlemcen,Commune,9598,11053,1.42,14250,11053,43.6,92.8,6213,13224,1,0.1,1,1,0,0,0,0,,0,1,1,0,0,0,0,0,0,0,SAA,0,0,0,0,4659750,2.328363746,3.57,34.8794264,-1.2421418,عين فزّة,13012,898,21
Kerkera,Skikda,Commune,24501,27177,1.04,32752,27177,42.3,95.1,13854,31147,2,0.15,67,29,38,0,0,0,,1,0,0,0,0,0,0,0,0,0,,1,1,2,1,10390500,3.538376029,3.5,36.9297905,6.5761113,كركرة,21012,899,30
Aïn Bessem,Bouira,Commune,36830,42635,1.47,55486,,43.4,93.15,5613,11697.5,2,0.15,,,,,0,0,,0,1,1,0,0,0,0,0,0,0,SAA,0,0,3,2,4209750,27.10350969,3.45,36.292911,3.673542,,,900,27
Chebaita Mokhtar,El Tarf,Commune,20913,23135,1.01,27746,,46.75,94,6111.5,12251,2,0.15,,,,,0,0,,0,1,0,1,0,0,0,0,0,0,ALLIANCE,0,0,1,0,4583625,2.290325935,3.43,36.6937,7.7426,شبيطة مختار,36015,901,14
Tlidjene,Tébessa,Commune,7649,10286,3.01,17531,,39.65,88.9,5657.5,10908,1,0.1,,,,,0,0,,0,1,0,0,0,0,1,0,0,0,CAAT,0,0,1,0,4243125,2.120186367,3.29,35.1184512,7.7597808,ثليجان,12022,902,17
Ouenza,Tébessa,Commune,45881,52737,1.4,67762,,39.65,88.9,5657.5,10908,1,0.1,,,,,0,0,,0,1,0,0,0,1,0,0,0,0,CAAR,0,0,4,3,4243125,39.62018637,3.29,35.9421139,8.1088536,الونزة,12019,902,17
Maâtkas,Tizi Ouzou,Commune,31188,32121,0.3,33871,,46.5,94.4,6453,12516.5,2,0.15,,,,,0,0,,0,1,1,0,0,0,0,0,0,0,SAA,0,0,2,1,4839750,14.91830537,3.25,36.610712,3.970188,,,904,30
Staoueli,El Djazaïr [Algiers],Commune,38915,47664,2.05,68663,27593,49.6,93.3,34057,64063,4,0.25,528,409,118,1,0,0,,1,5,1,1,1,0,1,0,1,0,SAA|ALLIANCE|AXA|CAAT|CIAR,1,1,4,0,25542750,2.552618191,3.24,36.7426531,2.8372776,سطاوالي,16045,905,43
Chlef,Chlef,Province Capital,146157,178616,2.03,256272,,42.4,92.3,561038,26555,4,0.25,127,96,29,2,0,0,,3,16,3,4,2,2,2,1,1,1,SAA|ALLIANCE|AXA|CAAR|CAAT|CASH|CIAR|TRUST,1,3,17,0,420778500,4,3.22,36.1691042,1.2838598,الشلف,2001,906,29
Fenoughil,Adrar,Commune,9962,11793,1.7,15978,11793,37.6,94.7,6008,15131,2,0.15,3,2,1,0,0,0,,0,1,1,0,0,0,0,0,0,0,SAA,0,0,1,0,4506000,2.251538611,3.22,27.6489014,-0.3155995,فنوغيل,1015,906,18
Ifigha,Tizi Ouzou,Commune,8226,9160,1.08,11116,4016,45.5,98.2,5058,10916,2,0.15,45,45,0,0,0,0,,0,3,3,0,0,0,0,0,0,0,SAA,0,0,0,0,3793500,1.895519689,3.19,36.6655524,4.3826971,ايفيغاء,15041,908,31
Raouraoua,Bouira,Commune,7209,8450,1.6,11247,5296,44.4,90.6,4994,10190,2,0.15,4,4,0,0,0,0,,0,3,3,0,0,0,0,0,0,0,SAA,0,0,0,0,3745500,1.871535257,3.18,36.2168126,3.5492681,الروراوة,10010,909,28
Mezerana,Médéa,Commune,6361,6202,-0.25,5926,,41.6,92.15,3245,6304.5,2,0.15,,,,,0,0,,0,0,0,0,0,0,0,0,0,0,,0,0,0,0,2433750,1.216085684,3.12,36.360279,3.358946,,,910,14
Ben Daoud,Bordj Bou Arreridj,Commune,13472,11632,-1.46,8930,7114,36.5,95.6,3259,8537,2,0.15,5,4,1,0,0,0,,0,0,0,0,0,0,0,0,0,0,,0,0,0,0,2444250,1.221332279,3.12,36.0757,4.1721,بن داود,34006,910,20
Ksar Kaddour,Adrar,Commune,3500,4742,3.08,8192,4742,39.8,86,3260,7045,2,0.15,,,,,0,0,,0,0,0,0,0,0,0,0,0,0,,0,0,0,0,2445000,1.221707036,3.12,29.5798013,0.3643512,قصر قدور,1007,910,19
Ouled Boudjemaa,Aïn Témouchent,Commune,5322,6013,1.23,7491,9256,43.5,91.8,3259,6877,2,0.15,,,,,0,0,,0,0,0,0,0,0,0,0,0,0,,0,0,0,0,2444250,1.221332279,3.12,35.4092,-1.192,أولاد بوجمعة,46017,910,10
Moudjbar,Médéa,Commune,5686,5428,-0.46,4993,,41.6,92.15,3245,6304.5,2,0.15,,,,,0,0,,0,0,0,0,0,0,0,0,0,0,,0,0,0,0,2433750,1.216085684,3.12,35.951996,2.82221,,,910,14
Sidi Damed,Médéa,Commune,3784,5009,2.84,8298,13617,39.1,78,3245,6472,2,0.15,,,,,0,0,,0,0,0,0,0,0,0,0,0,0,,0,0,0,0,2433750,1.216085684,3.12,35.8219378,3.2306644,سيدي دامد,26031,910,14
Dahouara,Guelma,Commune,7791,7886,0.12,8060,5635,40.3,97.5,3248,7858,2,0.15,,,,,0,0,,0,0,0,0,0,0,0,0,0,0,,0,0,0,0,2436000,1.217209955,3.12,36.3509675,7.728399,الدهوارة,24009,910,14
Bendaoud,Relizane,Commune,14560,17953,2.12,26175,7114,36.5,95.6,3259,8537,2,0.15,5,4,1,0,0,0,,0,0,0,0,0,0,0,0,0,0,,0,0,1,1,2444250,13.72133228,3.12,35.6562,0.5191,بن داود,48035,910,27
Ammari,Tissemsilt,Commune,7360,7841,0.64,8787,66465,37,92.7,3251,8146,2,0.15,,,,,0,0,,0,0,0,0,0,0,0,0,0,0,,0,0,0,0,2438250,1.218334225,3.12,35.5132,1.6617,عمارى,38013,910,8
Tizi Mahdi (Damiat),Médéa,Commune,3310,2655,-2.18,1785,,41.6,92.15,3245,6304.5,2,0.15,,,,,0,0,,0,0,0,0,0,0,0,0,0,0,,0,0,0,0,2433750,1.216085684,3.12,,,,,910,14
Bir Ben Laabed,Médéa,Commune,10543,12107,1.39,15530,,41.6,92.15,3245,6304.5,2,0.15,,,,,0,0,,0,0,0,0,0,0,0,0,0,0,,0,0,1,1,2433750,13.71608568,3.12,36.1905774,3.3408711,بئر بن العابد,26056,910,14
Draa Essamar,Médéa,Commune,7465,9661,2.61,15368,,41.6,92.15,3245,6304.5,2,0.15,,,,,0,0,,0,0,0,0,0,0,0,0,0,0,,0,0,1,1,2433750,13.71608568,3.12,36.2689828,2.6257727,ذراع السمار,26054,910,14
El Ouinet,Médéa,Commune,3366,4186,2.2,6198,,41.6,92.15,3245,6304.5,2,0.15,,,,,0,0,,0,0,0,0,0,0,0,0,0,0,,0,0,0,0,2433750,1.216085684,3.12,35.8638348,2.9963896,العوينات,26057,910,14
Boughezoul,Médéa,Commune,14094,16939,1.86,23584,,41.6,92.15,3245,6304.5,2,0.15,,,,,0,0,,0,0,0,0,0,0,0,0,0,0,,0,0,1,1,2433750,13.71608568,3.12,35.6795297,2.6264943,بوغزول,26051,910,14
Akbil,Tizi Ouzou,Commune,9751,8898,-0.91,7546,13149,43,92.1,3245,6950,2,0.15,6,6,0,0,0,0,,0,0,0,0,0,0,0,0,0,0,,0,0,0,0,2433750,1.216085684,3.12,36.5045347,4.2789395,أقبيل,15003,910,32
Tlatet Eddouar,Médéa,Commune,7623,7632,0.01,7648,,41.6,92.15,3245,6304.5,2,0.15,,,,,0,0,,0,0,0,0,0,0,0,0,0,0,,0,0,0,0,2433750,1.216085684,3.12,35.98059,2.963741,,,910,14
Meftaha,Médéa,Commune,4442,5908,2.89,9872,,41.6,92.15,3245,6304.5,2,0.15,,,,,0,0,,0,0,0,0,0,0,0,0,0,0,,0,0,0,0,2433750,1.216085684,3.12,35.8821773,2.8140852,المفاتحة,26049,910,14
Ouled Abbes,Chlef,Commune,7330,8578,1.58,11384,8578,44.9,94.1,5111,10712,4,0.25,3,2,1,0,0,0,,0,0,0,0,0,0,0,0,0,0,,0,0,0,0,3833250,1.915381798,3.07,36.2139534,1.4578336,أولاد عباس,2018,927,30
Rahmania,El Djazaïr [Algiers],Commune,5759,7396,2.53,11603,56998,44.3,88.1,5140,10222,4,0.25,61,46,14,1,0,0,,0,0,0,0,0,0,0,0,0,0,,0,0,0,0,3855000,1.926249744,3.07,36.6805606,2.8805201,رحمانية,16048,927,44
Semaoun,Béjaïa,Commune,13157,13616,0.34,14483,,42,94.3,5427,13043,2,0.15,,,,,0,0,,0,0,0,0,0,0,0,0,0,0,,0,0,0,0,4070250,2.033804933,3.06,36.6163121,4.8029022,سمعون,6012,929,20
Aïn Tagourait,Tipaza,Commune,9075,10411,1.38,13331,15281,47,94.5,6266,12598,4,0.25,42,38,3,1,0,0,,0,1,0,0,0,0,0,0,1,0,CIAR,0,0,0,0,4699500,2.348225855,3.06,36.5416,2.6093,عين تڨورايت,42017,929,20
Moulay Larbi,Saïda,Commune,10426,11066,0.6,12319,7377,44.8,74.4,5519,9165,2,0.15,,,,,0,0,,0,0,0,0,0,0,0,0,0,0,,0,0,0,0,4139250,2.068282555,3.06,34.6487428,0.0046133,موالي العربي,20005,929,11
Ras El Aïn Amirouche,Mascara,Commune,6183,7785,2.33,11786,152151,46.7,91.9,5504,10831,2,0.15,,,,,0,0,,0,0,0,0,0,0,0,0,0,0,,0,0,0,0,4128000,2.062661204,3.06,35.624244,-0.212904,,,929,30
Tinabdher,Béjaïa,Commune,6083,5815,-0.45,5362,,42,94.3,5427,13043,2,0.15,,,,,0,0,,0,0,0,0,0,0,0,0,0,0,,0,0,0,0,4070250,2.033804933,3.06,36.623284,4.678191,,,929,20
Tizi N'Berber,Béjaïa,Commune,12964,12624,-0.27,12034,31070,45.1,93.1,5427,11204,2,0.15,4,3,1,0,0,0,,0,0,0,0,0,0,0,0,0,0,,0,0,0,0,4070250,2.033804933,3.06,36.5899196,5.1307333,تيزى نبربر,6049,929,20
Ouled Tebben,Sétif,Commune,9482,10385,0.91,12233,9141,45.4,92.2,5554,11279,2,0.15,,,,,0,0,,0,0,0,0,0,0,0,0,0,0,,0,0,0,0,4165500,2.081399042,3.06,35.787273,5.0449536,أولاد تبــان,19010,929,39
Ouled Addouane,Sétif,Commune,7998,9613,1.86,13386,35276,41.5,82.5,5555,11043,2,0.15,,,,,0,0,,0,0,0,0,0,0,0,0,0,0,,0,0,0,0,4166250,2.081773799,3.06,36.3363273,5.4260439,أولاد عدوان,19024,929,39
Chellata,Béjaïa,Commune,9648,9770,0.13,9994,,42,94.3,5427,13043,2,0.15,,,,,0,0,,0,0,0,0,0,0,0,0,0,0,,0,0,0,0,4070250,2.033804933,3.06,36.51871,4.495462,,,929,20
Aïn Tine,Mila,Commune,6653,7780,1.58,10311,7780,53.4,96.1,5506,9909,2,0.15,3,3,0,0,0,0,,0,0,0,0,0,0,0,0,0,0,,0,0,0,0,4129500,2.063410717,3.06,36.3339,6.3254,عين التين,43025,929,25
Beni Zmenzer,Tizi Ouzou,Commune,12117,12117,0,12117,12203,45.5,94.8,5513,11487,2,0.15,56,48,8,0,0,0,,0,0,0,0,0,0,0,0,0,0,,0,0,0,0,4134750,2.066034015,3.06,36.6377976,4.0034,أيت زمنزر,15016,929,33
Fenaïa Ilmaten,Béjaïa,Commune,11995,11825,-0.14,11525,,42,94.3,5427,13043,2,0.15,,,,,0,0,,0,0,0,0,0,0,0,0,0,0,,0,0,0,0,4070250,2.033804933,3.06,36.66663,4.793105,,,929,20
Beni Mellikeche,Béjaïa,Commune,9643,8497,-1.26,6766,,42,94.3,5427,13043,2,0.15,,,,,0,0,,0,0,0,0,0,0,0,0,0,0,,0,0,0,0,4070250,2.033804933,3.06,36.445218,4.41305,,,929,20
M'cisna (Sidi Saïd),Béjaïa,Commune,8462,7941,-0.63,7083,,42,94.3,5427,13043,2,0.15,,,,,0,0,,0,0,0,0,0,0,0,0,0,0,,0,0,0,0,4070250,2.033804933,3.06,,,,,929,20
Khadra,Mostaganem,Commune,12294,14045,1.34,17849,9748,35.7,80.9,6372,14440,2,0.15,,,,,0,0,,0,1,1,0,0,0,0,0,0,0,SAA,0,0,1,0,4779000,2.387950071,3.06,36.2538598,0.5688214,خضراء,27018,929,26
El Marsa,Skikda,Commune,5899,5995,0.16,6172,10807,47.2,94.3,6166,12319,4,0.25,10,9,1,0,0,0,,0,1,1,0,0,0,0,0,0,0,SAA,0,0,0,0,4624500,2.310750179,3.05,36.2599947,0.722512,المرصى,2023,944,31
El Marsa,El Djazaïr [Algiers],Commune,8784,12100,3.25,21535,10807,47.2,94.3,6166,12319,4,0.25,10,9,1,0,0,0,,0,1,1,0,0,0,0,0,0,0,SAA,0,0,1,0,4624500,2.310750179,3.05,36.2599947,0.722512,المرصى,2023,944,45
El Marsa,Chlef,Commune,9726,10807,1.06,13064,10807,47.2,94.3,6166,12319,4,0.25,10,9,1,0,0,0,,0,1,1,0,0,0,0,0,0,0,SAA,0,0,0,0,4624500,2.310750179,3.05,36.2599947,0.722512,المرصى,2023,944,31
Boulhaf Dir,Tébessa,Commune,4200,4741,1.22,5896,,39.65,88.9,5657.5,10908,1,0.1,,,,,0,0,,0,2,2,0,0,0,0,0,0,0,SAA,0,0,0,0,4243125,2.120186367,3.04,35.489164,8.07262,,,947,19
Ouled Riyah,Tlemcen,Commune,3973,4329,0.86,5052,,43.4,92.3,5425.5,11322,1,0.1,,,,,0,0,,0,0,0,0,0,0,0,0,0,0,,0,0,0,0,4069125,2.033242798,3.03,34.9615122,-1.5020585,أولاد رياح,13046,948,22
Hennaya,Tlemcen,Commune,30592,33356,0.87,38976,,43.4,92.3,5425.5,11322,1,0.1,,,,,0,0,,0,0,0,0,0,0,0,0,0,0,,0,0,2,2,4069125,27.0332428,3.03,34.9490231,-1.3866808,الحناية,13026,948,22
Marsa Ben M'Hidi,Tlemcen,Commune,5554,6212,1.13,7599,,43.4,92.3,5425.5,11322,1,0.1,,,,,0,0,,0,0,0,0,0,0,0,0,0,0,,0,0,0,0,4069125,2.033242798,3.03,35.081799,-2.204397,,,948,22
Oued Lakhdar (Oued Chouly),Tlemcen,Commune,4034,5262,2.69,8490,,43.4,92.3,5425.5,11322,1,0.1,,,,,0,0,,0,0,0,0,0,0,0,0,0,0,,0,0,0,0,4069125,2.033242798,3.03,,,,,948,22
El Houamed,M'Sila,Commune,5948,7800,2.75,12706,6697,42.8,95.1,5438,12083,1,0.1,,,,,0,0,,0,0,0,0,0,0,0,0,0,0,,0,0,0,0,4078500,2.037927258,3.03,35.1664895,4.3637934,الحوامد,28026,948,30
El Biar,El Djazaïr [Algiers],Commune,52582,47332,-1.05,39168,116375,48.5,92.9,18996,36387,4,0.25,291,224,67,0,0,0,,0,10,0,2,3,2,0,1,2,0,ALLIANCE|AXA|CAAR|CASH|CIAR,0,0,2,0,14247000,7.118879402,3.03,36.7671977,3.0119382,الآبيار,16010,948,46
Ben Choud,Boumerdès,Commune,8853,9985,1.21,12400,40546,43.7,91,5419,11284,4,0.25,39,3,36,0,0,0,,0,0,0,0,0,0,0,0,0,0,,0,0,0,0,4064250,2.030806879,3.03,36.7994,3.8809,بن شود,35027,948,26
Hassi El Euch,Djelfa,Commune,10834,11692,0.77,13411,30451,41.3,75.9,5539,10179,1,0.1,,,,,0,0,,0,0,0,0,0,0,0,0,0,0,,0,0,0,0,4154250,2.075777691,3.03,35.1540377,3.2426298,حاسي العش,17016,948,28
Hammam Righa,Aïn Defla,Commune,7133,8488,1.75,11608,8488,45.8,93.4,5316,10842,3,0.2,3,2,1,0,0,0,,0,0,0,0,0,0,0,0,0,0,,0,0,0,0,3987000,1.992206933,3.03,36.3196,2.4005,حمام ريغة,44005,948,25
Tienet,Tlemcen,Commune,4686,4493,-0.42,4165,,43.4,92.3,5425.5,11322,1,0.1,,,,,0,0,,0,0,0,0,0,0,0,0,0,0,,0,0,0,0,4069125,2.033242798,3.03,35.052261,-1.838749,,,948,22
Terny Beni Hdiel,Tlemcen,Commune,4637,5737,2.15,8416,,43.4,92.3,5425.5,11322,1,0.1,,,,,0,0,,0,0,0,0,0,0,0,0,0,0,,0,0,0,0,4069125,2.033242798,3.03,34.795898,-1.357828,,,948,22
Souk Tlata,Tlemcen,Commune,2886,2756,-0.46,2537,,43.4,92.3,5425.5,11322,1,0.1,,,,,0,0,,0,0,0,0,0,0,0,0,0,0,,0,0,0,0,4069125,2.033242798,3.03,35.025846,-1.989262,,,948,22
T'Kout,Batna,Commune,10629,11161,0.49,12187,18116,44.7,92.8,5448,11310,1,0.1,78,78,0,0,0,0,,0,0,0,0,0,0,0,0,0,0,,0,0,0,0,4086000,2.041674825,3.03,35.140382,6.30855,,,948,39
Dar Yaghmouracene,Tlemcen,Commune,6274,6331,0.09,6435,,43.4,92.3,5425.5,11322,1,0.1,,,,,0,0,,0,0,0,0,0,0,0,0,0,0,,0,0,0,0,4069125,2.033242798,3.03,34.8959541,-1.3150979,دار يغمراسن,13019,948,22
Bab El Assa,Tlemcen,Commune,8989,10147,1.22,12620,10147,43,91.2,5427,11509,1,0.1,,,,,0,0,,0,0,0,0,0,0,0,0,0,0,,0,0,0,0,4070250,2.033804933,3.03,34.9654779,-2.0399109,باب العسة,13018,948,22
Beni Khellad (Beni Rached),Tlemcen,Commune,6518,6933,0.62,7748,,43.4,92.3,5425.5,11322,1,0.1,,,,,0,0,,0,0,0,0,0,0,0,0,0,0,,0,0,0,0,4069125,2.033242798,3.03,,,,,948,22
Chaabat El Leham,Aïn Témouchent,Commune,13438,14219,0.57,15741,,44.85,90.8,5024,9894,2,0.15,,,,,0,0,,0,0,0,0,0,0,0,0,0,0,,0,0,1,1,3768000,14.38277796,3.01,35.336702,-1.102062,,,964,11
Aïn Kihal,Aïn Témouchent,Commune,3064,3477,1.27,4366,,44.85,90.8,5024,9894,2,0.15,,,,,0,0,,0,0,0,0,0,0,0,0,0,0,,0,0,0,0,3768000,1.882777959,3.01,35.1401,-1.1948,عين الكيحل,46003,964,11
Belimour,Bordj Bou Arreridj,Commune,10301,11019,0.68,12440,19485,41.4,89.9,5150,11184,2,0.15,57,53,3,1,0,0,,0,0,0,0,0,0,0,0,0,0,,0,0,0,0,3862500,1.929997311,3.01,35.9157,4.8807,بليمور,34012,964,21
Aïn Roua,Sétif,Commune,11454,11499,0.04,11580,13223,43.2,92.7,5003,10735,2,0.15,5,5,0,0,0,0,,0,0,0,0,0,0,0,0,0,0,,0,0,0,0,3752250,1.874908067,3.01,36.3210122,5.1291535,عين الروى,19006,964,41
Sidi Boumedienne,Aïn Témouchent,Commune,2899,3264,1.19,4041,,44.85,90.8,5024,9894,2,0.15,,,,,0,0,,0,0,0,0,0,0,0,0,0,0,,0,0,0,0,3768000,1.882777959,3.01,35.338469,-0.888869,,,964,11
Cheurfa,Annaba,Commune,9386,9875,0.51,10820,18894,47.6,94.3,5150,10203,2,0.15,2,2,0,0,0,0,,0,0,0,0,0,0,0,0,0,0,,0,0,0,0,3862500,1.929997311,3.01,36.721776,7.5026509,الشرفة,23007,964,8
Oued Sabah,Aïn Témouchent,Commune,9478,10527,1.06,12716,,44.85,90.8,5024,9894,2,0.15,,,,,0,0,,0,0,0,0,0,0,0,0,0,0,,0,0,0,0,3768000,1.882777959,3.01,35.3084,-0.8102,وادى الصباح,46016,964,11
Oulhaça El Gheraba,Aïn Témouchent,Commune,15031,15419,0.26,16143,,44.85,90.8,5024,9894,2,0.15,,,,,0,0,,0,0,0,0,0,0,0,0,0,0,,0,0,1,1,3768000,14.38277796,3.01,35.1671,-1.5051,ولهاصة الغرابة,46025,964,11
Khezarra,Guelma,Commune,8154,10382,2.45,16037,,45.2,94.4,5152,10513,2,0.15,,,,,0,0,,0,0,0,0,0,0,0,0,0,0,,0,0,1,1,3864000,14.43074682,3.01,36.36813,7.527873,,,964,15
Houari Boumédiène (Aïn Hessania),Guelma,Commune,6371,7114,1.11,8677,,45.2,94.4,5152,10513,2,0.15,,,,,0,0,,0,0,0,0,0,0,0,0,0,0,,0,0,0,0,3864000,1.930746825,3.01,36.416694,7.282236,,,964,15
Bordj Sabat,Guelma,Commune,10079,10158,0.08,10302,,45.2,94.4,5152,10513,2,0.15,,,,,0,0,,0,0,0,0,0,0,0,0,0,0,,0,0,0,0,3864000,1.930746825,3.01,36.4020468,7.038288,برج صباط,24021,964,15
Rogassa,El Bayadh,Commune,5598,7492,2.96,12659,4321,41,93.4,5190,11824,2,0.15,,,,,0,0,,0,0,0,0,0,0,0,0,0,0,,0,0,0,0,3892500,1.944987581,3.01,33.9525,0.9256,روقاصة,32002,964,8
Sellaoua Announa,Guelma,Commune,3001,3244,0.78,3732,,45.2,94.4,5152,10513,2,0.15,,,,,0,0,,0,0,0,0,0,0,0,0,0,0,,0,0,0,0,3864000,1.930746825,3.01,36.348144,7.285222,,,964,15
Aïn Torki,Aïn Defla,Commune,8280,9546,1.43,12332,9546,41.2,95.6,5081,11789,2,0.15,4,3,1,0,0,0,,0,0,0,0,0,0,0,0,0,0,,0,0,0,0,3810750,1.904139095,3.01,36.2686,2.3016,عين التركى,44023,964,26
Tiberguent,Mila,Commune,8286,9282,1.14,11386,9282,44.5,96.4,5067,10976,2,0.15,3,3,0,0,0,0,,0,0,0,0,0,0,0,0,0,0,,0,0,0,0,3800250,1.8988925,3.01,36.3472,6.0397,تيبرقنت,43013,964,26
Aït Yahia,Tizi Ouzou,Commune,16485,14439,-1.32,11375,7693,44.2,97.9,5028,11136,2,0.15,19,15,4,0,0,0,,0,0,0,0,0,0,0,0,0,0,,0,0,0,0,3771000,1.884276986,3.01,36.5983865,4.2844951,أيت يحي,15027,964,34
Sidi Ouriache,Aïn Témouchent,Commune,5540,5871,0.58,6517,,44.85,90.8,5024,9894,2,0.15,,,,,0,0,,0,0,0,0,0,0,0,0,0,0,,0,0,0,0,3768000,1.882777959,3.01,35.1244,-1.5051,سيدي وريلش,46026,964,11
Tamzoura,Aïn Témouchent,Commune,8665,9599,1.03,11541,,44.85,90.8,5024,9894,2,0.15,,,,,0,0,,0,0,0,0,0,0,0,0,0,0,,0,0,0,0,3768000,1.882777959,3.01,35.3443,-0.6564,تامزوغة,46010,964,11
Ouled Kihal,Aïn Témouchent,Commune,8192,9256,1.23,11531,8083,44.6,88.7,5143,10228,2,0.15,,,,,0,0,,0,0,0,0,0,0,0,0,0,0,,0,0,0,0,3857250,1.927374014,3.01,35.3039,-1.236,أولاد الكيحل,46022,964,11
El Messaid,Aïn Témouchent,Commune,3971,4362,0.94,5165,,44.85,90.8,5024,9894,2,0.15,,,,,0,0,,0,0,0,0,0,0,0,0,0,0,,0,0,0,0,3768000,1.882777959,3.01,35.4763,-1.1234,المساعيد,46028,964,11
Taya,Sétif,Commune,9346,10302,0.98,12276,17492,41.8,94.5,5131,11601,2,0.15,44,39,3,2,0,0,,0,0,0,0,0,0,0,0,0,0,,0,0,0,0,3848250,1.922876933,3.01,35.9253339,5.8147183,طاية,19058,964,41
Nador,Tipaza,Commune,8018,9588,1.8,13229,29566,46.5,94,6151,12435,1,0.1,93,62,30,1,0,0,,0,1,1,0,0,0,0,0,0,0,SAA,0,0,0,0,4613250,2.305128827,2.99,36.569391,2.393549,,,985,21
Bennasser Benchohra,Laghouat,Commune,7948,9621,1.93,13569,,39.2,83.35,4997,7791.5,1,0.1,,,,,0,0,,0,0,0,0,0,0,0,0,0,0,,0,0,0,0,3747750,1.872659527,2.98,33.511364,3.053778,,,986,11
Beidha,Laghouat,Commune,7381,8761,1.73,11927,6357,41.9,66.6,4997,7943,1,0.1,,,,,0,0,,0,0,0,0,0,0,0,0,0,0,,0,0,0,0,3747750,1.872659527,2.98,33.7873735,2.8829115,بيضاء,3012,986,11
El Feidh,Biskra,Commune,12482,12602,0.1,12821,21416,39.1,77.4,5013,9923,1,0.1,3,1,2,0,0,0,,0,0,0,0,0,0,0,0,0,0,,0,0,0,0,3759750,1.878655635,2.98,34.4990192,6.1924699,الفيض,7016,986,26
Belarbi,Sidi Bel Abbès,Commune,7415,8455,1.32,10708,5886,46.9,85.7,5022,9177,1,0.1,,,,,0,0,,0,0,0,0,0,0,0,0,0,0,,0,0,0,0,3766500,1.882028446,2.98,35.1309933,-0.5169609,بلعربي,22042,986,14
Hassi Delaa,Laghouat,Commune,6930,11204,4.92,26603,,39.2,83.35,4997,7791.5,1,0.1,,,,,0,0,,0,0,0,0,0,0,0,0,0,0,,0,0,1,1,3747750,14.37265953,2.98,33.4154299,3.5410309,حاسي دلاعة,3005,986,11
El Houaita,Laghouat,Commune,1290,2789,8.02,11174,,39.2,83.35,4997,7791.5,1,0.1,,,,,0,0,,0,0,0,0,0,0,0,0,0,0,,0,0,0,0,3747750,1.872659527,2.98,33.541101,2.508906,,,986,11
Boukhadra,Tébessa,Commune,9963,10701,0.72,12170,20170,42.1,84.4,5124,10271,1,0.1,8,8,0,0,0,0,,0,0,0,0,0,0,0,0,0,0,,0,0,0,0,3843000,1.920253635,2.98,35.7490236,8.0267572,بوخضرة,12018,986,20
Zaafrane,Djelfa,Commune,12865,12972,0.08,13167,17207,38.6,70.6,5082,9296,1,0.1,,,,,0,0,,0,0,0,0,0,0,0,0,0,0,,0,0,0,0,3811500,1.904513851,2.98,34.8540509,2.8442416,الزعفران,17028,986,29
Souani,Tlemcen,Commune,8227,9513,1.46,12355,9513,41.7,87.8,5152,10848,1,0.1,,,,,0,0,,0,0,0,0,0,0,0,0,0,0,,0,0,0,0,3864000,1.930746825,2.98,34.9184687,-1.92235,السواني,13008,986,32
Mostefa Ben Brahim,Sidi Bel Abbès,Commune,8111,9268,1.34,11782,24594,44.1,92.9,5196,10945,1,0.1,,,,,0,0,,0,0,0,0,0,0,0,0,0,0,,0,0,0,0,3897000,1.947236122,2.98,35.1721396,-0.4142215,مصطفى بن ابراهيم,22004,986,14
El Hamel,M'Sila,Commune,10195,11018,0.78,12670,9042,39.8,78.3,5043,9921,1,0.1,,,,,0,0,,0,0,0,0,0,0,0,0,0,0,,0,0,0,0,3782250,1.889898338,2.98,35.1212832,3.9996217,الهامل,28027,986,31
Ouled Attia,Skikda,Commune,10351,10851,0.47,11813,10851,44.2,95.9,5221,11329,2,0.15,,,,,0,0,,0,0,0,0,0,0,0,0,0,0,,0,0,0,0,3915750,1.956605041,2.96,35.5368952,2.1427722,أولاد عطية,21013,997,32
Djendel Saadi Mohamed,Skikda,Commune,7831,8655,1.01,10363,8655,50.4,90.6,5223,9389,2,0.15,,,,,0,0,,0,0,0,0,0,0,0,0,0,0,,0,0,0,0,3917250,1.957354555,2.96,36.779214,7.172422,,,997,32
Nechmaya,Guelma,Commune,9113,9964,0.9,11701,6553,45,95.6,5265,11186,2,0.15,3,2,1,0,0,0,,0,0,0,0,0,0,0,0,0,0,,0,0,0,0,3948750,1.973094338,2.96,36.611178,7.5036084,نشماية,24002,997,19
Bordj El Emir Abdelkader,Tissemsilt,Commune,8953,10194,1.31,12877,7645,40.4,89.9,5202,11576,2,0.15,1,1,0,0,0,0,,0,0,0,0,0,0,0,0,0,0,,0,0,0,0,3901500,1.949484663,2.96,35.8523,2.2714,برج الامير عبد القادر,38009,997,9
Draa Kebila,Sétif,Commune,15748,14977,-0.5,13683,7005,39,93.3,5336,12766,2,0.15,2,1,1,0,0,0,,0,0,0,0,0,0,0,0,0,0,,0,0,0,0,4002000,1.999702068,2.96,36.4219572,4.9356912,ذراع قبيلة,19007,997,43
Sidi Nâamane,Tizi Ouzou,Commune,9641,10688,1.04,12867,6565,42.7,94.2,5423,11963,2,0.15,55,8,47,0,0,0,,0,0,0,0,0,0,0,0,0,0,,0,0,0,0,4067250,2.032305906,2.96,36.7771939,3.9208277,سيدي نعمان,15059,997,35
Beni Guecha,El Oued,Commune,1036,2513,9.27,12385,49793,43.8,88.7,5425,10985,2,0.15,1,1,0,0,0,0,,0,0,0,0,0,0,0,0,0,0,,0,0,0,0,4068750,2.03305542,2.96,33.9331,7.3361,بن ڨشة,39019,997,23
Aïn Bouziane,Skikda,Commune,8381,9591,1.36,12226,9591,43.4,94.8,5306,11590,2,0.15,25,23,2,0,0,0,,0,0,0,0,0,0,0,0,0,0,,0,0,0,0,3979500,1.988459366,2.96,36.6036397,6.6793845,عين بوزيان,21022,997,32
Hamala,Mila,Commune,10810,11213,0.37,11977,11213,43.4,94.8,5198,11354,2,0.15,5,1,4,0,0,0,,0,0,0,0,0,0,0,0,0,0,,0,0,0,0,3898500,1.947985636,2.96,36.5085,6.3391,حمالة,43024,997,27
Sfissifa,Naâma,Commune,2633,4576,5.68,12375,9163,44,90.8,5445,11236,1.5,0.125,,,,,0,0,,0,0,0,0,0,0,0,0,0,0,,0,0,0,0,4083750,2.040550555,2.96,32.6648,-0.8679,صفيصيفة,45005,997,11
Sidi Naamane,Médéa,Commune,21478,17803,-1.86,12700,6565,42.7,94.2,5423,11963,2,0.15,55,8,47,0,0,0,,0,0,0,0,0,0,0,0,0,0,,0,0,0,0,4067250,2.032305906,2.96,36.7771939,3.9208277,سيدي نعمان,15059,997,24
Ouled Aïssa,Boumerdès,Commune,6773,7685,1.27,9647,13692,43.4,91.8,4758,10064,4,0.25,3,0,2,1,0,0,,0,0,0,0,0,0,0,0,0,0,,0,0,0,0,3568500,1.783092661,2.95,29.4201586,-0.104542,أولاد عيسى,1027,1008,27
Ouled Aïssa,Adrar,Commune,5497,7034,2.5,10963,13692,43.4,91.8,4758,10064,4,0.25,3,0,2,1,0,0,,0,0,0,0,0,0,0,0,0,0,,0,0,0,0,3568500,1.783092661,2.95,29.4201586,-0.104542,أولاد عيسى,1027,1008,20
Sebaïne,Tiaret,Commune,10042,10763,0.7,12194,4543,42.9,87.1,5231,10621,1,0.1,3,0,3,0,0,0,,0,0,0,0,0,0,0,0,0,0,,0,0,0,0,3923250,1.960352609,2.93,35.4574363,1.5985322,سبعين,14025,1010,24
Sidi Ali Boussidi,Sidi Bel Abbès,Commune,8373,9715,1.5,12696,6200,42.1,93.9,5345,11922,1,0.1,,,,,0,0,,0,0,0,0,0,0,0,0,0,0,,0,0,0,0,4008750,2.003074879,2.93,35.1040625,-0.8716112,سيدي علي بوسيدي,22008,1010,16
Fesdis,Batna,Commune,5811,7517,2.61,11947,5108,45.3,89,5412,10633,1,0.1,29,29,0,0,0,0,,0,0,0,0,0,0,0,0,0,0,,0,0,0,0,4059000,2.028183582,2.93,35.6179227,6.1696788,فسديس,5023,1010,40
Beni Snous,Tlemcen,Commune,10888,11318,0.39,12135,11318,44.7,93.3,5424,11322,1,0.1,1,1,0,0,0,0,,0,0,0,0,0,0,0,0,0,0,,0,0,0,0,4068000,2.032680663,2.93,34.6593315,-1.5615608,بنى سنوس,13017,1010,33
Mezrara,Tizi Ouzou,Commune,9586,9469,-0.12,9262,,46.5,94.4,6453,12516.5,2,0.15,,,,,0,0,,0,2,2,0,0,0,0,0,0,0,SAA,0,0,0,0,4839750,2.418305369,2.92,36.727975,3.669787,,,1014,36
Mechtras,Tizi Ouzou,Commune,11075,12683,1.36,16188,,46.5,94.4,6453,12516.5,2,0.15,,,,,0,0,,0,2,1,1,0,0,0,0,0,0,SAA|ALLIANCE,0,0,1,0,4839750,2.418305369,2.92,36.543892,4.011092,,,1014,36
Larbaâ Nath Irathen,Tizi Ouzou,Commune,29773,29376,-0.13,28675,,46.5,94.4,6453,12516.5,2,0.15,,,,,0,0,,0,2,0,0,1,1,0,0,0,0,AXA|CAAR,0,0,1,0,4839750,2.418305369,2.92,36.637492,4.202847,,,1014,36
Tarmount,M'Sila,Commune,9438,9954,0.53,10955,5411,45.6,93.1,4995,10199,2,0.15,1,1,0,0,0,0,,0,0,0,0,0,0,0,0,0,0,,0,0,0,0,3746250,1.871910013,2.89,35.8174498,4.1865609,تارمونت,28005,1017,32
Nekmaria,Mostaganem,Commune,9104,10446,1.38,13380,31469,37.2,81.1,4977,10851,2,0.15,,,,,0,0,,0,0,0,0,0,0,0,0,0,0,,0,0,0,0,3732750,1.865164392,2.89,36.1880382,0.6165754,نقمارية,27015,1017,27
Tafraout,Médéa,Commune,7722,8901,1.43,11495,10765,41.3,78.2,4747,8989,2,0.15,3,3,0,0,0,0,,0,0,0,0,0,0,0,0,0,0,,0,0,0,0,3560250,1.778970337,2.89,35.9953336,3.2743524,تافراوت,26023,1017,25
Ath Mansour,Bouira,Commune,9283,10077,0.82,11681,24228,40.8,93,4766,10863,2,0.15,8,5,3,0,0,0,,0,0,0,0,0,0,0,0,0,0,,0,0,0,0,3574500,1.786090715,2.89,36.2991769,4.2484448,آث منصور,10043,1017,29
Aïn Tarek,Relizane,Commune,12287,12253,-0.03,12192,38101,38.7,85.7,4718,10449,2,0.15,,,,,0,0,,0,0,0,0,0,0,0,0,0,0,,0,0,0,0,3538500,1.768102391,2.89,35.7164,1.1316,عين طارق,48019,1017,28
Taguedit,Bouira,Commune,10277,10562,0.27,11095,11775,44.2,93.1,4904,10329,2,0.15,9,7,2,0,0,0,,0,0,0,0,0,0,0,0,0,0,,0,0,0,0,3678000,1.837807148,2.89,35.9534858,3.7969676,تاڨديت,10028,1017,29
In Amenas,Illizi,Commune,5302,7385,3.37,13409,91632,36.8,93,4935,12470,2,0.125,,,,,0,0,,0,0,0,0,0,0,0,0,0,0,,0,0,0,0,3701250,1.849424608,2.89,27.9677,9.5663,إن أميناس,33006,1017,5
Souarekh,El Tarf,Commune,7457,8173,0.92,9639,11064,51.4,93.4,4954,9003,2,0.15,,,,,0,0,,0,0,0,0,0,0,0,0,0,0,,0,0,0,0,3715500,1.856544986,2.89,36.8192,8.5638,السوارخ,36009,1017,15
Bouati Mahmoud,Guelma,Commune,8823,9658,0.91,11365,4394,43.9,92.5,4989,10513,2,0.15,2,2,0,0,0,0,,0,0,0,0,0,0,0,0,0,0,,0,0,0,0,3741750,1.869661473,2.89,36.5895674,7.3207353,بوعاتي محمود,24003,1017,20
Benchicao,Médéa,Commune,8946,9728,0.84,11312,9901,41.8,93.8,4728,10611,2,0.15,7,2,5,0,0,0,,0,0,0,0,0,0,0,0,0,0,,0,0,0,0,3546000,1.771849959,2.89,36.1913329,2.7682088,بن شكاو,26030,1017,25
Bougous,El Tarf,Commune,10576,11234,0.61,12523,10094,39.5,95,4947,11897,2,0.15,,,,,0,0,,0,0,0,0,0,0,0,0,0,0,,0,0,0,0,3710250,1.853921689,2.89,36.5968,8.3688,بوقوس,36004,1017,15
Sidi Safi,Aïn Témouchent,Commune,6346,7512,1.7,10177,12905,48.2,81.8,4905,8325,2,0.15,,,,,0,0,,0,0,0,0,0,0,0,0,0,0,,0,0,0,0,3678750,1.838181905,2.89,35.2165,-1.3129,سيدي الصافي,46024,1017,20
Babor,Sétif,Commune,18445,15762,-1.56,11878,24145,41.4,90.4,4917,10738,2,0.15,19,19,0,0,0,0,,0,0,0,0,0,0,0,0,0,0,,0,0,0,0,3687750,1.842678986,2.89,36.5019013,5.3674976,بابور,19016,1017,44
Terga,Aïn Témouchent,Commune,7165,8083,1.21,10042,20096,47.6,95.2,4780,9560,2,0.15,,,,,0,0,,0,0,0,0,0,0,0,0,0,0,,0,0,0,0,3585000,1.79133731,2.89,35.3532,-1.1783,تارقة,46008,1017,20
Bordj Emir Khaled,Aïn Defla,Commune,7201,8598,1.79,11831,8598,42,90.2,4969,10672,2,0.15,2,2,0,0,0,0,,0,0,0,0,0,0,0,0,0,0,,0,0,0,0,3726750,1.862166338,2.89,36.058,2.2055,برج الأمير خالد,44022,1017,27
Asfour,El Tarf,Commune,10632,11447,0.74,13075,163586,44.7,93.7,5845,12251,2,0.15,2,0,2,0,0,0,,0,1,1,0,0,0,0,0,0,0,SAA,0,0,0,0,4383750,2.190453259,2.86,36.6122,7.9761,عصفور,36017,1032,17
Ensigha,Khenchela,Commune,7894,9257,1.61,12331,11428,39.6,91.4,4883,11271,1,0.1,12,12,0,0,0,0,,0,0,0,0,0,0,0,0,0,0,,0,0,0,0,3662250,1.829937256,2.85,35.3342,7.1439,انسيغة,40015,1033,10
Tenira,Sidi Bel Abbès,Commune,9413,10049,0.66,11304,5672,43.9,94.4,4962,10671,1,0.1,,,,,0,0,,0,0,0,0,0,0,0,0,0,0,,0,0,0,0,3721500,1.85954304,2.85,35.0063927,-0.5771282,تنيرة,22017,1033,17
Sidi Hamadouche,Sidi Bel Abbès,Commune,9264,9968,0.74,11373,8455,43.2,91,4913,10349,1,0.1,,,,,0,0,,0,0,0,0,0,0,0,0,0,0,,0,0,0,0,3684750,1.841179959,2.85,35.3114849,-0.5885866,سيدي حمادوش,22041,1033,17
Taouzient,Khenchela,Commune,9794,10748,0.93,12705,,42.6,91.05,4883,9366,1,0.1,,,,,0,0,,0,0,0,0,0,0,0,0,0,0,,0,0,0,0,3662250,1.829937256,2.85,35.51076,6.808711,,,1033,10
El Bouihi,Tlemcen,Commune,7618,8705,1.34,11067,8705,43.4,85.2,4803,9429,1,0.1,,,,,0,0,,0,0,0,0,0,0,0,0,0,0,,0,0,0,0,3602250,1.799956716,2.85,34.8959541,-1.3150979,البويھي,13043,1033,34
Oued Chaaba,Batna,Commune,5835,7236,2.18,10659,8474,45.5,93.9,4850,10009,1,0.1,64,62,2,0,0,0,,0,0,0,0,0,0,0,0,0,0,,0,0,0,0,3637500,1.817570283,2.85,35.5243377,6.011965,واد الشعبة,5037,1033,41
Barbacha,Béjaïa,Commune,18391,16901,-0.84,14517,9123,39.8,94.3,5778,13690,2,0.15,154,147,7,0,0,0,,1,0,0,0,0,0,0,0,0,0,,1,1,0,0,4333500,0.433068911,2.79,36.5628189,4.8862205,برباشة,6034,1039,27
Besbes,Biskra,Commune,6481,8392,2.62,13362,177988,43.3,94.6,5786,12640,2,0.15,5,3,2,0,0,0,,1,0,0,0,0,0,0,0,0,0,,1,1,0,0,4339500,0.433668522,2.79,36.7204026,7.7544139,البسباس,7007,1039,27
Besbes,El Tarf,Commune,43007,46341,0.75,53007,177988,43.3,94.6,5786,12640,2,0.15,5,3,2,0,0,0,,1,0,0,0,0,0,0,0,0,0,,1,1,3,2,4339500,5.433668522,2.79,36.7204026,7.7544139,البسباس,7007,1039,18
Oued Athmania,Mila,Commune,35934,40688,1.25,50886,40688,43.7,94.1,22237,47884,2,0.15,34,15,19,0,0,0,,1,1,0,0,0,0,0,0,1,0,CIAR,1,1,3,1,16677750,4.166693212,2.75,36.266171,6.311779,,,1042,28
Bou Ismaïl,Tipaza,Commune,38445,41684,0.81,48217,2930,47.1,92.3,22710,44504,2,0.15,350,231,114,5,0,0,,1,1,0,1,0,0,0,0,0,0,ALLIANCE,1,1,3,1,17032500,4.202145201,2.75,36.5791,2.6889,بو اسماعيل,42026,1042,22
Ouzera,Médéa,Commune,11491,12650,0.97,15039,7273,42.2,88.8,6346,13355,2,0.15,39,17,22,0,0,0,,0,2,1,0,0,0,1,0,0,0,SAA|CAAT,0,0,1,0,4759500,2.378206395,2.73,36.2615351,2.8073906,وزرة,26002,1044,27
Berrihane,El Tarf,Commune,8326,9605,1.44,12422,7530,49.7,87.6,6174,10882,2,0.15,2,1,1,0,0,0,,0,2,2,0,0,0,0,0,0,0,SAA,0,0,0,0,4630500,2.313748233,2.72,36.7752,8.1244,برحان,36010,1045,19
Medjez Amar,Guelma,Commune,6426,7703,1.83,10675,4487,47.2,95.5,5039,10195,2,0.15,,,,,0,0,,0,1,1,0,0,0,0,0,0,0,SAA,0,0,0,0,3779250,1.888399311,2.7,36.4453028,7.3073994,مجاز عمار,24024,1046,21
Ouled Brahim,Médéa,Commune,9870,10847,0.95,12856,11855,45.7,91.9,4075,8195,2,0.15,5,2,3,0,0,0,,0,0,0,0,0,0,0,0,0,0,,0,0,0,0,3056250,1.527133795,2.68,34.986248,0.4696722,أولاد ابراھيم,20014,1047,28
Ouled Sidi Mihoub,Relizane,Commune,6646,7588,1.33,9633,9280,42.2,73,4065,7032,2,0.15,,,,,0,0,,0,0,0,0,0,0,0,0,0,0,,0,0,0,0,3048750,1.523386227,2.68,35.9752,0.6916,أولاد سيدي ميهوب,48038,1047,29
Ouled Brahim,Bordj Bou Arreridj,Commune,7348,7874,0.69,8917,11855,45.7,91.9,4075,8195,2,0.15,5,2,3,0,0,0,,0,0,0,0,0,0,0,0,0,0,,0,0,0,0,3056250,1.527133795,2.68,34.986248,0.4696722,أولاد ابراھيم,20014,1047,22
Ouled Brahim,Saïda,Commune,18406,19711,0.69,22298,11855,45.7,91.9,4075,8195,2,0.15,5,2,3,0,0,0,,0,0,0,0,0,0,0,0,0,0,,0,0,1,1,3056250,14.02713379,2.68,34.986248,0.4696722,أولاد ابراھيم,20014,1047,12
Bouda,Adrar,Commune,8668,9938,1.38,12711,134839,32.1,96,4080,12203,2,0.15,4,2,2,0,0,0,,0,0,0,0,0,0,0,0,0,0,,0,0,0,0,3060000,1.529007579,2.68,27.9779233,-0.4533424,بودة,1022,1047,21
Tamsa,M'Sila,Commune,6284,7431,1.69,10049,11018,40.4,94.4,4060,9486,1,0.1,,,,,0,0,,0,0,0,0,0,0,0,0,0,0,,0,0,0,0,3045000,1.521512443,2.67,35.2027774,3.7451258,تامسة,28023,1052,33
Mihoub,Médéa,Commune,11488,12191,0.6,13567,2216,39.8,88.7,5400,12034,2,0.15,,,,,0,0,,0,1,1,0,0,0,0,0,0,0,SAA,0,0,0,0,4050000,2.023686501,2.65,36.3861353,3.3691094,ميهوب,26050,1053,29
Souk Oufella,Béjaïa,Commune,9776,8931,-0.9,7590,11675,42.9,95.3,3256,7233,2,0.15,7,5,2,0,0,0,,0,2,2,0,0,0,0,0,0,0,SAA,0,0,0,0,2442000,1.220208009,2.64,36.5880436,4.5992053,سوق أوفلة,6030,1054,28
Aït-Smail,Béjaïa,Commune,10690,11783,0.98,14040,19345,35.5,92.9,4984,13043,2,0.15,2,2,0,0,0,0,,0,1,1,0,0,0,0,0,0,0,SAA,0,0,0,0,3738000,1.867787689,2.6,36.554314,5.1892262,آيت سماعيل,6047,1055,29
M'Rara,El Oued,Commune,5976,7999,2.96,13520,21772,39.4,92.3,5327,12479,0,0,,,,,0,0,,0,0,0,0,0,0,0,0,0,0,,0,0,0,0,3995250,1.996329258,2.6,33.476232,5.660677,,,1055,24
Beni Hocine,Sétif,Commune,10210,11220,0.95,13296,7562,36.5,89.6,4853,11913,2,0.15,,,,,0,0,,0,1,1,0,0,0,0,0,0,0,SAA,0,0,0,0,3639750,1.818694554,2.6,36.2590992,5.0521419,بني حسين,19053,1055,45
Fellaoucene,Tlemcen,Commune,7619,8781,1.43,11337,8781,42.2,93.1,4784,10555,2,0.15,1,1,0,0,0,0,,0,1,1,0,0,0,0,0,0,0,SAA,0,0,0,0,3588000,1.792836337,2.6,35.013723,-1.6538313,فلاوسن,13020,1055,35
Chechar,Khenchela,Commune,21468,27428,2.48,42630,,42.6,91.05,4883,9366,1,0.1,,,,,0,0,,0,1,0,0,0,0,0,0,1,0,CIAR,0,0,2,1,3662250,14.32993726,2.57,35.038331,7.004261,,,1059,12
Lichana,Biskra,Commune,8740,9852,1.2,12222,5425,39.7,89.9,4852,10988,1,0.1,2,0,2,0,0,0,,0,1,1,0,0,0,0,0,0,0,SAA,0,0,0,0,3639000,1.818319797,2.57,34.7379403,5.3672479,لشانة,7023,1059,28
Bordj Ghedir,Bordj Bou Arreridj,Commune,23289,26042,1.12,31843,,40.7,93.3,4711,10864,2,0.15,,,,,0,0,,1,0,0,0,0,0,0,0,0,0,,1,1,2,1,3533250,2.853095819,2.53,35.899189,4.899182,,,1061,23
Ouled Fadel,Batna,Commune,9882,10860,0.95,12871,12473,40.5,93.1,5213,11983,1,0.1,7,7,0,0,0,0,,0,1,1,0,0,0,0,0,0,0,SAA,0,0,0,0,3909750,1.953606987,2.53,35.5552777,6.540245,أولاد فاضل,5049,1061,42
Abdelkader Azil (Metkaouak),Batna,Commune,12133,14304,1.66,19237,,41.5,92,5788,11983,1,0.1,,,,,0,0,,0,5,5,0,0,0,0,0,0,0,SAA,0,0,1,0,4341000,2.169092124,2.5,35.44868,5.14376,,,1063,43
Tarik Ibn Ziad,Aïn Defla,Commune,9739,10285,0.55,11346,10316,39.4,91.2,4470,10348,2.5,0.175,,,,,0,0,,0,0,0,0,0,0,0,0,0,0,,0,0,0,0,3352500,1.675162715,2.47,35.9358,2.1506,طارق بن زياد,44021,1064,28
Messelmoun,Tipaza,Commune,6603,7564,1.37,9660,21572,48.1,94.9,4646,9167,4,0.25,21,9,12,0,0,0,,0,0,0,0,0,0,0,0,0,0,,0,0,0,0,3484500,1.741119904,2.47,36.4997,2.0023,مسلمون,42033,1064,23
Nadorah,Tiaret,Commune,7030,7559,0.73,8614,5316,51.4,86,4428,7408,4,0.25,1,0,1,0,0,0,,0,0,0,0,0,0,0,0,0,0,,0,0,0,0,3321000,1.659422931,2.47,35.2514714,1.2272501,ملاكو,14031,1064,25
Chefia,El Tarf,Commune,7450,8195,0.96,9729,5235,45,93.5,4378,9097,2,0.15,,,,,0,0,,0,0,0,0,0,0,0,0,0,0,,0,0,0,0,3283500,1.640685093,2.4,36.5483,8.0392,الشافية,36012,1067,20
Lahlef,Relizane,Commune,10219,10264,0.04,10345,8592,42.1,82.8,4355,8566,2,0.15,,,,,0,0,,0,0,0,0,0,0,0,0,0,0,,0,0,0,0,3266250,1.632065687,2.4,35.8301,0.9805,لحلاف,48029,1067,30
Deldoul,Adrar,Commune,7465,8647,1.48,11266,13171,40.4,71.6,4551,8066,2,0.15,,,,,0,0,,0,0,0,0,0,0,0,0,0,0,,0,0,0,0,3413250,1.705518012,2.4,34.2080511,3.2543828,دﻟﺪول,1017,1067,22
Ouacif,Tizi Ouzou,Commune,10497,10313,-0.18,9990,5737,46.6,95.8,4655,9570,2,0.15,30,30,0,0,0,0,,0,0,0,0,0,0,0,0,0,0,,0,0,0,0,3491250,1.744492715,2.4,36.518106,4.1780763,واسيف,15048,1067,39
Ouled Rabah,Jijel,Commune,10142,10681,0.52,11724,10681,37.2,90.9,4361,10657,2,0.15,,,,,0,0,,0,0,0,0,0,0,0,0,0,0,,0,0,0,0,3270750,1.634314228,2.4,36.5974059,6.1619139,ولاد رابح,18027,1067,23
Ouled Rached,Bouira,Commune,8553,9311,0.85,10849,3961,43.1,93.9,4676,10187,2,0.15,8,0,7,1,0,0,,0,0,0,0,0,0,0,0,0,0,,0,0,0,0,3507000,1.752362607,2.4,36.2020432,3.9321509,أولاد راشد,10040,1067,31
El Hassi,Relizane,Commune,4119,2912,-3.41,1560,75197,44.9,93.3,4595,9547,2,0.15,,,,,0,0,,0,0,0,0,0,0,0,0,0,0,,0,0,0,0,3446250,1.72200731,2.4,35.7805122,5.8788416,الحاسي,5057,1067,30
Beni Zentis,Relizane,Commune,10655,11222,0.52,12320,7502,36.9,94,4546,11581,2,0.15,,,,,0,0,,0,0,0,0,0,0,0,0,0,0,,0,0,0,0,3409500,1.703644228,2.4,36.048,0.6647,بني زنتيس,48030,1067,30
Tendla,El Oued,Commune,8033,9193,1.36,11719,12643,37.3,90,4371,10547,2,0.15,2,2,0,0,0,0,,0,0,0,0,0,0,0,0,0,0,,0,0,0,0,3278250,1.638061796,2.4,33.6112,6.0342,تندلة,39024,1067,25
Tazgait,Mostaganem,Commune,8763,9410,0.71,10697,9680,41.5,87.8,4439,9392,2,0.15,1,0,1,0,0,0,,0,0,0,0,0,0,0,0,0,0,,0,0,0,0,3329250,1.663545255,2.4,36.0944945,0.5438018,تزقايت,27029,1067,28
Aziz,Médéa,Commune,10697,10765,0.06,10888,5647,41.3,93.4,4497,10169,2,0.15,,,,,0,0,,0,0,0,0,0,0,0,0,0,0,,0,0,0,0,3372750,1.685281147,2.4,35.7544258,2.2227155,عزيز,26032,1067,30
Ghilassa,Bordj Bou Arreridj,Commune,10959,11044,0.08,11199,16845,39.8,91,4457,10191,2,0.15,40,34,6,0,0,0,,0,0,0,0,0,0,0,0,0,0,,0,0,0,0,3342750,1.670290877,2.4,35.8067,4.9054,غيلاسة,34032,1067,24
Rabta,Bordj Bou Arreridj,Commune,10529,11012,0.45,11938,10748,36.7,91,4381,10864,2,0.15,44,21,22,1,0,0,,0,0,0,0,0,0,0,0,0,0,,0,0,0,0,3285750,1.641809363,2.4,35.8579,4.7488,الرابطة,34033,1067,24
Boucaid,Tissemsilt,Commune,8910,8843,-0.08,8724,3090,37.1,89.6,3237,7817,2,0.15,,,,,0,0,,0,0,0,0,0,0,0,0,0,0,,0,0,0,0,2427750,1.21308763,2.38,35.8278,1.6205,بوقايد,38021,1080,10
Tamza,Khenchela,Commune,8580,8617,0.04,8684,4953,52,90.8,4516,7885,1,0.1,9,9,0,0,0,0,,0,0,0,0,0,0,0,0,0,0,,0,0,0,0,3387000,1.692401526,2.37,35.2535,6.8335,تامزة,40014,1081,13
Deldoul,Djelfa,Commune,13171,11230,-1.58,8428,13171,40.4,71.6,4551,8066,1,0.1,,,,,0,0,,0,0,0,0,0,0,0,0,0,0,,0,0,0,0,3413250,1.705518012,2.37,34.2080511,3.2543828,دﻟﺪول,1017,1081,30
Oum El Adhaim,Souk Ahras,Commune,7696,8539,1.04,10296,8539,44,92.9,4530,9565,1,0.1,,,,,0,0,,0,0,0,0,0,0,0,0,0,0,,0,0,0,0,3397500,1.69764812,2.37,35.9702,7.6025,أم العظائم,41016,1081,14
El Aricha,Tlemcen,Commune,5100,6673,2.72,10826,6673,41.6,86.6,4504,9375,1,0.1,,,,,0,0,,0,0,0,0,0,0,0,0,0,0,,0,0,0,0,3378000,1.687904445,2.37,34.2202108,-1.2723972,العريشة,13032,1081,36
El Hassi,Batna,Commune,6964,7990,1.38,10233,75197,44.9,93.3,4595,9547,1,0.1,,,,,0,0,,0,0,0,0,0,0,0,0,0,0,,0,0,0,0,3446250,1.72200731,2.37,35.7805122,5.8788416,الحاسي,5057,1081,44
Hassi Zahana,Sidi Bel Abbès,Commune,6800,7426,0.88,8702,5761,53.1,91.8,4621,7988,1,0.1,,,,,0,0,,0,0,0,0,0,0,0,0,0,0,,0,0,0,0,3465750,1.731750985,2.37,35.025688,-0.888995,,,1081,19
Lamtar,Sidi Bel Abbès,Commune,6367,7530,1.69,10185,4411,42.7,90,4349,9166,1,0.1,1,0,1,0,0,0,,0,0,0,0,0,0,0,0,0,0,,0,0,0,0,3261750,1.629817147,2.37,35.0592826,-0.8357771,لمطار,22034,1081,19
Boumaguer,Batna,Commune,7413,8474,1.35,10781,59904,40.4,95,4356,10242,1,0.1,,,,,0,0,,0,0,0,0,0,0,0,0,0,0,,0,0,0,0,3267000,1.632440444,2.37,,,,,1081,44
El Eulma,Sétif,Commune,120068,155038,2.59,245617,14666,42.6,90.1,5958,12602,0,0,6097,5564,454,79,0,1,ZA Artisanale Lahoua,5,10,0,5,1,1,0,0,3,0,ALLIANCE|AXA|CAAR|CIAR,1,5,16,1,4468500,2.946560155,2.33,36.1657394,5.620148,العلمة,19020,1089,46
El Eulma,Annaba,Commune,8711,10316,1.71,13987,14666,42.6,90.1,5958,12602,0,0,6097,5564,454,79,0,1,ZA Artisanale Lahoua,5,10,0,5,1,1,0,0,3,0,ALLIANCE|AXA|CAAR|CIAR,1,5,0,0,4468500,0.446560155,2.33,36.1657394,5.620148,العلمة,19020,1089,9
Aïn Zitoun,Oum El Bouaghi,Commune,5993,5948,-0.08,5868,2880,41.8,91.9,2453,5393,1,0.1,,,,,0,0,,0,0,0,0,0,0,0,0,0,0,,0,0,0,0,1839750,0.919278331,2.31,35.6841587,6.9309782,عين الزيتون,4027,1091,22
Sidi Ameur,M'Sila,Commune,18721,21623,1.45,28027,7800,38.4,83.6,2406,5238,1,0.1,,,,,0,0,,0,0,0,0,0,0,0,0,0,0,,0,0,1,1,1804500,13.40166476,2.31,35.3659746,3.6834134,سيدي عامر,28022,1091,34
Tizi,Mascara,Commune,10915,12923,1.7,17514,23716,41.9,87.1,7338,15255,2,0.15,45,40,5,0,0,0,,0,6,0,0,0,0,5,0,0,1,CAAT|TRUST,0,0,1,0,5503500,2.749965101,2.24,35.2512,0.0714,تيزي,29003,1093,31
Boutaleb,Sétif,Commune,8328,9456,1.28,11885,10385,39.6,94.1,4706,11184,2,0.15,,,,,0,0,,0,2,2,0,0,0,0,0,0,0,SAA,0,0,0,0,3529500,1.76360531,2.21,35.6858444,5.1806519,بوطالب,19005,1094,47
Idjeur,Tizi Ouzou,Commune,10379,10301,-0.08,10162,12474,43.6,94.2,4431,9573,2,0.15,51,51,0,0,0,0,,0,2,2,0,0,0,0,0,0,0,SAA,0,0,0,0,3323250,1.660547201,2.21,36.6731533,4.4981712,آجر,15049,1094,40
Tadjena,Chlef,Commune,22155,24413,0.98,29073,24413,41.4,90.3,12036,26253,4,0.25,,,,,0,0,,1,0,0,0,0,0,0,0,0,0,,1,1,1,0,9027000,0.902114471,2.21,36.3347,1.117922,,,1094,32
Mezdour,Bouira,Commune,10723,11047,0.3,11655,17322,37.8,93.3,4406,10874,2,0.15,,,,,0,0,,0,2,2,0,0,0,0,0,0,0,SAA,0,0,0,0,3304500,1.651178282,2.21,36.0722819,3.923954,مسدور,10011,1094,32
Beni Maouche,Béjaïa,Commune,15157,13412,-1.22,10762,40710,39.3,92.9,4229,9998,2,0.15,4,3,1,0,0,0,,0,0,0,0,0,0,0,0,0,0,,0,0,0,0,3171750,1.584846336,2.2,36.487851,4.787552,,,1098,30
Tircine,Saïda,Commune,6307,7377,1.58,9781,1424,42.9,85.1,4196,8324,2,0.15,,,,,0,0,,0,0,0,0,0,0,0,0,0,0,,0,0,0,0,3147000,1.572479363,2.2,34.9016504,0.549488,تيرسين,20015,1098,13
Souagui,Médéa,Commune,19059,15536,-2.02,10754,6866,39.4,82.2,4237,8840,2,0.15,6,4,2,0,0,0,,0,0,0,0,0,0,0,0,0,0,,0,0,0,0,3177750,1.58784439,2.2,36.1114893,3.1635449,السواڨي,26033,1098,31
Kraakda,El Bayadh,Commune,2103,1750,-1.82,1257,,40.9,91.3,4169,9368,2,0.15,,,,,0,0,,0,0,0,0,0,0,0,0,0,0,,0,0,0,0,3126750,1.56236093,2.2,33.362958,1.044228,,,1098,9
Boualem,El Bayadh,Commune,5386,7578,3.47,14011,,40.9,91.3,4169,9368,2,0.15,,,,,0,0,,0,0,0,0,0,0,0,0,0,0,,0,0,0,0,3126750,1.56236093,2.2,33.6626,1.5353,بوعلام,32006,1098,9
Boudjellil,Béjaïa,Commune,12430,11486,-0.79,9964,125265,41.6,93.6,4145,9326,2,0.15,30,14,16,0,0,0,,0,0,0,0,0,0,0,0,0,0,,0,0,0,0,3108750,1.553366768,2.2,36.3223972,4.3477724,بوجليل,6052,1098,30
Oued Essalem,Relizane,Commune,8897,9319,0.46,10130,23480,42.1,88.5,4265,8965,2,0.15,,,,,0,0,,0,0,0,0,0,0,0,0,0,0,,0,0,0,0,3198750,1.598337579,2.2,35.5155,0.9256,وادي السلام,48020,1098,33
Cheguig,El Bayadh,Commune,1693,3282,6.84,10805,5688,39.3,86.8,4246,9379,2,0.15,1,1,0,0,0,0,,0,0,0,0,0,0,0,0,0,0,,0,0,0,0,3184500,1.591217201,2.2,34.1027,1.2277,الشقيق,32017,1098,9
Bouskene,Médéa,Commune,13302,11855,-1.15,9635,890,42.5,92.1,4095,8874,2,0.15,1,1,0,0,0,0,,0,0,0,0,0,0,0,0,0,0,,0,0,0,0,3071250,1.53462893,2.2,36.1950571,3.1348775,بوسكن,26019,1098,31
El Menaouer,Mascara,Commune,9346,9690,0.36,10341,70499,40.4,89.5,4178,9255,2,0.15,,,,,0,0,,0,0,0,0,0,0,0,0,0,0,,0,0,0,0,3133500,1.565733741,2.2,35.4797,0.4037,المناور,29021,1098,32
Debdeb,Illizi,Commune,3212,4341,3.06,7465,168346,55.7,95,4158,7092,2,0.125,,,,,0,0,,0,0,0,0,0,0,0,0,0,0,,0,0,0,0,3118500,1.558238606,2.2,29.8978,9.4208,دبداب,33003,1098,6
Bounouh,Tizi Ouzou,Commune,10077,9731,-0.35,9138,12117,46.5,95.7,4249,8745,2,0.15,90,86,4,0,0,0,,0,0,0,0,0,0,0,0,0,0,,0,0,0,0,3186750,1.592341471,2.2,36.4936137,3.9005751,بونوح,15012,1098,41
Zelmata,Mascara,Commune,6062,7379,1.99,10512,13769,39.7,89.4,4173,9398,2,0.15,,,,,0,0,,0,0,0,0,0,0,0,0,0,0,,0,0,0,0,3129750,1.563859957,2.2,35.2266,0.4752,زلماطة,29009,1098,32
Sedjerara,Mascara,Commune,7819,8549,0.9,10039,4285,41.2,90.9,4136,9125,2,0.15,,,,,0,0,,0,0,0,0,0,0,0,0,0,0,,0,0,0,0,3102000,1.549993957,2.2,35.6138,0.3433,سجرارة,29035,1098,32
Stitten,El Bayadh,Commune,4495,6022,2.97,10194,18568,40.9,91.9,4169,9368,2,0.15,,,,,0,0,,0,0,0,0,0,0,0,0,0,0,,0,0,0,0,3126750,1.56236093,2.2,33.6924,1.2222,ستيتين,32003,1098,9
El Kheiter,El Bayadh,Commune,7614,6949,-0.91,5895,,40.9,91.3,4169,9368,2,0.15,,,,,0,0,,0,0,0,0,0,0,0,0,0,0,,0,0,0,0,3126750,1.56236093,2.2,34.216507,0.130425,,,1098,9
Sidi Hosni,Tiaret,Commune,7610,8325,0.9,9786,19830,44.1,76.5,4316,7486,1,0.1,1,1,0,0,0,0,,0,0,0,0,0,0,0,0,0,0,,0,0,0,0,3237000,1.617450174,2.19,35.4697136,1.5114355,سيدي حسني,14023,1114,26
Guigba,Batna,Commune,9708,10225,0.52,11226,11855,37.2,86.4,4176,9699,1,0.1,,,,,0,0,,0,0,0,0,0,0,0,0,0,0,,0,0,0,0,3132000,1.564984227,2.19,35.7407753,5.5352956,قيقبة,5010,1114,46
Taxlent,Batna,Commune,7875,8605,0.89,10094,104388,41.1,92.5,4149,9337,1,0.1,1,1,0,0,0,0,,0,0,0,0,0,0,0,0,0,0,,0,0,0,0,3111750,1.554865795,2.19,35.5635407,5.7388089,تاكسلانت,5038,1114,46
Sidi Djillali,Tlemcen,Commune,5229,6697,2.51,10455,6697,40.8,90.8,4266,9493,1,0.1,,,,,0,0,,0,0,0,0,0,0,0,0,0,0,,0,0,0,0,3199500,1.598712336,2.19,34.4459186,-1.5761732,سيدي الجيلالي,13041,1114,37
Chellal,M'Sila,Commune,4268,5411,2.4,8294,25456,50.1,92.9,4155,7705,1,0.1,1,1,0,0,0,0,,0,0,0,0,0,0,0,0,0,0,,0,0,0,0,3116250,1.557114335,2.19,35.5134267,4.2335024,شلال,28009,1114,35
El Harmilia,Oum El Bouaghi,Commune,7122,8036,1.21,9987,15445,42.5,94.1,4244,9398,1,0.1,1,0,1,0,0,0,,0,0,0,0,0,0,0,0,0,0,,0,0,0,0,3183000,1.590467687,2.19,35.9257478,6.6176749,الحرملية,4029,1114,23
Khoubana,M'Sila,Commune,6848,7950,1.5,10400,39250,41.5,87.6,4316,9110,1,0.1,1,1,0,0,0,0,,0,0,0,0,0,0,0,0,0,0,,0,0,0,0,3237000,1.617450174,2.19,35.3114022,4.3378725,خبانة,28007,1114,35
M'Lili,Biskra,Commune,5151,6497,2.35,9867,10126,42.7,89.6,4213,8841,1,0.1,2,2,0,0,0,0,,0,0,0,0,0,0,0,0,0,0,,0,0,0,0,3159750,1.578850228,2.19,34.5781616,5.4617608,مليلي,7025,1114,29
Bouzina,Batna,Commune,13888,13383,-0.37,12520,17074,36.6,92.7,4582,11606,1,0.1,57,57,0,0,0,0,,0,1,0,1,0,0,0,0,0,0,ALLIANCE,0,0,0,0,3436500,1.717135472,2.18,35.2757765,5.9780111,بوزينة,5035,1122,48
Chettouane Belaila,Sidi Bel Abbès,Commune,4880,5210,0.66,5861,,43.4,91.6,3695,7978.5,1,0.1,,,,,0,0,,0,0,0,0,0,0,0,0,0,0,,0,0,0,0,2771250,1.384726226,2.16,34.954686,-0.826561,,,1123,21
Bir El Hammam,Sidi Bel Abbès,Commune,2169,2668,2.09,3873,,43.4,91.6,3695,7978.5,1,0.1,,,,,0,0,,0,0,0,0,0,0,0,0,0,0,,0,0,0,0,2771250,1.384726226,2.16,34.4187435,-0.5031502,بئر الحمام,22048,1123,21
Marhoum,Sidi Bel Abbès,Commune,4031,5383,2.93,9060,2515,43.3,88.4,3923,8009,1,0.1,,,,,0,0,,0,0,0,0,0,0,0,0,0,0,,0,0,0,0,2942250,1.470170767,2.16,34.4457418,-0.2038049,مرحوم,22010,1123,21
Oued Sebaa,Sidi Bel Abbès,Commune,3863,4301,1.08,5218,,43.4,91.6,3695,7978.5,1,0.1,,,,,0,0,,0,0,0,0,0,0,0,0,0,0,,0,0,0,0,2771250,1.384726226,2.16,34.528135,-0.710793,,,1123,21
Merine,Sidi Bel Abbès,Commune,7110,7705,0.81,8904,18644,41.5,89.5,3695,7969,1,0.1,,,,,0,0,,0,0,0,0,0,0,0,0,0,0,,0,0,0,0,2771250,1.384726226,2.16,34.7805884,-0.4548597,مرين,22022,1123,21
El Assafia,Laghouat,Commune,4389,5618,2.5,8761,2789,42.2,87.2,3697,7640,1,0.1,2,2,0,0,0,0,,0,0,0,0,0,0,0,0,0,0,,0,0,0,0,2772750,1.38547574,2.16,33.8269722,2.9816293,العسافية,3020,1123,15
Sidi Daho des Zairs,Sidi Bel Abbès,Commune,4650,5033,0.79,5804,,43.4,91.6,3695,7978.5,1,0.1,,,,,0,0,,0,0,0,0,0,0,0,0,0,0,,0,0,0,0,2771250,1.384726226,2.16,35.128865,-0.918625,,,1123,21
Guertoufa,Tiaret,Commune,5900,6658,1.22,8276,52753,45.5,93.2,3766,7713,1,0.1,,,,,0,0,,0,0,0,0,0,0,0,0,0,0,,0,0,0,0,2824500,1.411333956,2.16,35.3929502,1.246283,قرطوفة,14022,1123,27
Ferkane,Tébessa,Commune,3537,5370,4.26,11386,11499,35.6,95.8,4053,10908,1,0.1,6,6,0,0,0,0,,0,0,0,0,0,0,0,0,0,0,,0,0,0,0,3039750,1.518889146,2.16,34.557943,7.3995494,فـــــــركـــــان,12028,1123,21
Ouled Gacem,Oum El Bouaghi,Commune,6273,7107,1.26,8897,38656,43.4,94.6,3861,8417,1,0.1,1,0,1,0,0,0,,0,0,0,0,0,0,0,0,0,0,,0,0,0,0,2895750,1.446935848,2.16,36.0328844,6.6594743,أولاد ڨاسم,4028,1123,24
Khedara,Souk Ahras,Commune,7687,8329,0.81,9623,8329,40.7,88.5,3917,8516,1,0.1,,,,,0,0,,0,0,0,0,0,0,0,0,0,0,,0,0,0,0,2937750,1.467922227,2.16,36.221,8.3167,لخضارة,41011,1123,15
M'Tarfa,M'Sila,Commune,7621,8074,0.58,8958,7069,42.3,86.6,3789,7758,1,0.1,1,1,0,0,0,0,,0,0,0,0,0,0,0,0,0,0,,0,0,0,0,2841750,1.419953362,2.16,35.6976,4.618693,,,1123,37
Sidi Bakhti,Tiaret,Commune,6376,7247,1.29,9125,24983,42.3,89.9,3860,8203,1,0.1,,,,,0,0,,0,0,0,0,0,0,0,0,0,0,,0,0,0,0,2895000,1.446561091,2.16,35.2393277,0.9755382,سيدي بختي,14007,1123,27
Redjem Demouche,Sidi Bel Abbès,Commune,2358,2676,1.27,3360,,43.4,91.6,3695,7978.5,1,0.1,,,,,0,0,,0,0,0,0,0,0,0,0,0,0,,0,0,0,0,2771250,1.384726226,2.16,34.4269826,-0.8185673,رجم دموش,22050,1123,21
Azaïls,Tlemcen,Commune,6728,7527,1.13,9212,7527,41.7,89.8,3841,8272,1,0.1,,,,,0,0,,0,0,0,0,0,0,0,0,0,0,,0,0,0,0,2880750,1.439440713,2.16,34.8959541,-1.3150979,العزايل,13021,1123,38
Hassi Dahou,Sidi Bel Abbès,Commune,4644,6043,2.67,9707,,43.4,91.6,3695,7978.5,1,0.1,,,,,0,0,,0,0,0,0,0,0,0,0,0,0,,0,0,0,0,2771250,1.384726226,2.16,35.108878,-0.5963542,حاسي دحو,22052,1123,21
Bouhlou,Tlemcen,Commune,5675,6347,1.13,7763,6347,47.8,92,3711,7142,1,0.1,,,,,0,0,,0,0,0,0,0,0,0,0,0,0,,0,0,0,0,2783250,1.390722334,2.16,34.7787462,-1.5850461,بوحلو,13047,1123,38
Boukhanafis,Sidi Bel Abbès,Commune,9385,10520,1.15,12920,,43.4,91.6,3695,7978.5,1,0.1,,,,,0,0,,0,0,0,0,0,0,0,0,0,0,,0,0,0,0,2771250,1.384726226,2.16,35.046047,-0.7594111,بوخنفيس,22007,1123,21
Aïn Tindamine,Sidi Bel Abbès,Commune,2383,2476,0.38,2653,,43.4,91.6,3695,7978.5,1,0.1,,,,,0,0,,0,0,0,0,0,0,0,0,0,0,,0,0,0,0,2771250,1.384726226,2.16,34.6890805,-0.7245612,عين تندامين,22024,1123,21
Badredine El Mokrani,Sidi Bel Abbès,Commune,5966,6200,0.39,6645,,43.4,91.6,3695,7978.5,1,0.1,,,,,0,0,,0,0,0,0,0,0,0,0,0,0,,0,0,0,0,2771250,1.384726226,2.16,35.0098106,-0.8547677,بدر الدين المقراني,22009,1123,21
Ben Allal,Aïn Defla,Commune,7979,9068,1.29,11416,9068,39.6,94.9,4521,10834,2.5,0.175,,,,,0,0,,0,1,1,0,0,0,0,0,0,0,SAA,0,0,0,0,3390750,1.694275309,2.15,36.2465,2.1588,بن علال,44025,1143,29
Igli,Béchar,Commune,5474,6682,2.01,9567,6317,41.8,96.1,3999,9194,0.5,0.05,,,,,0,0,,0,0,0,0,0,0,0,0,0,0,,0,0,0,0,2999250,1.498652281,2.14,30.452849,-2.3000801,إقلي,8011,1144,6
Oued Djer,Blida,Commune,5373,6543,1.99,9328,51203,43.1,94.1,4020,8778,4,0.25,4,4,0,0,0,0,,0,0,0,0,0,0,0,0,0,0,,0,0,0,0,3015000,1.506522173,2.13,36.4223526,2.4657911,واد جر,9022,1145,19
Tessala,Sidi Bel Abbès,Commune,6711,7499,1.12,9158,10371,42.7,92.6,3910,8480,4,0.25,31,4,25,2,0,0,,0,0,0,0,0,0,0,0,0,0,,0,0,0,0,2932500,1.465298929,2.13,35.2714294,-0.8558205,تسالة,22002,1145,32
Si Mahdjoub,Médéa,Commune,7596,8397,1.01,10058,8035,42.3,95.2,4255,9575,0,0,3,0,3,0,0,0,,0,1,1,0,0,0,0,0,0,0,SAA,0,0,0,0,3191250,1.594590011,2.08,36.1691158,2.7172917,سى المحجوب,26044,1147,33
Tamest,Adrar,Commune,6658,8266,2.19,12201,8266,35.7,93.1,4356,11359,0,0,1,1,0,0,0,0,,0,0,0,0,0,0,0,0,0,0,,0,0,0,0,3267000,1.632440444,2.06,27.4257197,-0.2807673,تأماست,1002,1148,23
Chetaïbi,Annaba,Commune,7583,8035,0.58,8918,2699,45.1,89.3,4022,7964,2,0.15,,,,,0,0,,0,0,0,0,0,0,0,0,0,0,,0,0,0,0,3016500,1.507271686,2.06,37.0130857,7.3259042,شطايبي,23010,1148,10
El Guelb El Kebir,Médéa,Commune,14663,12782,-1.36,9983,1264,38.5,89.7,3843,8955,2,0.15,6,0,6,0,0,0,,0,0,0,0,0,0,0,0,0,0,,0,0,0,0,2882250,1.440190227,2.06,36.255641,3.416852,,,1148,34
Iferhounène,Tizi Ouzou,Commune,14535,12460,-1.53,9443,29376,42.9,92.9,4051,8773,2,0.15,20,18,2,0,0,0,,0,0,0,0,0,0,0,0,0,0,,0,0,0,0,3038250,1.518139632,2.06,36.5212265,4.3082031,إيفرحونن,15017,1148,42
Mocta Douz,Mascara,Commune,8624,9105,0.54,10039,3619,40.2,84.9,4036,8523,2,0.15,,,,,0,0,,0,0,0,0,0,0,0,0,0,0,,0,0,0,0,3027000,1.512518281,2.06,35.605972,-0.045659,,,1148,35
Bou Aiche,Médéa,Commune,8635,8873,0.27,9318,4403,41.7,83.1,3886,7743,2,0.15,,,,,0,0,,0,0,0,0,0,0,0,0,0,0,,0,0,0,0,2914500,1.456304767,2.06,35.553813,2.358512,,,1148,34
Souamaâ,Tizi Ouzou,Commune,10932,9954,-0.93,8409,23388,46.1,93,4058,8187,2,0.15,23,14,9,0,0,0,,0,0,0,0,0,0,0,0,0,0,,0,0,0,0,3043500,1.52076293,2.06,36.6699749,4.2847082,صوامع,15005,1148,42
Benyahia Abderrahmane,Mila,Commune,10222,10052,-0.17,9753,10052,41.3,89.3,4028,8709,2,0.15,2,0,1,1,0,0,,0,0,0,0,0,0,0,0,0,0,,0,0,0,0,3021000,1.509520227,2.06,36.17,6.0123,بن يحيى عبد الرحمان,43009,1148,29
Souamaa,M'Sila,Commune,6424,7189,1.13,8803,23388,46.1,93,4058,8187,2,0.15,23,14,9,0,0,0,,0,0,0,0,0,0,0,0,0,0,,0,0,0,0,3043500,1.52076293,2.06,36.6699749,4.2847082,صوامع,15005,1148,38
Derradji Bousselah,Mila,Commune,10417,10013,-0.39,9325,10013,41.1,92,3833,8579,2,0.15,1,0,1,0,0,0,,0,0,0,0,0,0,0,0,0,0,,0,0,0,0,2874750,1.436442659,2.06,36.2764,5.9573,دراحي بوصلاح,43020,1148,29
Seraïdi,Annaba,Commune,7193,7626,0.59,8472,7152,47.7,94.2,4041,7981,2,0.15,15,5,10,0,0,0,,0,0,0,0,0,0,0,0,0,0,,0,0,0,0,3030750,1.514392065,2.06,36.9465799,7.5518106,سرايدي,23008,1148,10
Aïn Laloui,Bouira,Commune,5893,6738,1.35,8576,10767,43.4,90.1,3722,7727,2,0.15,5,5,0,0,0,0,,0,0,0,0,0,0,0,0,0,0,,0,0,0,0,2791500,1.394844659,2.06,36.3067411,3.6860828,عين العلوي,10041,1148,33
Douar El Ma,El Oued,Commune,3527,5543,4.62,12507,7999,37.3,83.2,4665,10406,0,0,,,,,0,0,,0,0,0,0,0,0,0,0,0,0,,0,0,0,0,3498750,1.748240283,2.06,33.1962,7.3746,دوار الماء,39015,1148,26
Aïn Larbi,Guelma,Commune,7756,7604,-0.2,7338,14043,51.9,91.9,3808,6744,2,0.15,1,1,0,0,0,0,,0,0,0,0,0,0,0,0,0,0,,0,0,0,0,2856000,1.42707374,2.06,36.4569088,7.4334312,عين العربى,24023,1148,22
Touahria,Mostaganem,Commune,6674,7593,1.3,9578,12923,39.7,88.7,3802,8496,2,0.15,4,3,1,0,0,0,,0,0,0,0,0,0,0,0,0,0,,0,0,0,0,2851500,1.424825199,2.06,35.8109224,0.2054358,طواھيرية,27031,1148,29
Aït Oumalou,Tizi Ouzou,Commune,9233,8790,-0.49,8045,3832,48.5,97,3902,7804,2,0.15,12,11,1,0,0,0,,0,0,0,0,0,0,0,0,0,0,,0,0,0,0,2926500,1.462300875,2.06,36.6546349,4.1929358,آيت أومالو,15042,1148,42
Bouchtata,Skikda,Commune,9126,9219,0.1,9389,9219,42.3,93.8,3972,8807,2,0.15,,,,,0,0,,0,0,0,0,0,0,0,0,0,0,,0,0,0,0,2979000,1.488533848,2.06,36.7833322,6.7912452,بوشطاطة,21034,1148,35
El Azizia,Médéa,Commune,7905,8432,0.65,9471,15978,41.2,91.8,3902,8694,2,0.15,5,5,0,0,0,0,,0,0,0,0,0,0,0,0,0,0,,0,0,0,0,2926500,1.462300875,2.06,36.3151797,3.4549421,العزيزية,26036,1148,34
Treat,Annaba,Commune,5089,6076,1.79,8360,17649,46.4,96,3879,8026,2,0.15,,,,,0,0,,0,0,0,0,0,0,0,0,0,0,,0,0,0,0,2909250,1.45368147,2.06,36.933511,7.3342297,التريعات,23012,1148,10
Tella,Sétif,Commune,6826,7562,1.03,9093,23101,43.8,92.4,3983,8402,2,0.15,29,26,3,0,0,0,,0,0,0,0,0,0,0,0,0,0,,0,0,0,0,2987250,1.492656173,2.06,35.9637883,5.6440518,التلة,19060,1148,48
Oum El Assel,Tindouf,Commune,1794,3183,5.9,8934,,48.7,,4351,,,,,,,,0,0,,0,0,0,0,0,0,0,0,0,0,,0,0,0,0,3263250,1.63056666,2.06,28.2983,-6.5341,أم العسل,37002,1148,2
Ksour,Bordj Bou Arreridj,Commune,12540,11814,-0.59,10611,9570,34.9,94.7,3703,10049,2,0.15,11,8,2,1,0,0,,0,0,0,0,0,0,0,0,0,0,,0,0,0,0,2777250,1.38772428,2.06,35.9269,4.5978,القصور,34022,1148,26
Toudja,Béjaïa,Commune,10659,9827,-0.81,8490,15989,44,96,3736,8150,2,0.15,43,30,13,0,0,0,,0,0,0,0,0,0,0,0,0,0,,0,0,0,0,2802000,1.400091253,2.06,36.7862498,4.7209914,توجة,6019,1148,32
Beni Chebana,Sétif,Commune,15534,13174,-1.63,9793,16770,38.6,94.4,3780,9245,2,0.15,5,0,5,0,0,0,,0,0,0,0,0,0,0,0,0,0,,0,0,0,0,2835000,1.416580551,2.06,36.4681034,4.8420284,بني شبانة,19009,1148,48
El Gor,Tlemcen,Commune,7754,8539,0.97,10158,8539,42.5,89.6,4317,9102,1,0.1,,,,,0,0,,0,1,1,0,0,0,0,0,0,0,SAA,0,0,0,0,3237750,1.617824931,1.99,34.6356392,-1.1625071,الغور,13010,1172,40
Timiaouine,Adrar,Commune,4206,4493,0.66,5060,4406,48.2,95.3,2439,4822,0,0,2,1,1,0,0,0,,0,0,0,0,0,0,0,0,0,0,,0,0,0,0,1829250,0.914031736,1.98,20.4372,1.8105,تيمياوين,1028,1173,24
Hammam Melouane,Blida,Commune,4551,6076,2.93,10222,64978,41.7,92.3,4263,9435,3,0.2,1,1,0,0,0,0,,0,1,1,0,0,0,0,0,0,0,SAA,0,0,0,0,3197250,1.597588065,1.97,36.436102,2.8604689,حمام ملوان,9012,1174,20
Taourga,Boumerdès,Commune,7303,7882,0.77,9042,30573,46.3,92.3,4186,8346,4,0.25,60,6,43,11,0,0,,0,2,2,0,0,0,0,0,0,0,SAA,0,0,0,0,3139500,1.568731795,1.97,36.7312,3.9468,تورقة,35025,1174,28
Metarfa,Adrar,Commune,7061,8438,1.8,11628,8438,33.8,94.2,3930,10954,1,0.1,4,4,0,0,0,0,,0,1,1,0,0,0,0,0,0,0,SAA,0,0,0,0,2947500,1.472794065,1.97,28.5978205,-0.1587011,المطارفة,1020,1174,25
Beni Milleuk,Tipaza,Commune,6890,8045,1.56,10634,16384,39.7,89.5,4222,9517,4,0.25,,,,,0,0,,0,1,0,0,0,1,0,0,0,0,CAAR,0,0,0,0,3166500,1.582223038,1.97,36.3538,1.7496,بني ميلك,42041,1174,24
Sidi Ameur,El Bayadh,Commune,2685,3634,3.07,6266,7800,38.4,83.6,2406,5238,2,0.15,,,,,0,0,,0,0,0,0,0,0,0,0,0,0,,0,0,0,0,1804500,0.901664763,1.93,35.3659746,3.6834134,سيدي عامر,28022,1178,14
Haraza,Bordj Bou Arreridj,Commune,5707,5569,-0.24,5329,10614,45.7,89.8,2435,4785,2,0.15,5,4,1,0,0,0,,0,0,0,0,0,0,0,0,0,0,,0,0,0,0,1826250,0.912532709,1.93,36.0913,4.2242,الحرازة,34034,1178,27
Mekla,Tizi Ouzou,Commune,26315,24237,-0.82,20901,14311,48.1,95.3,10053,19919,2,0.15,95,72,22,1,0,0,,1,0,0,0,0,0,0,0,0,0,,1,1,1,0,7539750,0.753485941,1.91,36.6754811,4.1969679,مقلع,15050,1180,45
Sidi Maarouf,Jijel,Commune,19314,21662,1.15,26631,21662,39.8,94.4,10599,25140,2,0.15,9,9,0,0,0,0,,1,0,0,0,0,0,0,0,0,0,,1,1,1,0,7949250,0.794409379,1.91,36.6373452,6.2617134,سيدي معروف,18010,1180,24
Alaïmia,Mascara,Commune,6750,7512,1.08,9107,10043,44.1,87,4016,7923,2,0.15,1,0,1,0,0,0,,0,1,1,0,0,0,0,0,0,0,SAA,0,0,0,0,3012000,1.505023146,1.9,35.6115,-0.2197,العلايمية,29028,1182,36
Ighram,Béjaïa,Commune,13711,12387,-1.01,10318,11825,38.4,94.4,3962,9740,2,0.15,6,2,4,0,0,0,,0,2,1,1,0,0,0,0,0,0,SAA|ALLIANCE,0,0,0,0,2971500,1.484786281,1.9,36.4765457,4.3924687,إغرم,6015,1182,33
Boufarik,Blida,Commune,60190,71446,1.73,97273,35910,44.3,93.6,43092,91048,4,0.25,348,272,69,7,0,0,,1,8,1,2,1,0,1,0,2,1,SAA|ALLIANCE|AXA|CAAT|CIAR|TRUST,1,1,6,0,32319000,3.229803656,1.89,36.5739581,2.8478167,بوفاريك,9020,1184,21
Ben Djerrah,Guelma,Commune,4202,6553,4.54,14582,9122,45.5,95.4,6635,13911,4,0.25,4,4,0,0,0,0,,1,0,0,0,0,0,0,0,0,0,,1,1,0,0,4976250,0.49730222,1.89,36.397011,7.358542,,,1184,23
Hamraia,El Oued,Commune,3938,5172,2.76,8448,8257,47.1,91.7,3979,7747,0,0,1,1,0,0,0,0,,0,0,0,0,0,0,0,0,0,0,,0,0,0,0,2984250,1.491157146,1.86,34.047,6.2292,الحمراية,39009,1186,27
Draâ Ben Khedda,Tizi Ouzou,Commune,28376,31382,1.01,37618,15479,52.1,92.1,19599,34646,2,0.15,506,482,23,1,0,0,,1,1,0,0,0,1,0,0,0,0,CAAR,1,1,2,0,14699250,1.468971546,1.82,36.7218395,3.9216358,ذراع بن خدة,15047,1187,46
Amizour,Béjaïa,Commune,34217,37562,0.94,44428,37562,43.9,95.4,19504,42384,2,0.15,276,245,30,1,0,0,,1,1,0,1,0,0,0,0,0,0,ALLIANCE,1,1,2,0,14628000,1.461851167,1.82,36.6429158,4.8679708,اميزور,6002,1187,34
Benzouh,M'Sila,Commune,4197,5636,2.99,9581,5348,37.7,80.8,3612,7741,1,0.1,,,,,0,0,,0,0,0,0,0,0,0,0,0,0,,0,0,0,0,2709000,1.353621415,1.8,35.4561038,3.9870825,بن الزوه,28035,1189,39
Cheniguel,Médéa,Commune,5734,6866,1.82,9496,5999,37.4,89,3552,8451,1,0.1,4,2,2,0,0,0,,0,0,0,0,0,0,0,0,0,0,,0,0,0,0,2664000,1.33113601,1.8,35.9572465,3.4658406,شنيڨل,26040,1189,37
Bir Bou Haouch,Souk Ahras,Commune,5552,6380,1.4,8194,6380,44.1,93,3614,7620,1,0.1,,,,,0,0,,0,0,0,0,0,0,0,0,0,0,,0,0,0,0,2710500,1.354370929,1.8,36.033507,7.442006,,,1189,16
Ouled Madhi,M'Sila,Commune,6525,7069,0.8,8165,27404,43.8,86.1,3576,7030,1,0.1,3,3,0,0,0,0,,0,0,0,0,0,0,0,0,0,0,,0,0,0,0,2682000,1.340130172,1.8,35.524776,4.4095411,أولاد مـاضي,28010,1189,39
Sidi Medjahed,Tlemcen,Commune,6431,7164,1.09,8700,7164,40.3,90.6,3506,7882,1,0.1,,,,,0,0,,0,0,0,0,0,0,0,0,0,0,,0,0,0,0,2629500,1.313897199,1.8,34.77568,-1.6426706,سيدي مجاهد,13037,1189,41
Tabia,Sidi Bel Abbès,Commune,4886,5761,1.66,7750,7705,44.9,92.3,3480,7153,1,0.1,,,,,0,0,,0,0,0,0,0,0,0,0,0,0,,0,0,0,0,2610000,1.304153523,1.8,35.0181729,-0.7786567,طابية,22021,1189,33
Mezaourou,Sidi Bel Abbès,Commune,6658,6870,0.31,7269,10520,46,91.7,3344,6666,1,0.1,,,,,0,0,,0,0,0,0,0,0,0,0,0,0,,0,0,0,0,2508000,1.253186604,1.8,34.834391,-0.795146,مزاورو,22006,1189,33
Aïn Fetah,Tlemcen,Commune,7005,7352,0.48,8020,7352,43.4,93,3481,7459,1,0.1,,,,,0,0,,0,0,0,0,0,0,0,0,0,0,,0,0,0,0,2610750,1.30452828,1.8,36.0036103,0.3170785,عين فتاح,13031,1189,41
Guettara,Djelfa,Commune,11151,9926,-1.16,8050,19471,44.7,51.1,3598,4114,1,0.1,,,,,0,0,,0,0,0,0,0,0,0,0,0,0,,0,0,0,0,2698500,1.34837482,1.8,33.1614178,4.6788776,قتارة,17018,1189,31
Aïn Zarit,Tiaret,Commune,7673,8139,0.59,9050,13107,39.6,89.7,3584,8118,1,0.1,2,0,2,0,0,0,,0,0,0,0,0,0,0,0,0,0,,0,0,0,0,2688000,1.343128226,1.8,35.351973,1.6572618,عين زاريت,14005,1189,29
Seggana,Batna,Commune,4673,5769,2.13,8430,20288,43.1,91,3633,7671,1,0.1,3,3,0,0,0,0,,0,0,0,0,0,0,0,0,0,0,,0,0,0,0,2724750,1.361491307,1.8,35.3380358,5.4071512,سقانة,5029,1189,49
Naima,Tiaret,Commune,7569,7569,0,7569,54162,44.6,91.2,3376,6903,1,0.1,,,,,0,0,,0,0,0,0,0,0,0,0,0,0,,0,0,0,0,2532000,1.26517882,1.8,35.092594,1.4729726,نعيمة,14020,1189,29
Faidja,Tiaret,Commune,5590,6794,1.97,9652,19282,37.7,93.9,3639,9063,1,0.1,,,,,0,0,,0,0,0,0,0,0,0,0,0,0,,0,0,0,0,2729250,1.363739848,1.8,35.3599899,1.3916159,الفايجة,14041,1189,29
Kimmel,Batna,Commune,3014,4355,3.75,8447,6800,41.2,93.2,3480,7873,1,0.1,5,5,0,0,0,0,,0,0,0,0,0,0,0,0,0,0,,0,0,0,0,2610000,1.304153523,1.8,34.9992137,6.2208802,كيمل,5017,1189,49
Mekhadma,Biskra,Commune,4317,5425,2.31,8184,14540,39.9,92.4,3265,7562,1,0.1,,,,,0,0,,0,0,0,0,0,0,0,0,0,0,,0,0,0,0,2448750,1.22358082,1.8,34.5636943,5.3092183,مخادمة,7030,1189,30
Djebilet Rosfa,Tiaret,Commune,3929,4930,2.3,7418,12421,47,80.6,3486,5979,1,0.1,,,,,0,0,,0,0,0,0,0,0,0,0,0,0,,0,0,0,0,2614500,1.306402063,1.8,34.846407,0.7943,,,1189,29
Freha,Tizi Ouzou,Commune,21997,24228,0.97,28829,28996,45.8,95.2,13204,27445,2,0.15,469,185,282,2,0,0,,1,1,0,1,0,0,0,0,0,0,ALLIANCE,1,1,1,0,9903000,0.98965765,1.79,36.7609641,4.1820964,فريحة,15004,1205,47
Moussadek,Chlef,Commune,5496,6380,1.5,8345,6380,40.9,89.9,3413,7502,4,0.25,,,,,0,0,,0,0,0,0,0,0,0,0,0,0,,0,0,0,0,2559750,1.27904482,1.77,36.3521334,1.0004317,مصدق,2026,1206,33
Oued Djemaa,Aïn Defla,Commune,9891,9555,-0.35,8979,13416,38.9,93.7,3493,8413,2.5,0.175,,,,,0,0,,0,0,0,0,0,0,0,0,0,0,,0,0,0,0,2619750,1.309025361,1.77,35.7354,0.6839,وادى جمعة,44015,1206,30
Larhat,Tipaza,Commune,6736,7359,0.89,8629,20427,41.9,91,3616,7852,4,0.25,38,12,26,0,0,0,,0,0,0,0,0,0,0,0,0,0,,0,0,0,0,2712000,1.355120442,1.77,36.4953,1.8018,الأرهاط,42003,1206,25
Bouinan,Blida,Commune,24871,31070,2.25,46378,87131,43.6,94.5,20221,43827,4,0.25,263,229,30,4,0,0,,2,1,0,0,0,0,0,0,1,0,CIAR,1,2,3,0,15165750,1.515591287,1.75,36.5154839,2.9218243,بوعينان,9003,1209,22
Baghlia,Boumerdès,Commune,15854,18052,1.31,22805,33459,43.4,90.4,9897,20616,2,0.15,99,20,78,1,0,0,,1,0,0,0,0,0,0,0,0,0,,1,1,1,0,7422750,0.74179353,1.73,36.7532,3.8617,بغلية,35006,1210,29
Illilten,Tizi Ouzou,Commune,10347,9142,-1.23,7316,16847,43.8,92.3,3204,6753,2,0.15,7,6,1,0,0,0,,0,3,3,0,0,0,0,0,0,0,SAA,0,0,0,0,2403000,1.200720657,1.71,36.5107269,4.3705193,إليلتن,15033,1211,48
Khalouia,Mascara,Commune,4984,6159,2.14,9015,1747,40.4,85.2,3642,7681,2,0.15,,,,,0,0,,0,0,0,0,0,0,0,0,0,0,,0,0,0,0,2731500,1.364864118,1.7,35.3991,0.2966,خلوية,29020,1212,37
Nesmoth,Mascara,Commune,4414,5527,2.27,8285,59671,41.2,89.4,3413,7407,2,0.15,,,,,0,0,,0,0,0,0,0,0,0,0,0,0,,0,0,0,0,2559750,1.27904482,1.7,35.254467,0.378734,,,1212,37
Dehamcha,Sétif,Commune,9709,9141,-0.6,8201,155038,39.9,93.3,3272,7652,2,0.15,4,4,0,0,0,0,,0,0,0,0,0,0,0,0,0,0,,0,0,0,0,2454000,1.226204117,1.7,36.3786819,5.5425141,الدهامشة,19015,1212,50
Aouf,Mascara,Commune,7326,7887,0.74,9007,7512,38.7,84.8,3486,7638,2,0.15,,,,,0,0,,0,0,0,0,0,0,0,0,0,0,,0,0,0,0,2614500,1.306402063,1.7,35.0334,0.3571,عوف,29023,1212,37
Bouraoui Belhadef,Jijel,Commune,10965,10336,-0.59,9293,20401,37.9,93.2,3522,8661,2,0.15,14,14,0,0,0,0,,0,0,0,0,0,0,0,0,0,0,,0,0,0,0,2641500,1.319893307,1.7,36.6979904,6.0968648,بوراوي بلهادف,18016,1212,25
Guelaat Bou Sbaa,Guelma,Commune,4874,5635,1.46,7317,9752,49.6,95.2,3629,6966,2,0.15,1,1,0,0,0,0,,0,0,0,0,0,0,0,0,0,0,,0,0,0,0,2721750,1.35999228,1.7,36.5487411,7.4658322,قلعة بوصبع,24018,1212,24
Medjez Sfa,Guelma,Commune,7561,7707,0.19,7977,31743,42.1,90.9,3358,7251,2,0.15,1,1,0,0,0,0,,0,0,0,0,0,0,0,0,0,0,,0,0,0,0,2518500,1.258433198,1.7,36.4343861,7.7743936,مجاز الصفاء,24030,1212,24
El Khabouzia,Bouira,Commune,5552,6132,1,7333,9260,49.2,93.2,3608,6834,2,0.15,,,,,0,0,,0,0,0,0,0,0,0,0,0,0,,0,0,0,0,2706000,1.352122388,1.7,36.309078,3.597168,,,1212,34
Ouled Saïd,Adrar,Commune,7538,8219,0.87,9604,8219,35.8,95,3438,9124,2,0.15,,,,,0,0,,0,0,0,0,0,0,0,0,0,0,,0,0,0,0,2578500,1.288413739,1.7,29.4217292,0.2254341,أولاد سعيد,1010,1212,26
Bordj Zemoura,Bordj Bou Arreridj,Commune,11726,10296,-1.29,8147,11641,40.9,92.5,3332,7536,2,0.15,18,16,2,0,0,0,,0,0,0,0,0,0,0,0,0,0,,0,0,0,0,2499000,1.248689522,1.7,36.2288,4.856,برج زمورة,34003,1212,28
Boussemghoun,El Bayadh,Commune,2480,3795,4.35,8162,5565,41,89.4,3346,7297,2,0.15,,,,,0,0,,0,0,0,0,0,0,0,0,0,0,,0,0,0,0,2509500,1.253936117,1.7,32.7965,0.0192,بوسمغون,32013,1212,15
Still,El Oued,Commune,3545,4978,3.45,9172,11069,39.7,90.7,3641,8319,2,0.15,5,5,0,0,0,0,,0,0,0,0,0,0,0,0,0,0,,0,0,0,0,2730750,1.364489361,1.7,34.1948,5.9134,سطيل,39021,1212,28
Amalou,Béjaïa,Commune,9116,8602,-0.58,7749,9827,44.7,94.1,3464,7292,2,0.15,5,5,0,0,0,0,,0,0,0,0,0,0,0,0,0,0,,0,0,0,0,2598000,1.298157415,1.7,36.4780606,4.5674507,امالو,6016,1212,35
Tifra,Béjaïa,Commune,8547,8400,-0.17,8142,9526,41.9,94.9,3411,7727,2,0.15,6,4,2,0,0,0,,0,0,0,0,0,0,0,0,0,0,,0,0,0,0,2558250,1.278295306,1.7,36.6626768,4.6505501,تيفرة,6014,1212,35
Aïn Boudinar,Mostaganem,Commune,5241,6060,1.46,7870,7593,43,85.6,3384,6737,2,0.15,2,2,0,0,0,0,,0,0,0,0,0,0,0,0,0,0,,0,0,0,0,2538000,1.268176874,1.7,36.0091691,0.1825405,عين بودينار,27028,1212,30
Ouled Mansour,M'Sila,Commune,4896,5731,1.59,7609,7058,43,88.9,3272,6764,2,0.15,2,2,0,0,0,0,,0,0,0,0,0,0,0,0,0,0,,0,0,0,0,2454000,1.226204117,1.7,35.7319531,4.2625131,أولاد منصور,28028,1212,41
Sidi Lantri,Tissemsilt,Commune,4945,6053,2.04,8710,9621,40.7,82.2,3545,7160,2,0.15,,,,,0,0,,0,0,0,0,0,0,0,0,0,0,,0,0,0,0,2658750,1.328512712,1.7,35.6383,1.4035,سيدي العنترى,38008,1212,11
Beni Mouhli,Sétif,Commune,8678,8521,-0.18,8246,11220,43.9,94.1,3620,7759,2,0.15,7,3,4,0,0,0,,0,0,0,0,0,0,0,0,0,0,,0,0,0,0,2715000,1.356619469,1.7,36.5137668,4.858188,إيث موحلي,19046,1212,50
Oued Fragha,Guelma,Commune,6636,7152,0.75,8184,10382,41,94.1,3355,7701,2,0.15,1,1,0,0,0,0,,0,0,0,0,0,0,0,0,0,0,,0,0,0,0,2516250,1.257308928,1.7,36.5567569,7.7080895,وادي فراغة,24006,1212,24
El Ouata,Béchar,Commune,7014,7343,0.46,7975,635,40.8,96.2,3254,7672,0.5,0.05,,,,,0,0,,0,1,1,0,0,0,0,0,0,0,SAA,0,0,0,0,2440500,1.219458495,1.69,29.854111,-1.8650158,الوطى,8014,1231,7
Khemis Miliana,Aïn Defla,Commune,74349,84574,1.3,106652,84574,45.5,93.8,48527,100040,4,0.25,32,15,17,0,0,0,,1,6,0,3,0,1,0,0,2,0,ALLIANCE|CAAR|CIAR,1,1,7,0,36395250,3.637164253,1.69,36.1955,2.2,خميس مليانة,44004,1231,31
Idles,Tamanrasset,Commune,3791,4945,2.69,7978,5736,40.7,81.6,3247,6510,0,0,5,5,0,0,0,0,,0,0,0,0,0,0,0,0,0,0,,0,0,0,0,2435250,1.216835198,1.67,23.8174829,5.9250425,إدلس,11005,1233,8
Aghlal,Aïn Témouchent,Commune,6841,6899,0.08,7005,6899,43.6,89.3,3054,6255,2,0.15,,,,,0,0,,0,3,3,0,0,0,0,0,0,0,SAA,0,0,0,0,2290500,1.144507143,1.59,35.1356,-1.0684,أغلال,46007,1234,22
Ain Zaatout,Biskra,Commune,4000,3693,-0.8,3199,7444,38.3,89.6,1225,2866,1,0.1,1,0,1,0,0,0,,0,3,3,0,0,0,0,0,0,0,SAA,0,0,0,0,918750,0.45907703,1.59,35.1705188,5.7860157,عين زعطوط,7018,1234,31
Aïn Reggada,Guelma,Commune,7289,7688,0.53,8462,36998,42.1,94.5,3563,7997,2,0.15,,,,,0,0,,0,1,1,0,0,0,0,0,0,0,SAA,0,0,0,0,2672250,1.335258334,1.54,36.2606161,7.0637584,عين رقادة,24032,1236,27
Abdelmalek Ramdane,Mostaganem,Commune,12577,13607,0.79,15678,34789,39.9,90,6256,14110,2,0.15,,,,,0,0,,0,5,5,0,0,0,0,0,0,0,SAA,0,0,1,0,4692000,2.344478287,1.54,36.1034611,0.2672312,عبد المالك رمضان,27013,1236,31
Ighil Ali,Béjaïa,Commune,10546,9526,-1.01,7932,14146,42.9,96.1,3403,7623,2,0.15,3,1,2,0,0,0,,0,2,2,0,0,0,0,0,0,0,SAA,0,0,0,0,2552250,1.275297252,1.54,36.2905404,4.4345472,إغيل على,6017,1236,37
Chahna,Jijel,Commune,9453,8781,-0.73,7689,8522,44.9,93.2,3452,7166,2,0.15,29,29,0,0,0,0,,0,1,1,0,0,0,0,0,0,0,SAA,0,0,0,0,2589000,1.293660334,1.54,36.6772642,5.9446441,الشحنة,18008,1236,26
Bouzegza Keddara,Boumerdès,Commune,8484,8511,0.03,8560,14209,42.3,92.1,3621,7884,4,0.25,1,0,1,0,0,0,,0,2,2,0,0,0,0,0,0,0,SAA,0,0,0,0,2715750,1.356994226,1.48,36.5615,3.4799,بوزقزة قدارة,35022,1240,30
Ammal,Boumerdès,Commune,8567,8505,-0.07,8395,10885,41.8,90.7,3509,7614,4,0.25,,,,,0,0,,0,2,2,0,0,0,0,0,0,0,SAA,0,0,0,0,2631750,1.315021469,1.48,36.5725,3.5898,عمال,35029,1240,30
Aghbal,Tipaza,Commune,6606,7122,0.75,8154,19916,43.4,93.3,3539,7608,4,0.25,,,,,0,0,,0,1,1,0,0,0,0,0,0,0,SAA,0,0,0,0,2654250,1.326264172,1.48,36.502841,1.845885,,,1240,26
Hassi Ben Abdellah,Ouargla,Commune,3693,4950,2.97,8387,13751,41.9,94.6,3514,7934,0,0,,,,,0,0,,0,0,0,0,0,0,0,0,0,0,,0,0,0,0,2635500,1.316895253,1.47,31.9603,5.4684,حاسي بن عبد ﷲ,30012,1243,18
El Borma,Ouargla,Commune,1997,3205,4.84,7510,40367,45.8,86.4,3440,6489,0,0,2,0,2,0,0,0,,0,0,0,0,0,0,0,0,0,0,,0,0,0,0,2580000,1.289163252,1.47,31.5891,9.1791,البرمة,30021,1243,18
In Amguel,Tamanrasset,Commune,3030,4208,3.34,7600,65453,43.5,94.9,3306,7212,0,0,,,,,0,0,,0,0,0,0,0,0,0,0,0,0,,0,0,0,0,2479500,1.238945847,1.47,24.9098562,1.2189579,ان أمقل,11009,1243,9
Oued El Alenda,El Oued,Commune,5839,6830,1.58,9057,25158,39.9,90,3614,8151,0,0,2,2,0,0,0,0,,0,0,0,0,0,0,0,0,0,0,,0,0,0,0,2710500,1.354370929,1.47,33.164,6.7566,وادى العلندة,39003,1243,29
El Allia,Ouargla,Commune,6530,7509,1.41,9656,10076,36.8,88.4,3553,8536,0,0,,,,,0,0,,0,0,0,0,0,0,0,0,0,0,,0,0,0,0,2664750,1.331510766,1.47,32.6313,5.4245,العالية,30020,1243,18
Aghribs,Tizi Ouzou,Commune,13408,12474,-0.72,10954,,46.5,94.4,6453,12516.5,2,0.15,,,,,0,0,,1,4,4,0,0,0,0,0,0,0,SAA,1,1,0,0,4839750,0.483661074,1.46,36.804531,4.323095,,,1248,49
Aïn Ben Beida,Guelma,Commune,8269,9492,1.39,12167,7604,49.3,92,5998,11194,2,0.15,1,1,0,0,0,0,,0,7,7,0,0,0,0,0,0,0,SAA,0,0,0,0,4498500,2.247791043,1.38,36.6166662,7.6912452,عين بن بيضاء,24014,1249,28
Beni Aziz,Sétif,Commune,17913,19383,0.79,22340,24995,41.7,88.3,9316,19726,2,0.15,195,190,3,2,0,0,,1,0,0,0,0,0,0,0,0,0,,1,1,1,0,6987000,0.698246794,1.35,36.4732335,5.5735848,بني عزيز,19003,1250,52
Souk El Ténine,Béjaïa,Commune,11762,14045,1.79,19328,9692,43.1,93.8,8330,18130,2,0.15,108,94,14,0,0,0,,1,0,0,0,0,0,0,0,0,0,,1,1,1,0,6247500,0.624344761,1.35,36.625189,5.336552,,,1250,38
Tizi Rached,Tizi Ouzou,Commune,16861,17161,0.18,17715,17690,49.8,93.8,8822,16617,2,0.15,308,284,10,14,0,0,,1,0,0,0,0,0,0,0,0,0,,1,1,1,0,6616500,0.661220826,1.35,36.6869348,4.1508398,تيزي راشد,15022,1250,50
Aïn Nehala,Tlemcen,Commune,6432,6704,0.42,7223,6704,44.9,92.1,3243,6652,1,0.1,,,,,0,0,,0,1,1,0,0,0,0,0,0,0,SAA,0,0,0,0,2432250,1.215336171,1.31,35.0273782,-0.9359407,عين نحالة,13025,1253,43
Souk El Khemis,Bouira,Commune,8039,8003,-0.04,7939,14430,40.2,92.5,3191,7344,2,0.15,38,38,0,0,0,0,,0,0,0,0,0,0,0,0,0,0,,0,0,0,0,2393250,1.195848819,1.3,36.3941664,3.5550187,سوق الخميس,10004,1254,35
Sidi Fredj,Souk Ahras,Commune,7949,7497,-0.58,6747,7497,45.1,80.6,3043,5438,4,0.25,1,1,0,0,0,0,,0,0,0,0,0,0,0,0,0,0,,0,0,0,0,2282250,1.140384819,1.27,36.0902,8.1958,سيدي فرج,41020,1255,17
Tichy,Béjaïa,Commune,14350,16546,1.43,21380,,42,94.3,5427,13043,2,0.15,,,,,0,0,,1,1,0,0,0,0,0,0,1,0,CIAR,1,1,1,0,4070250,0.406760987,1.25,36.668951,5.157488,,,1256,39
Djebabra,Blida,Commune,2444,3403,3.37,6175,22327,42.3,94,2612,5804,4,0.25,,,,,0,0,,0,0,0,0,0,0,0,0,0,0,,0,0,0,0,1959000,0.978864656,1.24,36.5803885,3.2252592,جبابرة,9029,1257,23
Oued Morra,Laghouat,Commune,4748,5700,1.84,7920,5191,40.2,87.9,3184,6962,1,0.1,,,,,0,0,,0,0,0,0,0,0,0,0,0,0,,0,0,0,0,2388000,1.193225522,1.24,34.1666661,2.3079121,وادي مرة,3021,1257,16
El Mehara,El Bayadh,Commune,2138,3252,4.28,6918,25217,40,92.3,2767,6385,4,0.25,1,1,0,0,0,0,,0,0,0,0,0,0,0,0,0,0,,0,0,0,0,2075250,1.036951953,1.24,33.2456,0.3653,المھارة,32019,1257,16
Sidi Bouzid,Laghouat,Commune,3864,5191,3,8832,19997,35.8,77,3162,6801,1,0.1,,,,,0,0,,0,0,0,0,0,0,0,0,0,0,,0,0,0,0,2371500,1.184980873,1.23,35.0363883,9.4595281,سيدي بوزيد,3024,1260,17
El Fehoul,Tlemcen,Commune,6778,7045,0.39,7552,7045,42,93.3,3172,7046,1,0.1,,,,,0,0,,0,0,0,0,0,0,0,0,0,0,,0,0,0,0,2379000,1.188728441,1.23,35.1166788,-1.2970948,الفحول,13005,1260,44
Douis,Djelfa,Commune,10356,9344,-1.02,7765,13661,40.6,86.8,3153,6740,1,0.1,,,,,0,0,,0,0,0,0,0,0,0,0,0,0,,0,0,0,0,2364750,1.181608063,1.23,34.3739232,2.6978792,الدويس,17015,1260,32
Khettouti Sed El Djir,M'Sila,Commune,6689,7058,0.54,7774,4258,40.7,76,3164,5908,1,0.1,4,4,0,0,0,0,,0,0,0,0,0,0,0,0,0,0,,0,0,0,0,2373000,1.185730387,1.23,35.679074,4.259952,,,1260,42
Sidi Ali Mellal,Tiaret,Commune,7297,7193,-0.14,7010,1569,43.5,86.2,3049,6043,1,0.1,,,,,0,0,,0,0,0,0,0,0,0,0,0,0,,0,0,0,0,2286750,1.14263336,1.22,35.5635054,1.2199974,سيدي علي ملال,14004,1264,33
Oued M'Zi,Laghouat,Commune,1786,3129,5.77,8585,12833,33.9,59.5,2910,5108,1,0.1,,,,,0,0,,0,0,0,0,0,0,0,0,0,0,,0,0,0,0,2182500,1.09054217,1.22,33.9410427,2.4231133,وادي مزي,3022,1264,18
Boukhelifa,Béjaïa,Commune,9518,8766,-0.82,7559,29660,41.7,94.2,3152,7121,2,0.15,47,42,5,0,0,0,,0,0,0,0,0,0,0,0,0,0,,0,0,0,0,2364000,1.181233306,1.22,36.6367939,5.0058926,بوخليفة,6048,1264,40
Djemaa Ouled Cheikh,Aïn Defla,Commune,6987,7534,0.76,8629,17129,36.8,89.9,3175,7757,2,0.15,1,0,1,0,0,0,,0,0,0,0,0,0,0,0,0,0,,0,0,0,0,2381250,1.189852711,1.22,36.077032,2.004597,,,1264,32
Djebala,Tlemcen,Commune,9167,8369,-0.91,7104,8369,41.9,90.2,2977,6408,1,0.1,,,,,0,0,,0,0,0,0,0,0,0,0,0,0,,0,0,0,0,2232750,1.115650873,1.22,34.9775481,-1.8940714,جبالة,13009,1264,45
Benachiba Chelia,Sidi Bel Abbès,Commune,5086,5688,1.12,6957,16543,42.4,89.3,2950,6213,1,0.1,,,,,0,0,,0,0,0,0,0,0,0,0,0,0,,0,0,0,0,2212500,1.10553244,1.22,34.9637049,-0.6169817,بن عشيبة شلية,22051,1264,35
M'Toussa,Khenchela,Commune,5538,5981,0.77,6870,3124,42.6,95.3,2927,6547,1,0.1,8,8,0,0,0,0,,0,0,0,0,0,0,0,0,0,0,,0,0,0,0,2195250,1.096913035,1.22,35.566077,7.25696,,,1264,14
Baghaï,Khenchela,Commune,6414,6676,0.4,7175,27428,42.6,93.6,3057,6716,1,0.1,5,5,0,0,0,0,,0,0,0,0,0,0,0,0,0,0,,0,0,0,0,2292750,1.145631414,1.22,35.4573,7.1136,بغاي,40004,1264,14
Oued Sefioun,Sidi Bel Abbès,Commune,5343,5886,0.97,7006,7549,43.5,91.4,3048,6403,1,0.1,1,1,0,0,0,0,,0,0,0,0,0,0,0,0,0,0,,0,0,0,0,2286000,1.142258603,1.22,35.0664471,-0.3616477,واد سفيون,22043,1264,35
Tiffech,Souk Ahras,Commune,5713,6037,0.55,6667,6037,42.8,87.7,2853,5847,1,0.1,,,,,0,0,,0,0,0,0,0,0,0,0,0,0,,0,0,0,0,2139750,1.069181035,1.22,36.0924,7.6987,تيفاش,41006,1264,18
Doui Thabet,Saïda,Commune,4315,5158,1.8,7112,14592,44.3,83.4,3151,5931,2,0.15,,,,,0,0,,0,0,0,0,0,0,0,0,0,0,,0,0,0,0,2363250,1.180858549,1.22,34.8926538,-0.0842,دوى ثابت,20002,1264,14
Taghit,Béchar,Commune,6047,6317,0.44,6834,970,41.2,95.3,2816,6513,1,0.1,1,1,0,0,0,0,,0,0,0,0,0,0,0,0,0,0,,0,0,0,0,2112000,1.055315035,1.2,30.9150725,-2.0472123,تــــاغـيــث,8013,1275,8
Akfadou,Béjaïa,Commune,7502,7358,-0.19,7106,8413,43.9,95.3,3120,6772,2,0.15,,,,,0,0,,0,0,0,0,0,0,0,0,0,0,,0,0,0,0,2340000,1.169241089,1.2,36.6580416,4.5747965,اكفادو,6042,1275,41
Tamalaht,Tissemsilt,Commune,7493,7645,0.2,7926,6592,36.6,80.3,2901,6365,2,0.15,,,,,0,0,,0,0,0,0,0,0,0,0,0,0,,0,0,0,0,2175750,1.087169359,1.2,35.7499,1.6232,تاملاحت,38019,1275,12
Tit,Adrar,Commune,3160,4417,3.41,8071,4417,36,96.6,2906,7797,2,0.15,4,3,1,0,0,0,,0,0,0,0,0,0,0,0,0,0,,0,0,0,0,2179500,1.089043143,1.2,26.9368382,1.481824,تــيـــت,1006,1275,27
Sidi M'Hamed Benaouda,Relizane,Commune,6159,6500,0.54,7162,12095,41.2,77.4,2951,5543,2,0.15,,,,,0,0,,0,0,0,0,0,0,0,0,0,0,,0,0,0,0,2213250,1.105907197,1.2,35.603264,0.590325,,,1275,34
Ouled Deide,Médéa,Commune,4770,5355,1.16,6595,2655,44.2,91.3,2915,6021,2,0.15,16,6,10,0,0,0,,0,0,0,0,0,0,0,0,0,0,,0,0,0,0,2186250,1.092415954,1.2,36.1013316,2.9097357,أولاد دايد,26006,1275,38
Dréa,Souk Ahras,Commune,6255,6408,0.24,6693,6408,42.4,88.6,2838,5930,1,0.1,,,,,0,0,,0,0,0,0,0,0,0,0,0,0,,0,0,0,0,2128500,1.063559683,1.2,36.0524,7.8827,الدريعة,41009,1275,19
El Ghedir,Skikda,Commune,6145,6458,0.5,7062,6458,42.5,90.5,3001,6391,2,0.15,4,4,0,0,0,0,,0,0,0,0,0,0,0,0,0,0,,0,0,0,0,2250750,1.124645035,1.2,36.6870219,6.9730998,الغدير,21033,1275,36
Beni Aïssi,Tizi Ouzou,Commune,7914,7628,-0.37,7139,12952,42.6,96.9,3041,6918,2,0.15,16,15,1,0,0,0,,0,0,0,0,0,0,0,0,0,0,,0,0,0,0,2280750,1.139635305,1.2,36.6547723,4.0545452,بني عيسي,15015,1275,51
El Aïoun,El Tarf,Commune,4591,5347,1.54,7035,11447,43.3,95.6,3046,6725,2,0.15,,,,,0,0,,0,0,0,0,0,0,0,0,0,0,,0,0,0,0,2284500,1.141509089,1.2,36.8082,8.5968,العيون,36007,1275,21
Saharidj,Bouira,Commune,9142,8522,-0.7,7510,9875,41.7,93.7,3132,7037,2,0.15,4,4,0,0,0,0,,0,0,0,0,0,0,0,0,0,0,,0,0,0,0,2349000,1.173738171,1.2,36.4310532,4.1825268,الصهاريج,10030,1275,36
Tamridjet,Béjaïa,Commune,8838,8413,-0.49,7699,13412,38.5,92.8,2964,7145,2,0.15,12,3,8,1,0,0,,0,0,0,0,0,0,0,0,0,0,,0,0,0,0,2223000,1.110779035,1.2,36.5729424,5.3775099,تامريجت,6046,1275,41
Dechmia,Bouira,Commune,7466,7504,0.05,7573,42635,40.8,94.6,3090,7164,2,0.15,2,2,0,0,0,0,,0,0,0,0,0,0,0,0,0,0,,0,0,0,0,2317500,1.157998387,1.2,36.1366443,3.5034345,الدشمية,10031,1275,36
Oued Zitoun,El Tarf,Commune,5321,5881,1.01,7042,448374,40.9,94.5,2880,6655,2,0.15,,,,,0,0,,0,0,0,0,0,0,0,0,0,0,,0,0,0,0,2160000,1.079299467,1.2,36.4025,8.0585,وادى الزيتون,36022,1275,21
Lazrou,Batna,Commune,4598,5143,1.13,6292,75344,41.8,92.8,2630,5839,1,0.1,,,,,0,0,,0,0,0,0,0,0,0,0,0,0,,0,0,0,0,1972500,0.985610277,1.19,35.8042574,6.2001918,لازرو,5058,1289,51
Safsaf El Ouesra,Tébessa,Commune,5531,6074,0.94,7189,17319,38.7,89.4,2782,6427,1,0.1,1,1,0,0,0,0,,0,0,0,0,0,0,0,0,0,0,,0,0,0,0,2086500,1.042573305,1.19,34.9570976,8.1988049,صفصاف الوسرة,12007,1289,22
Foum Toub,Batna,Commune,5844,6025,0.31,6365,13383,39.7,92.8,2527,5907,1,0.1,19,18,1,0,0,0,,0,0,0,0,0,0,0,0,0,0,,0,0,0,0,1895250,0.947010331,1.19,35.3867728,6.4478348,فم الطوب,5031,1289,51
Oued Keberit,Souk Ahras,Commune,4770,4992,0.46,5418,4992,46.3,90.7,2509,4914,1,0.1,1,1,0,0,0,0,,0,0,0,0,0,0,0,0,0,0,,0,0,0,0,1881750,0.940264709,1.19,35.8701,7.9156,وادى الكبريت,41024,1289,20
Khirane,Khenchela,Commune,5350,5752,0.73,6553,7247,39.1,86.4,2562,5662,1,0.1,,,,,0,0,,0,0,0,0,0,0,0,0,0,0,,0,0,0,0,1921500,0.960126818,1.19,34.9344,6.7593,خيران,40020,1289,16
Hadj Mechri,Laghouat,Commune,6197,6357,0.26,6655,4306,39.2,91.8,2609,6109,1,0.1,,,,,0,0,,0,0,0,0,0,0,0,0,0,0,,0,0,0,0,1956750,0.977740385,1.19,33.9572842,1.5908605,الحاج المشري,3015,1289,19
El Ghicha,Laghouat,Commune,5719,6079,0.61,6785,3172,36.6,91.4,2483,6201,1,0.1,,,,,0,0,,0,0,0,0,0,0,0,0,0,0,,0,0,0,0,1862250,0.930521034,1.19,33.9297719,2.1396303,الغيشة,3014,1289,19
Brida,Laghouat,Commune,5742,6395,1.08,7763,5981,34,80.5,2639,6249,1,0.1,,,,,0,0,,0,0,0,0,0,0,0,0,0,0,,0,0,0,0,1979250,0.988983088,1.19,33.9495922,1.7465471,بريدة,3013,1289,19
Guernini,Djelfa,Commune,4038,4594,1.3,5795,30372,46,87.2,2666,5053,1,0.1,,,,,0,0,,0,0,0,0,0,0,0,0,0,0,,0,0,0,0,1999500,0.999101521,1.19,35.2001485,2.6780462,القرنيني,17021,1289,33
Beni Semiel,Tlemcen,Commune,4048,4704,1.51,6164,3665,43.9,95.1,2706,5862,1,0.1,,,,,0,0,,0,0,0,0,0,0,0,0,0,0,,0,0,0,0,2029500,1.014091791,1.19,34.8639575,-1.4356042,بني مستار,13052,1289,46
Honaïne,Tlemcen,Commune,5424,5408,-0.03,5379,5408,49,96.4,2636,5185,1,0.1,,,,,0,0,,0,0,0,0,0,0,0,0,0,0,,0,0,0,0,1977000,0.987858818,1.19,35.1800515,-1.657691,هنين,13044,1289,46
Sidi Hadjeres,M'Sila,Commune,6774,6686,-0.13,6530,21623,41.2,81.4,2690,5315,1,0.1,13,4,9,0,0,0,,0,0,0,0,0,0,0,0,0,0,,0,0,0,0,2017500,1.008095683,1.19,35.7020457,3.7978373,سيدي ھجرس,28018,1289,43
Zerouala,Sidi Bel Abbès,Commune,4333,4790,1.01,5737,7530,43.4,92.1,2490,5284,1,0.1,,,,,0,0,,0,0,0,0,0,0,0,0,0,0,,0,0,0,0,1867500,0.933144331,1.19,35.2429835,-0.5271103,زروالة,22033,1289,37
Dehahna,M'Sila,Commune,6411,6697,0.44,7244,16381,38.6,71.6,2796,5187,1,0.1,1,0,1,0,0,0,,0,0,0,0,0,0,0,0,0,0,,0,0,0,0,2097000,1.047819899,1.19,35.7328552,4.9668048,الدهاهنة,28030,1289,43
Ouled Zouaï,Oum El Bouaghi,Commune,4578,4998,0.88,5853,28315,42.1,93.9,2464,5496,1,0.1,2,1,1,0,0,0,,0,0,0,0,0,0,0,0,0,0,,0,0,0,0,1848000,0.923400655,1.19,35.8556626,6.3821021,أولاد زواي,4020,1289,25
Sebaa Chioukh,Tlemcen,Commune,4259,4634,0.85,5394,4634,47.4,92.1,2557,4968,1,0.1,,,,,0,0,,0,0,0,0,0,0,0,0,0,0,,0,0,0,0,1917750,0.958253034,1.19,35.156401,-1.360575,,,1289,46
Oued Nini,Oum El Bouaghi,Commune,4851,5119,0.54,5639,5948,45.1,72.6,2543,4094,1,0.1,,,,,0,0,,0,0,0,0,0,0,0,0,0,0,,0,0,0,0,1907250,0.953006439,1.19,35.5716976,7.3377513,وادي نيني,4023,1289,25
Moulay Slissen,Sidi Bel Abbès,Commune,5270,5672,0.74,6474,2895,42.2,94.8,2732,6137,1,0.1,,,,,0,0,,0,0,0,0,0,0,0,0,0,0,,0,0,0,0,2049000,1.023835467,1.19,34.821448,-0.769794,مولاي سليسن,22018,1289,37
Bathia,Aïn Defla,Commune,5919,6238,0.53,6856,16213,36.5,88.8,2502,6088,1,0.1,2,2,0,0,0,0,,0,0,0,0,0,0,0,0,0,0,,0,0,0,0,1876500,0.937641412,1.19,35.8512,1.8402,بطحية,44031,1289,33
Aïn Ghoraba,Tlemcen,Commune,4842,5068,0.46,5502,47600,47.3,92.3,2602,5078,1,0.1,,,,,0,0,,0,0,0,0,0,0,0,0,0,0,,0,0,0,0,1951500,0.975117088,1.19,34.7147251,-1.4039435,عين غرابة,13049,1289,46
El Khemis,Djelfa,Commune,4769,5405,1.26,6771,9344,42,68.2,2844,4618,2,0.15,2,2,0,0,0,0,,0,0,0,0,0,0,0,0,0,0,,0,0,0,0,2133000,1.065808224,1.18,35.2876616,2.5915396,الخميس,17011,1309,34
Sidi Belattar,Mostaganem,Commune,6670,6794,0.18,7023,13607,40.2,91.4,2823,6419,2,0.15,,,,,0,0,,0,0,0,0,0,0,0,0,0,0,,0,0,0,0,2117250,1.057938332,1.18,36.042512,0.279533,,,1309,32
Lazharia,Tissemsilt,Commune,8040,8071,0.04,8127,2254,35,91.5,2844,7436,2,0.15,,,,,0,0,,0,0,0,0,0,0,0,0,0,0,,0,0,0,0,2133000,1.065808224,1.18,35.8746,1.5601,الازھرية,38004,1309,13
El Main,Bordj Bou Arreridj,Commune,6256,6237,-0.03,6203,2164,41.7,91.8,2587,5694,2,0.15,5,2,3,0,0,0,,0,0,0,0,0,0,0,0,0,0,,0,0,0,0,1940250,0.969495737,1.17,36.3018,4.7488,إلماين,34016,1312,29
Tousmouline,El Bayadh,Commune,2050,3155,4.41,6856,3447,40,91.6,2742,6280,2,0.15,,,,,0,0,,0,0,0,0,0,0,0,0,0,0,,0,0,0,0,2056500,1.027583034,1.17,33.5849,0.3076,توسمولين,32020,1312,17
Leflaye,Béjaïa,Commune,6620,6433,-0.29,6110,11783,45.3,94.5,2768,5774,2,0.15,1,1,0,0,0,0,,0,0,0,0,0,0,0,0,0,0,,0,0,0,0,2076000,1.03732671,1.17,36.597995,4.6441959,لفلاى,6043,1312,43
Sidi Khellil,El Oued,Commune,5524,6547,1.71,8889,40195,36.3,93.6,3227,8320,0,0,,,,,0,0,,0,0,0,0,0,0,0,0,0,0,,0,0,0,0,2420250,1.209340063,1.17,33.7734,5.9601,سيدي خليل,39023,1312,30
Aïn Ferah,Mascara,Commune,5394,5816,0.76,6661,5235,39.9,89.2,2658,5942,2,0.15,,,,,0,0,,0,0,0,0,0,0,0,0,0,0,,0,0,0,0,1993500,0.996103467,1.17,35.3162,0.7828,عين فراح,29011,1312,40
Boghar,Médéa,Commune,5880,5972,0.16,6141,9236,43,93.7,2641,5754,2,0.15,2,2,0,0,0,0,,0,0,0,0,0,0,0,0,0,0,,0,0,0,0,1980750,0.989732602,1.17,35.9371699,2.6326821,بوغار,26025,1312,39
Hammam Beni Salah,El Tarf,Commune,4871,5235,0.72,5960,25594,43.4,94.7,2587,5644,2,0.15,,,,,0,0,,0,0,0,0,0,0,0,0,0,0,,0,0,0,0,1940250,0.969495737,1.17,36.4577,8.0338,حمام بنى صالح,36023,1312,23
El Emir Abdelkader,Aïn Témouchent,Commune,3691,4396,1.76,6021,20805,45.1,90.9,2715,5473,2,0.15,,,,,0,0,,0,0,0,0,0,0,0,0,0,0,,0,0,0,0,2036250,1.017464602,1.17,35.1603,-1.4035,الأمير عبد القادر,46027,1312,23
Bouhamza,Béjaïa,Commune,10846,9123,-1.72,6682,11396,41.7,94.7,2786,6328,2,0.15,1,1,0,0,0,0,,0,0,0,0,0,0,0,0,0,0,,0,0,0,0,2089500,1.044072332,1.17,36.4393229,4.5700544,بوحمزة,6037,1312,43
Sidi Ayad,Béjaïa,Commune,5059,5416,0.68,6123,13067,42.7,95.2,2615,5829,2,0.15,3,1,2,0,0,0,,0,0,0,0,0,0,0,0,0,0,,0,0,0,0,1961250,0.979988926,1.17,36.6095992,4.6956681,سيدي عياد,6021,1312,43
Dhaya,Sidi Bel Abbès,Commune,4557,5163,1.26,6464,4790,40.6,88.7,2624,5734,2,0.15,1,0,1,0,0,0,,0,0,0,0,0,0,0,0,0,0,,0,0,0,0,1968000,0.983361737,1.17,34.6752163,-0.6322849,الظاية,22032,1312,39
Aït Boumahdi,Tizi Ouzou,Commune,6721,6113,-0.94,5154,24311,50.6,96.9,2608,4994,2,0.15,7,7,0,0,0,0,,0,0,0,0,0,0,0,0,0,0,,0,0,0,0,1956000,0.977365629,1.17,36.498881,4.201999,,,1312,52
Bouhachana,Guelma,Commune,5575,5596,0.04,5634,26328,48.1,95.5,2710,5380,2,0.15,,,,,0,0,,0,0,0,0,0,0,0,0,0,0,,0,0,0,0,2032500,1.015590818,1.17,36.298469,7.47445,,,1312,29
Raml Souk,El Tarf,Commune,3715,4356,1.6,5801,120847,47.8,95.9,2773,5563,2,0.15,,,,,0,0,,0,0,0,0,0,0,0,0,0,0,,0,0,0,0,2079750,1.039200494,1.17,36.7224,8.5364,رمل سوق,36024,1312,23
Djeballah Khemissi,Guelma,Commune,3870,4487,1.49,5856,18861,43.8,95,2565,5563,2,0.15,3,3,0,0,0,0,,0,0,0,0,0,0,0,0,0,0,,0,0,0,0,1923750,0.961251088,1.17,36.4642865,7.5646019,جبالة لخميسي,24034,1312,29
Beni Mezline,Guelma,Commune,4491,4883,0.84,5677,25443,48.5,95,2753,5393,2,0.15,,,,,0,0,,0,0,0,0,0,0,0,0,0,0,,0,0,0,0,2064750,1.031705359,1.17,36.4813374,7.5999319,بني مزلين,24016,1312,29
Derrag,Médéa,Commune,7695,7273,-0.56,6571,4591,40.4,93.4,2655,6137,2,0.15,1,1,0,0,0,0,,0,0,0,0,0,0,0,0,0,0,,0,0,0,0,1991250,0.994979196,1.17,35.8431534,2.2165241,دراڨ,26008,1312,39
Elayadi Barbes,Mila,Commune,7189,6459,-1.07,5327,6459,50.2,90.8,2674,4837,2,0.15,1,1,0,0,0,0,,0,0,0,0,0,0,0,0,0,0,,0,0,0,0,2005500,1.002099575,1.17,36.3782,5.8804,العياضى برباس,43029,1312,31
Kanoua,Skikda,Commune,6531,6995,0.69,7915,6995,35.5,94.6,2810,7488,2,0.15,,,,,0,0,,0,0,0,0,0,0,0,0,0,0,,0,0,0,0,2107500,1.053066494,1.17,37.0381362,6.4001584,قنواع,21032,1312,37
El Keurt,Mascara,Commune,3536,4285,1.94,6055,4190,42.6,83.7,2579,5068,2,0.15,3,3,0,0,0,0,,0,0,0,0,0,0,0,0,0,0,,0,0,0,0,1934250,0.966497683,1.17,35.3162,0.0906,الكرط,29040,1312,40
Aït Mahmoud,Tizi Ouzou,Commune,9369,7699,-1.94,5407,21551,45.8,94.4,2476,5104,2,0.15,11,9,2,0,0,0,,0,0,0,0,0,0,0,0,0,0,,0,0,0,0,1857000,0.927897736,1.17,36.6099011,4.0829223,أيت محمود,15028,1312,52
Hounet,Saïda,Commune,4097,4765,1.52,6254,6022,43.4,83.1,2714,5197,2,0.15,,,,,0,0,,0,0,0,0,0,0,0,0,0,0,,0,0,0,0,2035500,1.017089845,1.17,35.1193494,-0.1492344,هونت,20007,1312,15
Tachouda,Sétif,Commune,7735,7578,-0.2,7303,23833,36,90.5,2629,6609,2,0.15,23,21,2,0,0,0,,0,0,0,0,0,0,0,0,0,0,,0,0,0,0,1971750,0.985235521,1.17,36.2670155,5.6616471,تاشودة,19045,1312,53
Serdj El Ghoul,Sétif,Commune,11044,9311,-1.69,6848,3541,40.2,97.3,2753,6663,2,0.15,2,2,0,0,0,0,,0,0,0,0,0,0,0,0,0,0,,0,0,0,0,2064750,1.031705359,1.17,36.475214,5.5168507,سرج الغول,19035,1312,53
Tazrouk,Tamanrasset,Commune,3033,4091,3.04,7011,2963,46,83,3225,5819,0,0,2,2,0,0,0,0,,0,0,0,0,0,0,0,0,0,0,,0,0,0,0,2418750,1.208590549,1.17,23.419622,6.265891,,,1312,10
El Hadjadj,Chlef,Commune,9245,8478,-0.86,7254,8478,36.7,90,2662,6529,2,0.15,11,11,0,0,0,0,,0,0,0,0,0,0,0,0,0,0,,0,0,0,0,1996500,0.997602494,1.17,35.6908338,1.538967,الحجاج,2027,1312,34
Kerzaz,Béchar,Commune,4276,5028,1.63,6730,1249,40.1,94.8,2699,6380,0.5,0.05,,,,,0,0,,0,0,0,0,0,0,0,0,0,0,,0,0,0,0,2024250,1.011468494,1.16,29.4602231,-1.4553024,كرزاز,8018,1338,9
Tamtert,Béchar,Commune,1302,1249,-0.41,1159,,43.05,95.7,2510.5,6118,0.5,0.05,,,,,0,0,,0,0,0,0,0,0,0,0,0,0,,0,0,0,0,1882875,0.940826845,1.16,29.9166662,-1.9087548,تامترت,8020,1338,9
Mechraa Houari Boumedienne,Béchar,Commune,3133,3091,-0.13,3017,,43.05,95.7,2510.5,6118,0.5,0.05,,,,,0,0,,0,0,0,0,0,0,0,0,0,0,,0,0,0,0,1882875,0.940826845,1.16,30.9318258,-2.741164,مشرع ھوارى بومدين,8009,1338,9
Aïn El Bia,Oran,Commune,26253,31386,1.8,43285,,45.9,90.55,16530,31606.5,2,0.15,,,,,0,0,,1,1,1,0,0,0,0,0,0,0,SAA,1,1,2,0,12397500,1.238945847,1.1,35.813327,-0.287125,,,1341,26
Ouaguenoun,Tizi Ouzou,Commune,15645,17425,1.08,21155,7699,48.7,94.6,10302,20013,2,0.15,374,350,22,2,0,0,,1,1,0,0,1,0,0,0,0,0,AXA,1,1,1,0,7726500,0.772148827,1.03,36.75758,4.1374033,واقنون,15024,1342,54
Issers,Boumerdès,Commune,27990,32580,1.53,42821,,45.7,92.35,12314,23706,4,0.25,,,,,0,0,,1,1,0,0,0,0,0,0,1,0,CIAR,1,1,2,0,9235500,0.922950947,1.03,36.693556,3.691546,,,1342,32
El Houidjbet,Tébessa,Commune,4431,4771,0.74,5450,12907,43.7,85.3,2382,4649,1,0.1,1,0,1,0,0,0,,0,0,0,0,0,0,0,0,0,0,,0,0,0,0,1786500,0.892670601,1.02,35.293051,8.280152,,,1344,23
Boghni,Tizi Ouzou,Commune,31983,31263,-0.23,30008,4660,44.6,95.1,13384,28538,2,0.15,1453,1431,20,2,0,0,,1,2,1,0,0,0,1,0,0,0,SAA|CAAT,1,1,2,0,10038000,1.003148894,1.02,36.5145938,3.9000151,بوغني,15040,1344,55
Sidi Yacoub,Sidi Bel Abbès,Commune,3971,4485,1.22,5584,9968,42.7,89.6,2384,5003,1,0.1,,,,,0,0,,0,0,0,0,0,0,0,0,0,0,,0,0,0,0,1788000,0.893420115,1.02,35.1557033,-0.8069145,سيدي يعقوب,22040,1344,40
Zenata,Tlemcen,Commune,3190,3890,2,5559,3890,42.7,93.9,2374,5220,1,0.1,,,,,0,0,,0,0,0,0,0,0,0,0,0,0,,0,0,0,0,1780500,0.889672547,1.02,34.9849042,-1.4760198,زناتة,13016,1344,50
Tagdemt,Tiaret,Commune,4090,4543,1.06,5489,6794,43.1,68.8,2366,3776,1,0.1,,,,,0,0,,0,0,0,0,0,0,0,0,0,0,,0,0,0,0,1774500,0.886674493,1.02,35.3354988,1.2243641,تاقدمت,14032,1344,34
Arbaouat,El Bayadh,Commune,3252,4321,2.88,7207,3282,42.9,79.9,3092,5758,2,0.15,,,,,0,0,,0,1,1,0,0,0,0,0,0,0,SAA,0,0,0,0,2319000,1.1587479,1.02,33.0225,0.5823,أربوات,32009,1344,18
Chehaima,Tiaret,Commune,10099,8181,-2.08,5600,11066,42.2,91.5,2363,5124,1,0.1,,,,,0,0,,0,0,0,0,0,0,0,0,0,0,,0,0,0,0,1772250,0.885550223,1.02,34.897482,1.2948222,شحيمة,14036,1344,34
Sidi Abderrahmane,Chlef,Commune,3630,4349,1.82,6021,4349,38.7,98.1,2330,5907,4,0.25,,,,,0,0,,0,0,0,0,0,0,0,0,0,0,,0,0,0,0,1747500,0.873183249,1.01,36.4236714,1.0492304,سيدي عبد الرحمان,2025,1351,35
Aïn Zana,Souk Ahras,Commune,7512,7499,-0.02,7476,7499,40.5,82.3,3028,6153,1,0.1,,,,,0,0,,0,1,1,0,0,0,0,0,0,0,SAA,0,0,0,0,2271000,1.134763468,1.01,36.3384,8.1903,عين الزانة,41017,1351,21
Sidi Abderrahmane,Tiaret,Commune,7082,8350,1.66,11232,4349,38.7,98.1,2330,5907,1,0.1,,,,,0,0,,0,0,0,0,0,0,0,0,0,0,,0,0,0,0,1747500,0.873183249,1,36.4236714,1.0492304,سيدي عبد الرحمان,2025,1353,36
Sebgag,Laghouat,Commune,6107,5981,-0.21,5761,102025,39.9,84.5,2299,4868,1,0.1,,,,,0,0,,0,0,0,0,0,0,0,0,0,0,,0,0,0,0,1724250,0.86156579,0.99,34.0285379,1.9293458,سبقاق,3016,1354,22
Aïn Ouksir,Médéa,Commune,5366,5071,-0.56,4580,12191,58.8,92.3,2693,4227,2,0.15,,,,,0,0,,0,1,1,0,0,0,0,0,0,0,SAA,0,0,0,0,2019750,1.009219953,0.99,35.7760055,3.3282462,عين القصير,26041,1354,41
Djillali Ben Amar,Tiaret,Commune,5631,5443,-0.34,5120,7559,44.9,83.9,2299,4296,1,0.1,1,1,0,0,0,0,,0,0,0,0,0,0,0,0,0,0,,0,0,0,0,1724250,0.86156579,0.99,35.4442917,0.8475566,جيلالي بن عمار,14024,1354,37
Serghine,Tiaret,Commune,5303,5316,0.02,5339,4765,43.1,93.6,2301,4997,1,0.1,,,,,0,0,,0,0,0,0,0,0,0,0,0,0,,0,0,0,0,1725750,0.862315303,0.99,35.2557642,2.4738335,سرغين,14039,1354,37
Msirda Fouaga,Tlemcen,Commune,5496,5693,0.35,6066,5693,41,89.8,2487,5447,1,0.1,,,,,0,0,,0,1,1,0,0,0,0,0,0,0,SAA,0,0,0,0,1865250,0.932020061,0.98,35.0142663,-2.073219,مسيردة الفواقة,13030,1358,51
Chélia,Khenchela,Commune,4851,4953,0.21,5142,15293,42.9,91.3,2206,4695,1,0.1,3,3,0,0,0,0,,0,0,0,0,0,0,0,0,0,0,,0,0,0,0,1654500,0.826713411,0.96,35.3006,6.7786,شلية,40021,1359,17
Hydra,El Djazaïr [Algiers],Commune,35727,31133,-1.37,24301,116107,49.4,92.7,12005,22527,2,0.15,435,346,86,3,0,0,,1,10,0,2,2,0,2,1,2,1,ALLIANCE|AXA|CAAT|CASH|CIAR|TRUST,1,1,1,0,9003750,0.899790979,0.96,36.7407683,3.0079149,حيدرة,16028,1359,47
Tabelbala,Béchar,Commune,4663,5121,0.94,6062,7343,38.3,96.6,2322,5856,0.5,0.05,,,,,0,0,,0,0,0,0,0,0,0,0,0,0,,0,0,0,0,1741500,0.870185195,0.96,29.405415,-3.255366,,,1359,12
Aoubellil,Aïn Témouchent,Commune,4339,4722,0.85,5499,12485,43.7,93.9,2403,5164,2,0.15,,,,,0,0,,0,0,0,0,0,0,0,0,0,0,,0,0,0,0,1802250,0.900540493,0.96,35.0705,-0.9915,عقب الليل,46013,1359,24
Timoudi,Béchar,Commune,2116,2389,1.22,2972,,43.05,95.7,2510.5,6118,0.5,0.05,,,,,0,0,,0,1,1,0,0,0,0,0,0,0,SAA,0,0,0,0,1882875,0.940826845,0.96,29.3195526,-1.135803,تيمودى,8005,1359,12
Oum Ali,Tébessa,Commune,2985,3744,2.29,5629,4505,40.3,82.1,2268,4621,1,0.1,,,,,0,0,,0,0,0,0,0,0,0,0,0,0,,0,0,0,0,1701000,0.84994833,0.96,35.0115532,8.2926392,أم على,12021,1359,24
El Haouch,Biskra,Commune,4328,4923,1.3,6208,11155,37.8,91.9,2347,5705,2,0.15,2,1,1,0,0,0,,0,0,0,0,0,0,0,0,0,0,,0,0,0,0,1760250,0.879554114,0.94,34.5603287,5.8852281,الحوش,7013,1365,32
Beni Djellil,Béjaïa,Commune,8983,7795,-1.41,6038,20573,38.7,94.5,2337,5706,2,0.15,19,3,16,0,0,0,,0,0,0,0,0,0,0,0,0,0,,0,0,0,0,1752750,0.875806547,0.94,36.572881,4.810433,,,1365,46
Oued Berkeche,Aïn Témouchent,Commune,3773,4192,1.06,5067,13598,46.6,90.7,2361,4596,2,0.15,,,,,0,0,,0,0,0,0,0,0,0,0,0,0,,0,0,0,0,1770750,0.884800709,0.94,35.1581,-0.9833,وادى برقش,46006,1365,25
Tadjrouna,Laghouat,Commune,3597,4306,1.82,5953,5700,36.2,79.9,2155,4756,1,0.1,1,1,0,0,0,0,,0,0,0,0,0,0,0,0,0,0,,0,0,0,0,1616250,0.807600817,0.93,33.5036312,2.0924622,تاجرونة,3018,1368,23
Bouzedjar,Aïn Témouchent,Commune,4251,4387,0.32,4643,2839,49.6,90.4,2303,4197,2,0.15,,,,,0,0,,0,0,0,0,0,0,0,0,0,0,,0,0,0,0,1727250,0.863064817,0.93,35.580269,-1.14895,,,1368,26
Beni Lahcene,Tissemsilt,Commune,4572,4777,0.44,5169,10554,44.2,72.5,2285,3748,2,0.15,,,,,0,0,,0,0,0,0,0,0,0,0,0,0,,0,0,0,0,1713750,0.856319195,0.93,35.7499,1.6891,بنى لحسن,38022,1368,14
Stah Guentis,Tébessa,Commune,2914,3689,2.39,5640,9445,38.1,84.4,2149,4760,1,0.1,,,,,0,0,,0,0,0,0,0,0,0,0,0,0,,0,0,0,0,1611750,0.805352276,0.93,34.9951892,7.2928362,سطح قنطيس,12004,1368,25
Bouzguen,Tizi Ouzou,Commune,26168,24311,-0.73,21294,11962,48.1,95.8,10242,20400,2,0.15,190,187,3,0,0,0,,1,2,2,0,0,0,0,0,0,0,SAA,1,1,1,0,7681500,0.767651746,0.91,36.6175618,4.4228207,بوزقن,15034,1372,56
Maacem,Tissemsilt,Commune,4671,5027,0.74,5738,4576,39,70.6,2238,4051,2,0.15,,,,,0,0,,0,0,0,0,0,0,0,0,0,0,,0,0,0,0,1678500,0.838705628,0.9,35.641577,1.543572,,,1373,15
Belaas,Aïn Defla,Commune,5303,5452,0.28,5731,6053,39.3,87.7,2252,5026,2,0.15,1,1,0,0,0,0,,0,0,0,0,0,0,0,0,0,0,,0,0,0,0,1689000,0.843952222,0.9,35.918,1.8512,بالعاص,44036,1373,34
Taourirt Ighil,Béjaïa,Commune,7083,6653,-0.62,5944,6653,37.8,94.9,2247,5641,2,0.15,9,1,8,0,0,0,,0,0,0,0,0,0,0,0,0,0,,0,0,0,0,1685250,0.842078438,0.9,36.7329317,4.6709356,تاوريرت اغيل,6004,1373,47
Aït Tizi,Sétif,Commune,7859,6983,-1.17,5645,33685,39.1,88.6,2207,5001,2,0.15,,,,,0,0,,0,0,0,0,0,0,0,0,0,0,,0,0,0,0,1655250,0.827088168,0.9,36.5360367,5.1052087,آيت تيزي,19054,1373,55
Oued Harbil,Médéa,Commune,4768,5049,0.57,5597,32580,40.1,92.6,2244,5183,2,0.15,1,0,1,0,0,0,,0,0,0,0,0,0,0,0,0,0,,0,0,0,0,1683000,0.840954168,0.9,36.2397747,2.5734161,وادي حربيل,26029,1373,42
Bouaichoune,Médéa,Commune,4036,4309,0.66,4848,13223,45,94.9,2182,4601,2,0.15,,,,,0,0,,0,0,0,0,0,0,0,0,0,0,,0,0,0,0,1636500,0.817719249,0.9,36.1351828,2.5703691,بوعيشون,26059,1373,42
Sidi Lazreg,Relizane,Commune,5575,5682,0.19,5880,30027,38.6,91,2270,5351,2,0.15,,,,,0,0,,0,0,0,0,0,0,0,0,0,0,,0,0,0,0,1702500,0.850697844,0.9,35.5803,0.7745,سيدي لزرق,48006,1373,35
Beni Yenni,Tizi Ouzou,Commune,6813,5737,-1.7,4210,20426,52.3,93.4,2202,3932,2,0.15,5,5,0,0,0,0,,0,0,0,0,0,0,0,0,0,0,,0,0,0,0,1651500,0.825214384,0.9,36.5780655,4.1617148,بني يني,15052,1373,57
Sidi Chaib,Sidi Bel Abbès,Commune,4237,4411,0.4,4742,5033,42.3,91.7,2006,4348,1,0.1,,,,,0,0,,0,0,0,0,0,0,0,0,0,0,,0,0,0,0,1504500,0.751762059,0.89,34.5927664,-0.555625,سيدي شعيب,22035,1381,41
Djaafra,Bordj Bou Arreridj,Commune,9699,7998,-1.91,5652,11814,35.2,93.5,1990,5285,1,0.1,10,7,1,2,0,0,,0,0,0,0,0,0,0,0,0,0,,0,0,0,0,1492500,0.745765951,0.89,36.2288,4.6637,جعافرة,34015,1381,30
Kef Lakhdar,Médéa,Commune,4054,4403,0.83,5109,856,41.4,95.5,2115,4879,2,0.15,,,,,0,0,,0,0,0,0,0,0,0,0,0,0,,0,0,0,0,1586250,0.792610546,0.88,35.9218925,3.1958172,الكاف الأخضر,26017,1383,44
Chellala,El Bayadh,Commune,3745,3929,0.48,4283,20864,49.6,94.2,2124,4035,2,0.15,2,1,1,0,0,0,,0,0,0,0,0,0,0,0,0,0,,0,0,0,0,1593000,0.795983357,0.88,32.9672,0.0549,شلالة,32014,1383,19
Sidi Khelifa,Mila,Commune,4505,4746,0.52,5213,4746,41.2,92.4,2148,4817,2,0.15,4,1,3,0,0,0,,0,0,0,0,0,0,0,0,0,0,,0,0,0,0,1611000,0.804977519,0.88,36.2875,6.3007,سيدي خليفة,43027,1383,32
Tissemsilt,Tissemsilt,Province Capital,61155,75197,2.09,109090,,39.5,89.9,3237,7436,2,0.15,34,16,11,7,0,0,,1,5,1,0,0,1,1,0,2,0,SAA|CAAR|CAAT|CIAR,1,1,7,1,2427750,2.742617526,0.88,35.5445,1.8127,تـيـسـمـسـيـلـت,38001,1383,16
Maghraoua,Médéa,Commune,5392,5647,0.46,6137,60152,34.6,96.4,2123,5916,2,0.15,,,,,0,0,,0,0,0,0,0,0,0,0,0,0,,0,0,0,0,1592250,0.7956086,0.88,36.382928,3.529127,,,1383,44
Hadjeret Ennous,Tipaza,Commune,1739,2150,2.14,3150,8781,58.3,92.2,1836,2904,4,0.25,4,3,1,0,0,0,,0,0,0,0,0,0,0,0,0,0,,0,0,0,0,1377000,0.68805341,0.87,36.57309,2.053413,,,1388,27
Guorriguer,Tébessa,Commune,5708,5415,-0.53,4925,3744,37.7,90.9,1857,4477,1,0.1,,,,,0,0,,0,0,0,0,0,0,0,0,0,0,,0,0,0,0,1392750,0.695923302,0.86,35.423546,7.594078,,,1389,26
Tighanimine,Batna,Commune,3787,4142,0.9,4867,10240,37.7,93.9,1835,4570,1,0.1,22,22,0,0,0,0,,0,0,0,0,0,0,0,0,0,0,,0,0,0,0,1376250,0.687678654,0.86,35.185829,6.2290737,تيغانمين,5026,1389,53
Tilatou,Batna,Commune,2367,3004,2.41,4613,10856,41.4,90.7,1910,4184,1,0.1,,,,,0,0,,0,0,0,0,0,0,0,0,0,0,,0,0,0,0,1432500,0.715785411,0.86,35.3131323,5.4911366,تيلاطو,5018,1389,53
Slim,M'Sila,Commune,5777,5348,-0.77,4654,13948,39.9,84.2,1857,3919,1,0.1,,,,,0,0,,0,0,0,0,0,0,0,0,0,0,,0,0,0,0,1392750,0.695923302,0.86,34.9545036,3.7464989,سليم,28043,1389,45
Chir,Batna,Commune,5539,5478,-0.11,5370,8756,35.1,84.2,1885,4522,1,0.1,8,8,0,0,0,0,,0,0,0,0,0,0,0,0,0,0,,0,0,0,0,1413750,0.706416492,0.86,35.218839,6.061661,شير,5052,1389,53
Ouled Khoudir,Béchar,Commune,3893,4251,0.88,4980,2389,38.6,95.7,1922,4766,0.5,0.05,,,,,0,0,,0,0,0,0,0,0,0,0,0,0,,0,0,0,0,1441500,0.720282492,0.86,29.2558699,-1.0641503,أولاد خدير,8003,1389,14
El Mouradia,El Djazaïr [Algiers],Commune,29503,22813,-2.54,14360,36191,49,91,7036,13068,4,0.25,379,251,128,0,0,0,,1,3,0,1,1,0,0,0,1,0,ALLIANCE|AXA|CIAR,1,1,0,0,5277000,0.527357712,0.86,36.7490236,3.0384439,المرادية,16027,1389,48
Ksabi,Béchar,Commune,2656,3187,1.84,4424,10732,44.1,93.6,1951,4141,0.5,0.05,,,,,0,0,,0,0,0,0,0,0,0,0,0,0,,0,0,0,0,1463250,0.731150438,0.86,29.0984238,-1.0022456,قصابى,8019,1389,14
Hassasna,Aïn Témouchent,Commune,3772,4039,0.69,4568,5871,44.7,87.3,2042,3988,2,0.15,1,0,1,0,0,0,,0,0,0,0,0,0,0,0,0,0,,0,0,0,0,1531500,0.765253303,0.85,35.2075,-0.986,الحساسنة,46021,1397,27
Tibane,Béjaïa,Commune,5368,5059,-0.59,4547,4385,45.3,95.7,2060,4351,2,0.15,1,0,1,0,0,0,,0,0,0,0,0,0,0,0,0,0,,0,0,0,0,1545000,0.771998924,0.85,36.6131706,4.6360841,طيبان,6032,1397,48
Sidi Boutouchent,Tissemsilt,Commune,3656,4224,1.45,5478,5413,38,77.5,2082,4245,2,0.15,,,,,0,0,,0,0,0,0,0,0,0,0,0,0,,0,0,0,0,1561500,0.780243573,0.85,35.761,1.9501,سيدي بوتوشنت,38015,1397,17
Terraguelt,Souk Ahras,Commune,4621,4376,-0.54,3967,4376,44.9,90.5,1781,3590,1,0.1,,,,,0,0,,0,0,0,0,0,0,0,0,0,0,,0,0,0,0,1335750,0.667441789,0.84,35.839,7.5613,ترقالت,41025,1400,22
Aïn Adden,Sidi Bel Abbès,Commune,2319,2886,2.21,4278,1249,42.4,90.9,1814,3889,1,0.1,,,,,0,0,,0,0,0,0,0,0,0,0,0,0,,0,0,0,0,1360500,0.679808762,0.84,35.330304,-0.2660537,عين عدان,22030,1400,42
Dar Ben Abdellah,Relizane,Commune,2848,3499,2.08,5068,7588,39.8,88.5,2017,4485,2,0.15,,,,,0,0,,0,0,0,0,0,0,0,0,0,0,,0,0,0,0,1512750,0.755884384,0.83,35.6383,0.6866,دار بن عبد الله,48032,1402,36
Ghebala,Jijel,Commune,5228,5236,0.02,5250,5236,37.1,90.9,1948,4772,2,0.15,,,,,0,0,,0,0,0,0,0,0,0,0,0,0,,0,0,0,0,1461000,0.730026167,0.83,36.6290636,6.3831317,غبالة,18015,1402,27
Taglait,Bordj Bou Arreridj,Commune,5042,5008,-0.07,4947,4134,39.1,94.7,1934,4685,2,0.15,7,6,1,0,0,0,,0,0,0,0,0,0,0,0,0,0,,0,0,0,0,1450500,0.724779573,0.83,35.7064,4.9988,تاقلعيت,34021,1402,31
Bouchrahil,Médéa,Commune,18308,11633,-4.43,5143,9728,37.8,94.1,1944,4840,2,0.15,9,5,4,0,0,0,,0,0,0,0,0,0,0,0,0,0,,0,0,0,0,1458000,0.72852714,0.83,36.2735556,3.1350492,بوشراحيل,26021,1402,46
Sidi Boussaid,Mascara,Commune,4428,4483,0.12,4584,6159,42.4,89.4,1944,4098,2,0.15,,,,,0,0,,0,0,0,0,0,0,0,0,0,0,,0,0,0,0,1458000,0.72852714,0.83,35.2266,0.2966,سيدي بوسعيد,29016,1402,42
Hadjera Zerga,Bouira,Commune,3216,3672,1.33,4662,8898,41.4,94.6,1930,4410,2,0.15,2,2,0,0,0,0,,0,0,0,0,0,0,0,0,0,0,,0,0,0,0,1447500,0.723280546,0.83,35.9465348,3.6906234,الحجرة الزرقاء,10042,1402,38
El Haçaiba,Sidi Bel Abbès,Commune,2538,2895,1.32,3669,7426,48.1,94.8,1765,3478,1,0.1,,,,,0,0,,0,0,0,0,0,0,0,0,0,0,,0,0,0,0,1323750,0.66144568,0.82,34.699542,-0.7694292,الحصيبة,22019,1408,43
Sidi Baizid,Djelfa,Commune,11360,7933,-3.53,4157,11692,42,61.3,1746,2548,1,0.1,,,,,0,0,,0,0,0,0,0,0,0,0,0,0,,0,0,0,0,1309500,0.654325302,0.82,35.0582537,3.425889,سيدي بايزيد,17012,1408,35
Tidda,Tiaret,Commune,3476,3669,0.54,4044,13294,43.2,89.5,1747,3619,1,0.1,,,,,0,0,,0,0,0,0,0,0,0,0,0,0,,0,0,0,0,1310250,0.654700059,0.82,35.583236,1.263181,تيدة,14042,1408,39
Meghila,Tiaret,Commune,2648,3062,1.46,3977,17541,44.2,90.8,1758,3611,1,0.1,1,0,1,0,0,0,,0,0,0,0,0,0,0,0,0,0,,0,0,0,0,1318500,0.658822383,0.82,35.3633423,1.3249683,مغيلة,14021,1408,39
Bedjene,Tébessa,Commune,3685,4505,2.03,6468,10238,37,80.9,2393,5233,1,0.1,,,,,0,0,,0,1,1,0,0,0,0,0,0,0,SAA,0,0,0,0,1794750,0.896792925,0.81,35.3487094,7.469641,بجن,12026,1412,27
M'Cid,Sidi Bel Abbès,Commune,3490,3499,0.03,3515,43315,43.3,93,1522,3269,1,0.1,,,,,0,0,,0,0,0,0,0,0,0,0,0,0,,0,0,0,0,1141500,0.570379788,0.8,35.144041,-0.260619,,,1413,44
Moghrar,Naâma,Commune,2796,3551,2.42,5460,11225,37.4,90.9,2042,4963,1.5,0.125,,,,,0,0,,0,0,0,0,0,0,0,0,0,0,,0,0,0,0,1531500,0.765253303,0.8,32.4495,-0.5795,مغرار,45006,1413,12
Maamora,Saïda,Commune,5342,7082,2.86,11764,10077,50.1,92.6,1907,3524,2,0.15,,,,,0,0,,0,0,0,0,0,0,0,0,0,0,,0,0,0,0,1430250,0.71466114,0.8,35.9979399,3.525493,المعمورة,10039,1413,16
Ramka,Relizane,Commune,5215,5138,-0.15,5002,6712,37.7,92.9,1886,4647,2,0.15,,,,,0,0,,0,0,0,0,0,0,0,0,0,0,,0,0,0,0,1414500,0.706791248,0.8,35.7922,1.3321,رمكة,48027,1413,37
Sidi Errabia,Médéa,Commune,5061,5042,-0.04,5008,10291,38,92.9,1903,4652,2,0.15,,,,,0,0,,0,0,0,0,0,0,0,0,0,0,,0,0,0,0,1427250,0.713162113,0.8,36.282548,3.2951253,سيدي الربيع,26055,1413,47
Gharrous,Mascara,Commune,3088,3619,1.6,4815,10218,38.9,75.3,1873,3626,2,0.15,,,,,0,0,,0,0,0,0,0,0,0,0,0,0,,0,0,0,0,1404750,0.70191941,0.8,35.1323,0.401,غروس,29041,1413,43
Sidi Abed,Tissemsilt,Commune,5298,5213,-0.16,5063,3551,37.2,91.1,1883,4612,2,0.15,,,,,0,0,,0,0,0,0,0,0,0,0,0,0,,0,0,0,0,1412250,0.705666978,0.8,35.6807,1.7056,سيدي عابد,38018,1413,18
Aïn Sandel,Guelma,Commune,5083,4760,-0.65,4229,4883,43.8,96.9,1852,4098,2,0.15,,,,,0,0,,0,0,0,0,0,0,0,0,0,0,,0,0,0,0,1389000,0.694049518,0.8,36.2432261,7.5088549,عين صندل,24007,1413,32
Bouhamdane,Guelma,Commune,4517,4394,-0.28,4181,10158,44.8,94.4,1873,3947,2,0.15,,,,,0,0,,0,0,0,0,0,0,0,0,0,0,,0,0,0,0,1404750,0.70191941,0.8,36.46379,7.112547,,,1413,32
M'Sara,Khenchela,Commune,4194,4104,-0.22,3947,8139,39.4,90.5,1555,3572,1,0.1,,,,,0,0,,0,0,0,0,0,0,0,0,0,0,,0,0,0,0,1166250,0.582746761,0.8,35.239432,6.572628,,,1413,18
Khemissa,Souk Ahras,Commune,3619,3517,-0.29,3341,3517,44.9,93.3,1500,3117,1,0.1,,,,,0,0,,0,0,0,0,0,0,0,0,0,0,,0,0,0,0,1125000,0.562135139,0.8,36.1257,7.6602,خميسة,41023,1413,23
Taouila,Laghouat,Commune,2634,3172,1.88,4432,5618,36.6,86.7,1622,3843,1,0.1,,,,,0,0,,0,0,0,0,0,0,0,0,0,0,,0,0,0,0,1216500,0.607855464,0.8,33.854152,1.845551,,,1413,24
Maamora,Bouira,Commune,3569,3652,0.23,3806,10077,50.1,92.6,1907,3524,2,0.15,,,,,0,0,,0,0,0,0,0,0,0,0,0,0,,0,0,0,0,1430250,0.71466114,0.8,35.9979399,3.525493,المعمورة,10039,1413,39
Maala,Bouira,Commune,5806,5296,-0.92,4488,10467,41.9,93,1880,4174,2,0.15,,,,,0,0,,0,0,0,0,0,0,0,0,0,0,,0,0,0,0,1410000,0.704542708,0.8,36.4945576,3.4880279,معالة,10014,1413,39
Adekar,Béjaïa,Commune,13495,13067,-0.32,12331,28891,41.8,94.3,5154,11628,2,0.15,44,15,29,0,0,0,,0,8,8,0,0,0,0,0,0,0,SAA,0,0,0,0,3865500,1.931496338,0.79,36.7343709,4.5420287,آدكار,6024,1427,49
Lahmar,Béchar,Commune,1404,1969,3.44,3619,2459,46.9,97.5,1697,3529,0.5,0.05,,,,,0,0,,0,0,0,0,0,0,0,0,0,0,,0,0,0,0,1272750,0.635962221,0.79,31.9312184,-2.2681563,لحمر,8006,1427,16
Hammam Soukhna,Sétif,Commune,11481,13439,1.59,17843,,41.9,92.3,7875,16908,2,0.15,,,,,0,0,,1,0,0,0,0,0,0,0,0,0,,1,1,1,0,5906250,0.590241896,0.78,35.976759,5.808386,,,1429,56
Aïn Thrid,Sidi Bel Abbès,Commune,1969,2373,1.88,3320,2475,43.8,88.6,1454,2942,1,0.1,,,,,0,0,,0,0,0,0,0,0,0,0,0,0,,0,0,0,0,1090500,0.544896328,0.78,35.284671,-0.6782448,عين التريد,22015,1429,45
Souk El Thenine,Tizi Ouzou,Commune,13914,14660,0.52,16105,16546,49.1,95.2,7908,15332,2,0.15,215,136,79,0,0,0,,1,0,0,0,0,0,0,0,0,0,,1,1,1,0,5931000,0.592715291,0.78,36.6150269,5.2777913,ﺳﻮق اﻻﺛﻨﻴﻦ,6008,1429,58
Saneg,Médéa,Commune,3120,3487,1.12,4260,21966,41.6,91.1,1772,3881,2,0.15,,,,,0,0,,0,0,0,0,0,0,0,0,0,0,,0,0,0,0,1329000,0.664068978,0.78,35.8406053,2.760999,سانڨ,26064,1429,48
Boukram,Bouira,Commune,6275,5647,-1.05,4671,50120,39.1,94,1826,4391,2,0.15,1,1,0,0,0,0,,0,0,0,0,0,0,0,0,0,0,,0,0,0,0,1369500,0.684305843,0.78,36.5178782,3.2987712,بوكرام,10034,1429,41
Remila,Khenchela,Commune,5740,5606,-0.24,5373,4104,41,91.8,2203,4932,1,0.1,1,1,0,0,0,0,,0,1,1,0,0,0,0,0,0,0,SAA,0,0,0,0,1652250,0.825589141,0.77,35.5065,6.9351,الرميلة,40010,1434,19
Erg Ferradj,Béchar,Commune,4670,4406,-0.58,3968,592,40.8,88.1,1619,3496,0.5,0.05,,,,,0,0,,0,0,0,0,0,0,0,0,0,0,,0,0,0,0,1214250,0.606731194,0.77,31.0835905,-2.8630916,عرق فراج,8002,1434,17
Zoubiria,Médéa,Commune,15009,9236,-4.74,3854,5071,42.5,82.6,1638,3183,2,0.15,32,15,17,0,0,0,,0,0,0,0,0,0,0,0,0,0,,0,0,0,0,1228500,0.613851572,0.76,36.065692,2.7869199,الزبيرية,26034,1436,49
Tamesguida,Médéa,Commune,4964,4591,-0.78,3989,3367,41.1,86.2,1639,3439,2,0.15,1,1,0,0,0,0,,0,0,0,0,0,0,0,0,0,0,,0,0,0,0,1229250,0.614226329,0.76,36.3206865,2.6122974,تمزڨيدة,26015,1436,49
Iboudraren,Tizi Ouzou,Commune,6508,5398,-1.85,3855,22838,45.5,94.2,1754,3631,2,0.15,9,9,0,0,0,0,,0,0,0,0,0,0,0,0,0,0,,0,0,0,0,1315500,0.657323356,0.76,36.5115392,4.1786226,أبودرارن,15060,1436,59
Seghouane,Médéa,Commune,7599,5999,-2.34,3920,12107,43.5,92.6,1705,3630,2,0.15,23,8,15,0,0,0,,0,0,0,0,0,0,0,0,0,0,,0,0,0,0,1278750,0.638960275,0.76,35.9968593,2.8356717,سغوان,26048,1436,49
Akerrou,Tizi Ouzou,Commune,5070,4660,-0.84,4004,10313,42.8,94.4,1714,3780,2,0.15,5,5,0,0,0,0,,0,0,0,0,0,0,0,0,0,0,,0,0,0,0,1285500,0.642333086,0.76,36.8097183,4.4087242,أقرو,15044,1436,59
Aïn Kebira,Tlemcen,Commune,3512,3665,0.43,3957,15847,43.3,83.1,1713,3288,2,0.15,4,4,0,0,0,0,,0,0,0,0,0,0,0,0,0,0,,0,0,0,0,1284750,0.641958329,0.76,35.0317001,-1.686101,عين الكبيرة,13053,1436,52
Chentouf,Aïn Témouchent,Commune,2444,2839,1.51,3718,4301,44.4,91,1651,3383,2,0.15,,,,,0,0,,0,0,0,0,0,0,0,0,0,0,,0,0,0,0,1238250,0.61872341,0.76,35.2389,-1.03,شنتوف,46011,1436,28
Maaouia,Sétif,Commune,8976,7005,-2.45,4483,27996,39.1,89.3,1753,4003,2,0.15,24,24,0,0,0,0,,0,0,0,0,0,0,0,0,0,0,,0,0,0,0,1314750,0.656948599,0.76,36.3748054,5.6401895,معـاويـة,19012,1436,57
El Hassania,Aïn Defla,Commune,4389,4037,-0.83,3473,12292,41.2,70.3,1431,2442,2.5,0.175,,,,,0,0,,0,0,0,0,0,0,0,0,0,0,,0,0,0,0,1073250,0.536276923,0.75,35.8824,1.9171,الحسنية,44018,1444,35
Ras El Agba,Guelma,Commune,2348,2699,1.4,3468,5596,47,92.8,1630,3218,2,0.15,,,,,0,0,,0,0,0,0,0,0,0,0,0,0,,0,0,0,0,1222500,0.610853518,0.74,36.3734915,7.2205067,راس العقبة,24008,1445,34
Teniet En Nasr,Bordj Bou Arreridj,Commune,6808,5775,-1.63,4294,5008,37.1,96.6,1593,4148,2,0.15,,,,,0,0,,0,0,0,0,0,0,0,0,0,0,,0,0,0,0,1194750,0.596987518,0.74,36.1667,4.6005,ثنية النصر,34014,1445,32
Colla,Bordj Bou Arreridj,Commune,7963,6123,-2.59,3816,11044,39.8,95.2,1519,3633,2,0.15,,,,,0,0,,0,0,0,0,0,0,0,0,0,0,,0,0,0,0,1139250,0.569255518,0.74,36.1977,4.6609,القلة,34025,1445,32
Ouled Hellal,Médéa,Commune,3062,3367,0.95,3995,5009,39.8,82.8,1590,3308,2,0.15,,,,,0,0,,0,0,0,0,0,0,0,0,0,0,,0,0,0,0,1192500,0.595863248,0.74,36.0034964,2.3924341,أولاد هلال,26022,1445,52
Beni Chaib,Tissemsilt,Commune,3266,3494,0.68,3945,4224,39.5,85.6,1558,3377,2,0.15,,,,,0,0,,0,0,0,0,0,0,0,0,0,0,,0,0,0,0,1168500,0.583871031,0.74,35.7565,1.799,بنى شعيب,38005,1445,19
Harbil,Sétif,Commune,3650,3675,0.07,3720,20337,43.3,89.5,1611,3329,2,0.15,2,2,0,0,0,0,,0,0,0,0,0,0,0,0,0,0,,0,0,0,0,1208250,0.603733139,0.74,36.3471017,4.8497854,حربيل,19036,1445,58
Djouab,Médéa,Commune,16751,9901,-5.12,3843,7632,38.9,90.4,1495,3474,2,0.15,3,2,1,0,0,0,,0,0,0,0,0,0,0,0,0,0,,0,0,0,0,1121250,0.560261355,0.74,36.1117003,3.3535741,جواب,26037,1445,52
Beni Ksila,Béjaïa,Commune,4586,4385,-0.45,4045,13775,39.6,96.9,1602,3920,2,0.15,20,19,1,0,0,0,,0,0,0,0,0,0,0,0,0,0,,0,0,0,0,1201500,0.600360329,0.74,36.8280602,4.6309708,بنى كسيلة,6035,1445,50
Hannacha,Médéa,Commune,5784,4882,-1.68,3598,64820,41.2,92.4,1482,3325,2,0.15,,,,,0,0,,0,0,0,0,0,0,0,0,0,0,,0,0,0,0,1111500,0.555389517,0.73,36.1693058,2.5216172,حناشة,26060,1453,54
Melaab,Tissemsilt,Commune,3301,3447,0.43,3726,5213,39.8,81.1,1483,3022,2,0.15,,,,,0,0,,0,0,0,0,0,0,0,0,0,0,,0,0,0,0,1112250,0.555764274,0.73,35.6517,1.3321,ملعب,38007,1453,20
Bab Ezzouar,El Djazaïr [Algiers],Commune,92157,96597,0.47,105135,,48,93.35,29822.5,57347,4,0.25,,,,,0,1,ZA,1,11,1,1,2,4,0,1,2,0,SAA|ALLIANCE|AXA|CAAR|CASH|CIAR,1,1,7,0,22366875,2.235236692,0.72,36.722007,3.185629,,,1455,49
Taoudmout,Sidi Bel Abbès,Commune,1991,2343,1.64,3141,6043,42.2,86,1326,2701,1,0.1,,,,,0,0,,0,0,0,0,0,0,0,0,0,0,,0,0,0,0,994500,0.496927463,0.71,34.5881382,-0.1211071,تاودموت,22049,1456,46
Beni Bahdel,Tlemcen,Commune,2660,2801,0.52,3074,2801,44.5,93,1368,2859,1,0.1,,,,,0,0,,0,0,0,0,0,0,0,0,0,0,,0,0,0,0,1026000,0.512667247,0.71,34.7114024,-1.5174008,بني بهدل,13042,1456,53
Branis,Biskra,Commune,4976,4273,-1.51,3248,10107,41.3,93.9,1341,3050,1,0.1,3,3,0,0,0,0,,0,0,0,0,0,0,0,0,0,0,,0,0,0,0,1005750,0.502548814,0.71,34.9709574,5.6412543,البرانس,7003,1456,33
Makedra,Sidi Bel Abbès,Commune,2128,2475,1.52,3248,10049,43,90.9,1397,2952,1,0.1,,,,,0,0,,0,0,0,0,0,0,0,0,0,0,,0,0,0,0,1047750,0.523535193,0.71,35.4412149,-0.4348398,مكدرة,22016,1456,46
Sidi Semiane,Tipaza,Commune,2978,2930,-0.16,2846,23397,41.1,85.6,1170,2436,4,0.25,,,,,0,0,,0,0,0,0,0,0,0,0,0,0,,0,0,0,0,877500,0.438465409,0.7,36.4401,2.0984,سيدي سميان,42040,1460,28
El Gaada,Mascara,Commune,4119,4336,0.51,4756,8549,43.8,73.1,2083,3477,2,0.15,,,,,0,0,,0,1,1,0,0,0,0,0,0,0,SAA,0,0,0,0,1562250,0.78061833,0.69,35.4685,-0.184,القعدة,29029,1461,44
Baba Hassen,El Djazaïr [Algiers],Commune,13827,23756,5.56,62930,3763,47.8,88.2,30081,55504,4,0.25,736,325,408,3,0,0,,2,4,2,1,1,0,0,0,0,0,SAA|ALLIANCE|AXA,1,2,4,0,22560750,2.254611616,0.68,36.6959627,2.9591094,بابا حسن,16055,1462,50
Djerma,Batna,Commune,3063,3436,1.16,4226,4355,45.4,84.9,1919,3588,1,0.1,1,1,0,0,0,0,,0,2,2,0,0,0,0,0,0,0,SAA,0,0,0,0,1439250,0.719158221,0.67,35.6853933,6.2267778,جرمة,5013,1463,56
Tafissour,Sidi Bel Abbès,Commune,1864,2515,3.04,4312,11293,43.2,88.9,1863,3833,1,0.1,,,,,0,0,,0,1,1,0,0,0,0,0,0,0,SAA,0,0,0,0,1397250,0.698171843,0.67,34.6926458,-0.2074045,تفسور,22011,1463,48
Yatafen,Tizi Ouzou,Commune,4957,4016,-2.08,2749,10301,47.8,95.1,1314,2614,2,0.15,7,4,3,0,0,0,,0,0,0,0,0,0,0,0,0,0,,0,0,0,0,985500,0.492430382,0.65,36.5076873,4.2052774,يطافن,15045,1465,61
Chréa,Blida,Commune,454,783,5.6,2088,52555,50.5,93.7,1054,1956,4,0.25,1,1,0,0,0,0,,0,0,0,0,0,0,0,0,0,0,,0,0,0,0,790500,0.394993624,0.65,36.4254896,2.8286336,الشريعة,9008,1465,24
Ferraguig,Mascara,Commune,2379,2565,0.76,2937,21850,42.9,89.9,1260,2640,2,0.15,,,,,0,0,,0,0,0,0,0,0,0,0,0,0,,0,0,0,0,945000,0.472193517,0.65,35.4685,0.1538,فرقيق,29033,1465,45
Aïn Diss,Oum El Bouaghi,Commune,2741,2767,0.09,2814,4169,45.1,79.1,1269,2226,1,0.1,,,,,0,0,,0,0,0,0,0,0,0,0,0,0,,0,0,0,0,951750,0.475566328,0.65,35.8101391,7.2888545,عين الديس,4015,1465,27
Rebaia,Médéa,Commune,7223,5346,-2.96,3110,4318,39.7,89.3,1235,2777,2,0.15,3,0,3,0,0,0,,0,0,0,0,0,0,0,0,0,0,,0,0,0,0,926250,0.462824598,0.65,36.0223957,3.0759976,الربعية,26020,1465,55
Boudjebaa El Bordj,Sidi Bel Abbès,Commune,3169,3126,-0.14,3050,2338,41.7,90.7,1272,2766,1,0.1,,,,,0,0,,0,0,0,0,0,0,0,0,0,0,,0,0,0,0,954000,0.476690598,0.65,35.3519121,-0.3280353,بوجبهة البرج,22038,1465,49
Mahelma,El Djazaïr [Algiers],Commune,14810,20758,3.43,38117,44141,46.6,92.4,17763,35220,4,0.25,424,352,72,0,0,0,,1,1,0,0,0,0,0,0,1,0,CIAR,1,1,2,0,13322250,1.331360864,0.65,36.6721514,2.8158789,محالمة,16047,1465,51
Oued Taourira,Sidi Bel Abbès,Commune,839,1249,4.06,2556,5163,46.1,92.8,1178,2372,1,0.1,,,,,0,0,,0,0,0,0,0,0,0,0,0,0,,0,0,0,0,883500,0.441463463,0.64,34.8024792,-0.3307029,واد تاوريرة,22031,1472,50
Ouled Sidi Brahim,M'Sila,Commune,10188,10716,0.51,11736,4116,42.8,73.6,1203,2069,1,0.1,,,,,0,0,,0,0,0,0,0,0,0,0,0,0,,0,0,0,0,902250,0.450832382,0.64,35.3495826,3.9983262,أولاد سيدي ابراهيم,28021,1472,46
Aïn Fares,M'Sila,Commune,3563,3184,-1.12,2600,16251,45.8,92.1,1191,2395,2,0.15,20,20,0,0,0,0,,0,0,0,0,0,0,0,0,0,0,,0,0,0,0,893250,0.4463353,0.63,34.742717,4.3576134,عين فارس,28037,1474,47
Ouled Sidi Brahim,Bordj Bou Arreridj,Commune,2648,2705,0.21,2811,4116,42.8,73.6,1203,2069,2,0.15,,,,,0,0,,0,0,0,0,0,0,0,0,0,0,,0,0,0,0,902250,0.450832382,0.63,35.3495826,3.9983262,أولاد سيدي ابراهيم,28021,1474,34
Guerdjoum,Mascara,Commune,2341,2549,0.85,2971,37315,40.3,90.6,1197,2692,2,0.15,,,,,0,0,,0,0,0,0,0,0,0,0,0,0,,0,0,0,0,897750,0.448583841,0.63,35.179917,0.071249,,,1474,46
El Oueldja,Khenchela,Commune,3357,3124,-0.72,2745,38706,43.3,92.3,1189,2534,2,0.15,25,19,5,1,0,0,,0,0,0,0,0,0,0,0,0,0,,0,0,0,0,891750,0.445585787,0.63,34.851,6.6797,الولجة,40009,1474,20
Ridane,Bouira,Commune,3029,3268,0.76,3747,11016,44.2,90.7,1656,3399,2,0.15,,,,,0,0,,0,1,0,0,0,0,1,0,0,0,CAAT,0,0,0,0,1242000,0.620597194,0.59,36.0701573,3.399751,ريدان,10032,1478,42
Beni Ziki,Tizi Ouzou,Commune,3943,3832,-0.29,3640,24237,46.9,93.6,1707,3407,2,0.15,22,22,0,0,0,0,,0,1,1,0,0,0,0,0,0,0,SAA,0,0,0,0,1280250,0.639709788,0.59,36.5577577,4.4700776,بنى زيكى,15046,1478,62
Madna,Tiaret,Commune,2681,2935,0.91,3454,9273,42,83.3,1451,2877,1,0.1,,,,,0,0,,0,1,1,0,0,0,0,0,0,0,SAA,0,0,0,0,1088250,0.543772058,0.59,35.3599899,1.3916159,مادنة,14010,1478,41
Oum El Djalil,Médéa,Commune,3664,3625,-0.11,3556,16939,42.2,84.9,1501,3019,2,0.15,,,,,0,0,,0,1,1,0,0,0,0,0,0,0,SAA,0,0,0,0,1125750,0.562509896,0.58,35.8304434,2.6069329,أم الجليل,26042,1481,56
Sebaa,Adrar,Commune,1989,2312,1.52,3031,4493,37.2,45.5,1128,1379,2,0.15,,,,,0,0,,0,0,0,0,0,0,0,0,0,0,,0,0,0,0,846000,0.422725625,0.58,28.215018,-0.173775,,,1481,28
Djellal,Khenchela,Commune,3637,3089,-1.62,2302,5752,45.8,83.3,1054,1918,1,0.1,,,,,0,0,,0,0,0,0,0,0,0,0,0,0,,0,0,0,0,790500,0.394993624,0.58,34.8533,6.8994,جلال,40012,1481,21
Ouled Antar,Médéa,Commune,2033,2216,0.87,2588,71238,43.6,92.2,1128,2386,2,0.15,1,1,0,0,0,0,,0,0,0,0,0,0,0,0,0,0,,0,0,0,0,846000,0.422725625,0.58,35.9546472,2.5264159,أولاد عنتر,26058,1481,56
Safel El Ouiden,Souk Ahras,Commune,3004,2731,-0.95,2301,2731,46.5,90.5,1070,2082,1,0.1,,,,,0,0,,0,0,0,0,0,0,0,0,0,0,,0,0,0,0,802500,0.400989733,0.58,35.9213,7.4625,سافل الويدان,41021,1481,24
Zekri,Tizi Ouzou,Commune,3666,3283,-1.1,2692,14439,41.9,95.1,1128,2560,2,0.15,2,2,0,0,0,0,,0,0,0,0,0,0,0,0,0,0,,0,0,0,0,846000,0.422725625,0.58,36.7845712,4.5092844,زكري,15023,1481,63
Zbarbar,Bouira,Commune,4525,3768,-1.81,2710,10562,37,86.5,1003,2344,2,0.15,,,,,0,0,,0,0,0,0,0,0,0,0,0,0,,0,0,0,0,752250,0.37588103,0.58,36.4732903,3.4459708,زبربر,10024,1481,43
El Bnoud,El Bayadh,Commune,1195,1607,3.01,2739,8071,40.7,94.7,1115,2594,2,0.15,,,,,0,0,,0,0,0,0,0,0,0,0,0,0,,0,0,0,0,836250,0.417853787,0.58,32.2453,0.2444,البنود,32016,1481,20
Maafa,Batna,Commune,2780,2880,0.35,3069,27493,38,95,1166,2916,1,0.1,1,1,0,0,0,0,,0,0,0,0,0,0,0,0,0,0,,0,0,0,0,874500,0.436966382,0.58,35.2770359,5.8156273,معافة,5003,1481,57
Youssoufia,Tissemsilt,Commune,2040,2254,1,2697,52320,40.8,89.9,1100,2425,2,0.15,,,,,0,0,,0,0,0,0,0,0,0,0,0,0,,0,0,0,0,825000,0.412232435,0.58,35.8857,2.1121,اليوسفية,38014,1481,21
Sehala Thaoura,Sidi Bel Abbès,Commune,2322,2338,0.07,2367,4485,48.8,91.4,1155,2163,1,0.1,,,,,0,0,,0,0,0,0,0,0,0,0,0,0,,0,0,0,0,866250,0.432844057,0.58,35.2240535,-0.929592,سهالة الثورة,22039,1481,51
El Mezeraa,Tébessa,Commune,5145,4251,-1.89,3015,9456,37.7,91.3,1137,2753,1,0.1,,,,,0,0,,0,0,0,0,0,0,0,0,0,0,,0,0,0,0,852750,0.426098435,0.58,35.262764,7.576787,,,1481,28
El Hakimia,Bouira,Commune,2213,2212,0,2210,3768,48,90.9,1061,2009,2,0.15,,,,,0,0,,0,0,0,0,0,0,0,0,0,0,,0,0,0,0,795750,0.397616922,0.58,36.0907204,3.72668,الحاكمية,10020,1481,43
Hidoussa,Batna,Commune,2529,2378,-0.61,2129,11828,40.7,90.5,867,1927,1,0.1,1,1,0,0,0,0,,0,0,0,0,0,0,0,0,0,0,,0,0,0,0,650250,0.32491411,0.57,35.528608,5.7812335,حيدوسة,5046,1494,58
Sebseb,Ghardaïa,Commune,2428,2437,0.04,2453,11784,40.6,95.1,996,2333,1,0.1,,,,,0,0,,0,0,0,0,0,0,0,0,0,0,,0,0,0,0,747000,0.373257732,0.57,32.0965,3.5898,سبسب,47009,1494,13
Tamokra,Béjaïa,Commune,5159,4015,-2.48,2557,7941,33.5,94.1,857,2406,2,0.15,,,,,0,0,,0,0,0,0,0,0,0,0,0,0,,0,0,0,0,642750,0.321166543,0.57,36.3916342,4.5814411,تامقرة,6006,1494,51
Aïn Kada,Sidi Bel Abbès,Commune,1852,1985,0.7,2249,3499,43.9,92,987,2069,1,0.1,,,,,0,0,,0,0,0,0,0,0,0,0,0,0,,0,0,0,0,740250,0.369884922,0.57,35.1368876,-0.8607745,عين قادة,22025,1494,52
Zouabi,Souk Ahras,Commune,3332,2792,-1.75,2031,2792,42.4,82.8,861,1682,1,0.1,,,,,0,0,,0,0,0,0,0,0,0,0,0,0,,0,0,0,0,645750,0.32266557,0.57,36.0524,7.4432,الزوابى,41026,1494,25
El Belala,Oum El Bouaghi,Commune,2566,2477,-0.35,2325,11439,39,88.3,907,2053,2,0.15,6,6,0,0,0,0,,0,0,0,0,0,0,0,0,0,0,,0,0,0,0,680250,0.339904381,0.57,35.6660914,7.7837598,البلالة,4007,1494,28
El Mokrani,Bouira,Commune,4856,3961,-2.02,2745,9954,34.8,91,955,2498,2,0.15,2,2,0,0,0,0,,0,0,0,0,0,0,0,0,0,0,,0,0,0,0,716250,0.357892705,0.57,36.4249768,3.5341619,المقراني,10044,1494,45
Souhane,Blida,Commune,101,260,9.92,1426,83819,50.3,93.2,717,1329,4,0.25,,,,,0,0,,0,0,0,0,0,0,0,0,0,0,,0,0,0,0,537750,0.268700597,0.56,36.5263305,3.1705831,صوحان,9017,1501,25
Beni Ikhlef,Béchar,Commune,2280,2459,0.76,2817,13492,38.6,94.6,1087,2665,0.5,0.05,,,,,0,0,,0,0,0,0,0,0,0,0,0,0,,0,0,0,0,815250,0.407360598,0.56,29.5802183,-1.6128088,بني يخلف,8008,1501,18
El Hamdania,Médéa,Commune,1524,1264,-1.85,903,8901,43.6,87.9,394,794,3,0.2,1,0,1,0,0,0,,0,0,0,0,0,0,0,0,0,0,,0,0,0,0,295500,0.147654163,0.56,36.3465239,2.7878641,الحمدانية,26016,1501,58
Aïn Zouit,Skikda,Commune,2230,1977,-1.2,1592,1977,53.5,93.2,852,1484,2,0.15,,,,,0,0,,0,0,0,0,0,0,0,0,0,0,,0,0,0,0,639000,0.319292759,0.55,36.8887165,6.7802703,عين زويت,21002,1504,38
Sidi Ziane,Médéa,Commune,3282,2671,-2.04,1843,11633,46.3,96.4,853,1777,2,0.15,,,,,0,0,,0,0,0,0,0,0,0,0,0,0,,0,0,0,0,639750,0.319667516,0.55,36.0275429,3.1710122,سيدي زيان,26014,1504,59
Sidi Slimane,Tissemsilt,Commune,7328,8461,1.45,10960,10194,34.6,91.3,811,2139,2,0.15,1,1,0,0,0,0,,0,0,0,0,0,0,0,0,0,0,,0,0,0,0,608250,0.303927732,0.55,33.2238,6.0919,سيدي سليمان,30010,1504,22
Aïn Frass,Mascara,Commune,1628,1747,0.71,1984,2512,42.9,88.3,851,1752,2,0.15,3,3,0,0,0,0,,0,0,0,0,0,0,0,0,0,0,,0,0,0,0,638250,0.318918002,0.55,35.1255,-0.1511,عين فراس,29025,1504,47
Sidi Slimane,Ouargla,Commune,6822,8072,1.7,10927,10194,34.6,91.3,811,2139,2,0.15,1,1,0,0,0,0,,0,0,0,0,0,0,0,0,0,0,,0,0,0,0,608250,0.303927732,0.55,33.2238,6.0919,سيدي سليمان,30010,1504,21
Sidi Slimane,El Bayadh,Commune,1563,1806,1.46,2343,10194,34.6,91.3,811,2139,2,0.15,1,1,0,0,0,0,,0,0,0,0,0,0,0,0,0,0,,0,0,0,0,608250,0.303927732,0.55,33.2238,6.0919,سيدي سليمان,30010,1504,21
Kendira,Béjaïa,Commune,6687,5364,-2.18,3607,8602,39.8,96.6,1436,3484,2,0.15,13,13,0,0,0,0,,0,1,1,0,0,0,0,0,0,0,SAA,0,0,0,0,1077000,0.538150707,0.52,36.5568449,4.948437,كنديرة,6013,1510,52
Boumia,Batna,Commune,747,854,1.35,1087,3689,58.3,82.3,634,895,1,0.1,,,,,0,0,,0,0,0,0,0,0,0,0,0,0,,0,0,0,0,475500,0.237595785,0.5,35.7041224,6.3963578,بومية,5059,1511,59
Aïn Chouhada,Djelfa,Commune,8337,4549,-5.88,1529,9940,40.1,70.7,613,1081,1,0.1,,,,,0,0,,0,0,0,0,0,0,0,0,0,0,,0,0,0,0,459750,0.229725894,0.5,34.2421928,2.510569,عين الشهداء,17023,1511,36
Behir Chergui,Oum El Bouaghi,Commune,1870,1904,0.18,1967,16129,41,93.5,806,1839,1,0.1,,,,,0,0,,0,0,0,0,0,0,0,0,0,0,,0,0,0,0,604500,0.302053948,0.5,35.7937891,7.7132713,بحير الشرڨي,4004,1511,29
Sidi Zahar,Médéa,Commune,8018,4318,-6,1417,8432,37.1,95.8,526,1357,2,0.15,1,0,1,0,0,0,,0,0,0,0,0,0,0,0,0,0,,0,0,0,0,394500,0.197122055,0.49,36.0709876,3.2656834,سيدي زهار,26028,1514,60
Selma Benziada,Jijel,Commune,1564,920,-5.17,354,920,38.6,93.1,137,330,2,0.15,,,,,0,0,,0,0,0,0,0,0,0,0,0,0,,0,0,0,0,102750,0.051341676,0.49,36.6505425,5.5628345,سلمى بن زيادة,18018,1514,28
Aïn El Orak,El Bayadh,Commune,1990,1424,-3.29,780,1607,42.9,80.6,335,629,2,0.15,,,,,0,0,,0,0,0,0,0,0,0,0,0,0,,0,0,0,0,251250,0.125543514,0.49,33.3443,0.7388,عين العراك,32008,1514,22
El Ouldja,Relizane,Commune,3968,1938,-6.92,534,5630,58.9,93.1,315,497,2,0.15,,,,,0,0,,0,0,0,0,0,0,0,0,0,0,,0,0,0,0,236250,0.118048379,0.49,36.0876231,5.8494875,الولجـة,19059,1514,38
El Ouldja,Sétif,Commune,8921,8592,-0.38,8030,5630,58.9,93.1,315,497,2,0.15,,,,,0,0,,0,0,0,0,0,0,0,0,0,0,,0,0,0,0,236250,0.118048379,0.49,36.0876231,5.8494875,الولجـة,19059,1514,59
Baata,Médéa,Commune,3192,856,-12.33,80,15536,33.1,91,26,73,2,0.15,,,,,0,0,,0,0,0,0,0,0,0,0,0,0,,0,0,0,0,19500,0.009743676,0.49,36.3720772,3.059561,بعطة,26024,1514,60
Deux Bassins,Médéa,Commune,5019,3487,-3.58,1810,7690,39.5,93.4,715,1691,2,0.15,,,,,0,0,,0,0,0,0,0,0,0,0,0,0,,0,0,0,0,536250,0.267951083,0.49,36.4676678,3.2670586,فج الحوضين,26053,1514,60
Ouled Bouachra,Médéa,Commune,1446,890,-4.74,372,67813,43.4,95.8,161,356,2,0.15,1,1,0,0,0,0,,0,0,0,0,0,0,0,0,0,0,,0,0,0,0,120750,0.060335838,0.49,36.0987018,2.6346133,أولاد بوعشرة,26027,1514,60
Boukaïs,Béchar,Commune,890,970,0.86,1133,13636,42.7,96.3,484,1091,0.5,0.05,,,,,0,0,,0,0,0,0,0,0,0,0,0,0,,0,0,0,0,363000,0.181382272,0.47,31.9230182,-2.4714058,بوكايس,8015,1522,19
Mougheul,Béchar,Commune,682,635,-0.71,558,5028,45.9,96.2,256,537,0.5,0.05,,,,,0,0,,0,0,0,0,0,0,0,0,0,0,,0,0,0,0,192000,0.09593773,0.47,32.023348,-2.218247,,,1522,19
Meridja,Béchar,Commune,532,592,1.07,718,1969,56.7,96.7,407,694,0.5,0.05,,,,,0,0,,0,0,0,0,0,0,0,0,0,0,,0,0,0,0,305250,0.152526001,0.47,31.5494045,-2.95583,مريجة,8004,1522,19
Ouled Moumen,Souk Ahras,Commune,5688,4682,-1.93,3298,4682,38.9,84.6,1283,2790,1,0.1,,,,,0,0,,0,1,1,0,0,0,0,0,0,0,SAA,0,0,0,0,962250,0.480812922,0.46,36.3472,8.399,أولاد مؤمن,41013,1525,26
Sebt,Tiaret,Commune,1283,1569,2.03,2254,15482,43.8,88.2,987,1988,1,0.1,,,,,0,0,,0,1,1,0,0,0,0,0,0,0,SAA,0,0,0,0,740250,0.369884922,0.38,35.3599899,1.3916159,السبت,14011,1526,42
Aissaouia,Médéa,Commune,6507,3763,-5.33,1404,19711,31.4,92.2,441,1294,2,0.15,,,,,0,0,,0,2,2,0,0,0,0,0,0,0,SAA,0,0,0,0,330750,0.165267731,0.33,36.4109256,3.1566785,العيساوية,26005,1527,64
Birtouta,El Djazaïr [Algiers],Commune,21808,30575,3.44,56172,61984,46.8,94.1,26288,52858,4,0.25,950,385,553,12,0,0,,1,4,3,0,1,0,0,0,0,0,SAA|AXA,1,1,3,0,19716000,1.970321138,0.33,36.6424589,2.9745906,بئر توتة,16034,1527,52
Abi Youcef,Tizi Ouzou,Commune,7743,7693,-0.06,7604,4306,42.3,95.4,3216,7254,2,0.15,6,6,0,0,0,0,,0,18,18,0,0,0,0,0,0,0,SAA,0,0,0,0,2412000,1.205217738,0.26,36.524679,4.3011139,أبي يوسف,15031,1529,64
Aït Toudert,Tizi Ouzou,Commune,9723,8521,-1.31,6719,64732,52.9,94.5,3554,6349,2,0.15,5,5,0,0,0,0,,0,8,8,0,0,0,0,0,0,0,SAA,0,0,0,0,2665500,1.331885523,0.25,36.5308324,4.1318418,أيت تودرت,15067,1530,65
Tigzirt,Tizi Ouzou,Commune,10414,11962,1.4,15351,8790,47.2,91.4,7246,14031,1,0.1,1200,1195,1,4,0,0,,1,2,0,0,1,0,0,0,1,0,AXA|CIAR,1,1,1,0,5434500,0.543097496,0.18,36.8639518,4.1020626,تقزيرت,15038,1531,66
Azazga,Tizi Ouzou,Commune,30911,34683,1.16,42670,17161,48.2,94.4,20567,40280,2,0.15,602,579,23,0,0,0,,1,3,0,0,1,1,0,0,1,0,AXA|CAAR|CIAR,1,1,2,0,15425250,1.541524454,0,36.7422819,4.3001578,عزازقة,15018,1532,67
Beni Ourtilane,Sétif,Commune,11969,10591,-1.22,8498,,41.9,92.3,7875,16908,2,0.15,,,,,0,0,,1,1,1,0,0,0,0,0,0,0,SAA,1,1,0,0,5906250,0.590241896,0,36.442259,4.855742,,,1532,60
Bouzereah,El Djazaïr [Algiers],Commune,69153,83797,1.94,118408,,48,93.35,29822.5,57347,4,0.25,,,,,0,0,,1,10,6,1,0,1,0,0,2,0,SAA|ALLIANCE|CAAR|CIAR,1,1,7,0,22366875,2.235236692,0,36.77908,3.005828,,,1532,53
Kouba,El Djazaïr [Algiers],Commune,105253,104708,-0.05,103734,18838,47.8,95.6,49585,99170,2,0.15,1274,1050,224,0,0,0,,4,15,2,2,2,2,0,1,5,1,SAA|ALLIANCE|AXA|CAAR|CASH|CIAR|TRUST,1,4,6,0,37188750,3.716462783,0,36.7241467,3.0598317,القبة,16018,1532,53
Souidania,El Djazaïr [Algiers],Commune,11620,17105,3.94,34306,23756,49.4,94.8,16947,32522,2,0.15,331,277,49,5,0,0,,3,2,1,0,0,0,1,0,0,0,SAA|CAAT,1,3,2,0,12710250,1.27020056,0,36.7112067,2.8684395,سويدانية,16049,1532,53
Aïn Benian,El Djazaïr [Algiers],Commune,52343,68354,2.7,110508,108580,43.5,94.3,3183,6901,4,0.25,,,,,0,0,,1,13,6,2,2,1,0,0,2,0,SAA|ALLIANCE|AXA|CAAR|CIAR,1,1,7,0,2387250,0.238570153,0,36.7941279,2.9099606,عين بنيان,16044,1532,53
El Harrach,El Djazaïr [Algiers],Commune,48167,48869,0.14,50158,40698,46.5,94.5,23323,47399,4,0.25,488,275,210,3,0,1,ZA divers,1,10,3,2,1,1,0,0,3,0,SAA|ALLIANCE|AXA|CAAR|CIAR,1,1,3,0,17492250,1.74809038,0,36.7120702,3.1217531,الحراش,16013,1532,53
Ouled Aouf,Batna,Commune,1411,1724,2.02,2473,11161,48.9,92,1209,2275,1,0.1,,,,,0,0,,1,0,0,0,0,0,0,0,0,0,,1,1,0,0,906750,0.090616184,0,35.4740373,5.7172224,أولاد عوف,5040,1532,60
Aïn Benian,Aïn Defla,Commune,4677,5488,1.61,7318,108580,43.5,94.3,3183,6901,2.5,0.175,,,,,0,0,,1,13,6,2,2,1,0,0,2,0,SAA|ALLIANCE|AXA|CAAR|CIAR,1,1,0,0,2387250,0.238570153,0,36.7941279,2.9099606,عين بنيان,16044,1532,36
